Field,ID,Type (Type),default,en-us,tr,sq,am,ar,hy,az-latn,be,bn,bs-latn,bg,ca,zh-hans,zh-hant,hr,cs,da,nl,et,fi,fr,ka,de,el,gu,he,hi,hu,is,id,it,ja,kn,kk,ko,ku-arab,lv,lt,mk,ml,mr,nb,pl,pt-br,pt,pa,ro,ru,sr-latn,si,sk,sl,es,es-419,sw,sv,ta,te,th,uk,ur,uz-latn,vi
Description,2,Text,,"Paint Trek is a 2D shooter game where your goal is to survive waves of enemies and defeat powerful bosses. The game offers 10 levels — each with its own boss — and features 19 unique types of enemies.

You can collect 4 different types of diamonds and 6 kinds of weapons throughout the game. Each diamond type gives you special abilities to help you handle your enemies. (Items and enemies are explained in the Extra Menu.)

🎵 The Extra Menu also allows you to listen to the full game soundtrack. Each level comes with a different song that adds to the atmosphere of your space adventure.

🕹️ In addition, the game features two different screen size options (Normal and Wide) and customizable control settings via the Controller Menu to best suit your play style.

At first, the game might feel a bit hard, but with some practice, you'll get used to it. If you consider yourself a classic shooter fan, you'll feel right at home.
Tip: You don’t have to shoot every enemy you see — sometimes dodging is the best tactic.

✨ Paint Trek is a fun and safe experience especially suited for younger players. Enjoy this colorful space journey together with your children!","Paint Trek, klasik tarzda bir 2D uzay savaş oyunudur. Amacınız; karşınıza çıkan düşmanları yok ederek bölümleri geçmek ve her seviyenin sonunda güçlü patronlarla (bosslarla) yüzleşmektir.

Toplamda 10 bölüm, 19 farklı düşman, 4 elmas türü ve 6 silah çeşidi ile oyun; aksiyon, strateji ve eğlenceyi bir araya getiriyor. Oyunda topladığınız elmaslar, farklı yetenekler kazandırarak sizi düşmanlara karşı güçlendirir. Her bir elmas tarzı, farklı bir oyun deneyimi sunar. Silah paketleriyle saldırı gücünüzü artırabilir, her seviyeye özel hazırlanmış müziklerle atmosferin tadını çıkarabilirsiniz.

🎵 Tüm müzikleri Extra Menü üzerinden dinleyebilir, düşman ve eşya bilgilerine buradan ulaşabilirsiniz.

🕹️ Ayrıca, oyunda iki farklı ekran boyutu seçeneği (Normal ve Geniş) ve özelleştirilebilir kontrol ayarları mevcuttur. Kontrollerin yerini Controller Menüsü üzerinden değiştirebilir, oyunu size en uygun şekilde oynayabilirsiniz.

İlk başta zor gibi görünse de kontroller alışıldıkça oyun çok daha keyifli bir hale geliyor. Özellikle klasik oyun tarzına ilgi duyanlar için birebir!

✨ Paint Trek, küçük yaştaki oyuncuların da keyifle oynayabileceği renkli ve güvenli bir oyun ortamı sunar. Çocuklarınızla birlikte bu eğlenceli uzay macerasını deneyimleyin ve birlikte vakit geçirin!","Paint Trek është një lojë qitjeje 2D ku qëllimi juaj është të mbijetoni nga valët e armiqve dhe të mposhtni bosët e fuqishëm. Loja ofron 10 nivele — secili me bosin e tij — dhe përmban 19 lloje unike armiqsh.

Gjatë lojës mund të mblidhni 4 lloje të ndryshme diamantësh dhe 6 lloje armësh. Çdo lloj diamanti ju jep aftësi të veçanta. (Artikujt dhe armiqtë shpjegohen në Menynë Extra.)

🎵 Menyja Extra ju lejon gjithashtu të dëgjoni kolonën zanore të plotë të lojës.

Këshillë: Nuk keni nevojë të qëlloni çdo armik që shihni — ndonjëherë shmangia është taktika më e mirë.

✨ Paint Trek është një përvojë argëtuese dhe e sigurt, veçanërisht e përshtatshme për lojtarët e rinj. Shijoni këtë udhëtim hapësinor plot ngjyra së bashku me fëmijët tuaj!","Paint Trek የጠላቶችን ማዕበል መትረፍ እና ኃይለኛ ቦሶችን ማሸነፍ ግብዎ የሆነበት የ2D ተኳሽ ጨዋታ ነው። ጨዋታው 10 ደረጃዎችን ያቀርባል — እያንዳንዳቸው የራሳቸው አለቃ አላቸው — እና 19 ልዩ የጠላት ዓይነቶችን ያካትታል።

በጨዋታው ውስጥ 4 የተለያዩ የዳይመንድ ዓይነቶችን እና 6 ዓይነት መሳሪያዎችን መሰብሰብ ይችላሉ። እያንዳንዱ የዳይመንድ ዓይነት ጠላቶችን ለመቋቋም የሚረዱ ልዩ ችሎታዎችን ይሰጥዎታል። (ዕቃዎች እና ጠላቶች በ Extra Menu ውስጥ ተብራርተዋል።)

🎵 Extra Menu ሙሉ የጨዋታውን የሙዚቃ ቅንብር ለማዳመጥ ያስችልዎታል።

ጠቃሚ ምክር፡ የሚያዩትን ጠላት ሁሉ መተኮስ የለብዎትም — አንዳንድ ጊዜ ማምለጥ ምርጡ ስልት ነው።

✨ Paint Trek በተለይ ለህፃናት ተጫዋቾች ተስማሚ የሆነ አስደሳች እና አስተማማኝ ተሞክሮ ነው። ከልጆችዎ ጋር በዚህ በቀለማት ያሸበረቀ የጠፈር ጉዞ ይደሰቱ!","Paint Trek هي لعبة تصويب ثنائية الأبعاد (2D) حيث هدفك هو البقاء على قيد الحياة ضد موجات الأعداء وهزيمة الزعماء الأقوياء. تقدم اللعبة 10 مستويات — لكل منها زعيم خاص به — وتضم 19 نوعاً فريداً من الأعداء.

يمكنك جمع 4 أنواع مختلفة من الماس و6 أنواع من الأسلحة طوال اللعبة. يمنحك كل نوع من الماس قدرات خاصة لمساعدتك في مواجهة الأعداء. (يتم شرح العناصر والأعداء في القائمة الإضافية Extra Menu).

🎵 تتيح لك القائمة الإضافية أيضاً الاستماع إلى الموسيقى التصويرية الكاملة للعبة. يأتي كل مستوى مع أغنية مختلفة تزيد من روعة مغامرتك الفضائية.

في البداية، قد تبدو اللعبة صعبة بعض الشيء، ولكن مع بعض التدريب، ستعتاد عليها بسرعة. إذا كنت من عشاق الألعاب الكلاسيكية، فستستمتع بها بالتأكيد.
نصيحة: لست مضطراً لإطلاق النار على كل عدو تراه — أحياناً يكون المراوغة أفضل تكتيك.

✨ Paint Trek هي تجربة ممتعة وآمنة ومناسبة بشكل خاص للاعبين الصغار. استمتع بهذه الرحلة الفضائية الملونة مع أطفالك!","Paint Trek-ը 2D հրաձիգ խաղ է, որտեղ ձեր նպատակն է գոյատևել թշնամիների ալիքներից և հաղթել հզոր բոսերին: Խաղն առաջարկում է 10 մակարդակ՝ յուրաքանչյուրն իր բոսով, և ներառում է 19 եզակի տեսակի թշնամիներ:

Խաղի ընթացքում դուք կարող եք հավաքել 4 տարբեր տեսակի ադամանդներ և 6 տեսակի զենք: Յուրաքանչյուր ադամանդ տալիս է հատուկ ունակություններ: (Իրերը և թշնամիները բացատրված են Էքստրա Մենյուում):

🎵 Էքստրա Մենյուն թույլ է տալիս նաև լսել խաղի ամբողջական սաունդթրեքը:

Խորհուրդ. Պարտադիր չէ կրակել յուրաքանչյուր թշնամու վրա. երբեմն խուսափելը լավագույն մարտավարությունն է:

✨ Paint Trek-ը զվարճալի և անվտանգ խաղ է, որը հատկապես հարմար է երեխաների համար: Վայելեք այս գունագեղ տիեզերական ճանապարհորդությունը ձեր երեխաների հետ միասին:","Paint Trek 2D atıcı oyunudur, burada məqsədiniz düşmən dalğalarından sağ çıxmaq və güclü bossları məğlub etməkdir. Oyun 10 səviyyə təklif edir — hər birində öz bossu var — və 19 unikal düşmən növünə malikdir.

Oyun boyu 4 müxtəlif almaz növü və 6 növ silah toplaya bilərsiniz. Hər bir almaz növü sizə xüsusi qabiliyyətlər verir. (Əşyalar və düşmənlər Ekstra Menyu bölməsində izah olunur.)

🎵 Ekstra Menyu həmçinin oyunun tam musiqisini dinləməyə imkan verir.

Məsləhət: Gördüyünüz hər düşmənə atəş açmaq məcburiyyətində deyilsiniz — bəzən yayınmaq ən yaxşı taktikadır.

✨ Paint Trek xüsusilə azyaşlı oyunçular üçün uyğun olan əyləncəli və təhlükəsiz təcrübədir. Uşaqlarınızla birlikdə bu rəngarəng kosmik səyahətdən zövq alın!","Paint Trek — гэта 2D-шутэр, у якім ваша мэта — выжываць сярод хваль ворагаў і перамагаць магутных босаў. Гульня прапануе 10 узроўняў — кожны са сваім босам — і змяшчае 19 унікальных тыпаў ворагаў.

На працягу гульні вы можаце збіраць 4 розныя тыпы дыяментаў і 6 відаў зброі. Кожны тып дыяментаў дае вам адмысловыя здольнасці. (Прадметы і ворагі апісаны ў Экстра Меню.)

🎵 Экстра Меню таксама дазваляе слухаць поўны саўндтрэк гульні. Кожны ўзровень мае сваю адмысловую песню.

Парада: Не абавязкова страляць ва ўсіх ворагаў — часам лепш проста ўхіліцца.

✨ Paint Trek — гэта вясёлая і бяспечная гульня, асабліва прыдатная для юных гульцоў. Атрымлівайце асалоду ад гэтага маляўнічага касмічнага падарожжа разам са сваімі дзецьмі!","Paint Trek হল একটি 2D শুটার গেম যেখানে আপনার লক্ষ্য হল শত্রুদের তরঙ্গের মুখে বেঁচে থাকা এবং শক্তিশালী বসদের পরাজিত করা। গেমটিতে ১০টি স্তর রয়েছে — প্রতিটিতে নিজস্ব বস রয়েছে — এবং ১৯টি অনন্য ধরনের শত্রু রয়েছে।

আপনি পুরো গেম জুড়ে ৪টি ভিন্ন ধরনের হীরা এবং ৬ ধরনের অস্ত্র সংগ্রহ করতে পারেন। প্রতিটি হীরার ধরন আপনাকে বিশেষ ক্ষমতা প্রদান করে। (আইটেম এবং শত্রুদের বিবরণ অতিরিক্ত মেনুতে ব্যাখ্যা করা হয়েছে।)

🎵 অতিরিক্ত মেনু আপনাকে সম্পূর্ণ গেমের সাউন্ডট্র্যাক শোনার অনুমতি দেয়। প্রতিটি স্তর একটি ভিন্ন গানের সাথে আসে যা আপনার মহাকাশ অভিযানের পরিবেশকে সমৃদ্ধ করে।

প্রথমে গেমটি কিছুটা কঠিন মনে হতে পারে, তবে কিছুটা অভ্যাসের সাথে আপনি এতে অভ্যস্ত হয়ে যাবেন।
পরামর্শ: আপনাকে প্রতিটি শত্রুকে গুলি করতে হবে না — কখনও কখনও ডজ করা বা এড়িয়ে যাওয়াই সেরা কৌশল।

✨ Paint Trek একটি মজাদার এবং নিরাপদ অভিজ্ঞতা যা বিশেষ করে ছোট খেলোয়াড়দের জন্য উপযুক্ত। আপনার বাচ্চাদের সাথে একসাথে এই রঙিন মহাকাশ যাত্রা উপভোগ করুন!","Paint Trek je 2D pucačka igra u kojoj je vaš cilj preživjeti valove neprijatelja i poraziti moćne bossove. Igra nudi 10 nivoa — svaki sa svojim bossom — i 19 jedinstvenih vrsta neprijatelja.

Tokom igre možete sakupljati 4 različite vrste dijamanata i 6 vrsta oružja. Svaka vrsta dijamanta vam daje posebne sposobnosti. (Predmeti i neprijatelji su objašnjeni u Extra Meniju.)

🎵 Extra Meni vam omogućava da slušate kompletnu muziku iz igre.

Savjet: Ne morate pucati na svakog neprijatelja — ponekad je izbjegavanje najbolja taktika.

✨ Paint Trek je zabavno i sigurno iskustvo posebno pogodno za mlađe igrače. Uživajte u ovom šarenom svemirskom putovanju sa svojom djecom!","Paint Trek е 2D шутър игра, в която целта ви е да оцелеете сред вълни от врагове и да победите могъщи босове. Играта предлага 10 нива — всяко със собствен бос — и разполага с 19 уникални типа врагове.

По време на играта можете да събирате 4 различни вида диаманти и 6 вида оръжия. Всеки тип диамант ви дава специални способности за справяне с противниците. (Предметите и враговете са описани в Екстра Менюто.)

🎵 Екстра Менюто ви позволява също да слушате пълния саундтрак на играта. Всяко ниво идва с различна песен, която допълва атмосферата на вашето космическо приключение.

В началото играта може да изглежда малко трудна, но с малко практика бързо ще свикнете.
Съвет: Не е нужно да стреляте по всеки враг — понякога избягването е най-добрата тактика.

✨ Paint Trek е забавно и безопасно изживяване, специално подходящо за по-млади играчи. Насладете се на това цветно космическо пътешествие заедно с вашите деца!","Paint Trek és un joc de trets en 2D on el teu objectiu és sobreviure a onades d'enemics i derrotar caps poderosos. El joc ofereix 10 nivells —cadascun amb el seu propi cap— i compta amb 19 tipus d'enemics únics.

Pots recollir 4 tipus diferents de diamants i 6 tipus d'armes durant la partida. Cada tipus de diamant et dóna habilitats especials. (Els objectes i enemics s'expliquen al Menú Extra).

🎵 El Menú Extra també et permet escoltar la banda sonora completa del joc.

Consell: No cal que disparis a tots els enemics que vegis; de vegades esquivar és la millor tàctica.

✨ Paint Trek és una experiència divertida i segura, especialment adequada per a jugadors joves. Gaudiu d'aquest colorit viatge espacial amb els vostres fills!","《Paint Trek》是一款2D射击游戏，你的目标是在一波又一波的敌人中生存下来并击败强大的Boss。游戏包含10个关卡——每个关卡都有专属Boss——并拥有19种独特的敌人类型。

在游戏过程中，你可以收集4种不同类型的钻石和6种武器。每种钻石都能为你提供特殊能力，助你轻松克敌。（物品和敌人的详细介绍可在“额外菜单”中查看。）

🎵 “额外菜单”还支持收听完整的游戏原声音乐。每个关卡都配有风格独特的音乐，为你的太空冒险增添更多氛围。

刚开始游戏可能略有挑战，但稍加练习就能熟练掌握。如果你自认是硬核玩家，一定会乐在其中。
小提示：你无需消灭视线内的所有敌人——有时灵活躲避才是上策。

✨ 《Paint Trek》是一款充满乐趣且安全的游戏体验，特别适合低龄玩家。快与孩子一起踏上这段色彩斑斓的太空之旅吧！","《Paint Trek》是一款2D射擊遊戲，你的目標是在一波又一波的敵人中生存下來並擊敗強大的Boss。遊戲包含10個關卡——每個關卡都有專屬Boss——並擁有19種獨特的敵人種類。

在遊戲過程中，你可以收集4種不同類型的鑽石和6種武器。每種鑽石都能為你提供特殊能力，助你擊退強敵。（物品和敵人的詳細介紹可在「額外選單」中查看。）

🎵 「額外選單」還支援收聽完整的遊戲原聲音樂。每個關卡都配有專屬音樂，為你的太空冒險增添更多氛圍。

剛開始遊戲可能略具難度，但稍加練習就能輕鬆掌握。如果你是硬核玩家，一定會樂在其中。
小提示：你無需消滅眼前的所有敵人——有時靈活閃避才是最佳戰術。

✨ 《Paint Trek》是一款充滿樂趣且安全的遊戲體驗，特別適合小朋友。快與孩子一起享受這段色彩繽紛的太空之旅吧！","Paint Trek je 2D pucačka igra u kojoj vam je cilj preživjeti valove neprijatelja i poraziti moćne bossove. Igra nudi 10 razina — svaka s vlastitim bossom — i 19 jedinstvenih vrsta neprijatelja.

Tijekom igre možete skupljati 4 različite vrste dijamanata i 6 vrsta oružja. Svaka vrsta dijamanta daje vam posebne sposobnosti. (Predmeti i neprijatelji opisani su u Extra Izborniku.)

🎵 Extra Izbornik vam također omogućuje slušanje cijele glazbene podloge igre.

Savjet: Ne morate pucati na svakog neprijatelja kojeg vidite — ponekad je izbjegavanje najbolja taktika.

✨ Paint Trek je zabavno i sigurno iskustvo posebno prikladno za mlađe igrače. Uživajte u ovom šarenom svemirskom putovanju sa svojom djecom!","Paint Trek je 2D střílečka, kde je vaším cílem přežít vlny nepřátel a porazit mocné bossy. Hra nabízí 10 úrovní – každou s vlastním bossem – a 19 unikátních typů nepřátel.

V průběhu hry můžete sbírat 4 různé druhy diamantů a 6 druhů zbraní. Každý typ diamantu vám poskytuje speciální schopnosti, které vám pomohou v boji. (Předměty a nepřátelé jsou podrobně popsáni v Extra Menu.)

🎵 Extra Menu vám také umožňuje poslechnout si kompletní soundtrack hry. Každá úroveň má vlastní hudební skladbu, která dokresluje atmosféru vesmírného dobrodružství.

Zpočátku se hra může zdát trochu náročná, ale s trochou cviku si na ni rychle zvyknete.
Tip: Nemusíte střílet na každého nepřítele — někdy je nejlepší taktikou uhýbání.

✨ Paint Trek je zábavný a bezpečný zážitek, zvláště vhodný pro mladší hráče. Užijte si tuto barevnou vesmírnou cestu společně se svými dětmi!","Paint Trek er et 2D-skydespil, hvor dit mål er at overleve bølger af fjender og besejre magtfulde bosser. Spillet byder på 10 baner – hver med sin egen boss – og 19 unikke fjendetyper.

Du kan samle 4 forskellige slags diamanter og 6 typer våben i løbet af spillet. Hver diamanttype giver dig særlige evner. (Genstande og fjender forklares i Ekstra Menuen.)

🎵 Ekstra Menuen giver dig også mulighed for at lytte til hele spillets soundtrack.

Tip: Du behøver ikke skyde enhver fjende — nogle gange er det den bedste taktik at undvige.

✨ Paint Trek er en sjov og sikker oplevelse, der er specielt velegnet til yngre spillere. Nyd denne farverige rumrejse sammen med dine børn!","Paint Trek is een 2D-shooter waarin het je doel is om golven vijanden te overleven en krachtige bazen te verslaan. De game bevat 10 levels — elk met een eigen baas — en 19 unieke vijandtypen.

Tijdens het spelen kun je 4 verschillende soorten diamanten en 6 soorten wapens verzamelen. Elk diamanttype geeft je speciale vaardigheden om vijanden te slim af te zijn. (Items en vijanden worden uitgelegd in het Extra Menu.)

🎵 In het Extra Menu kun je ook naar de complete soundtrack van de game luisteren. Elk level heeft een eigen nummer dat bijdraagt aan de sfeer van je ruimteavontuur.

In het begin kan de game wat pittig aanvoelen, maar met wat oefening heb je het zo onder de knie. Echte arcade-liefhebbers zullen zich direct thuis voelen.
Tip: Je hoeft niet op elke vijand te schieten — soms is ontwijken de beste tactiek.

✨ Paint Trek is een leuke en veilige ervaring, speciaal geschikt voor jongere spelers. Beleef deze kleurrijke ruimtereis samen met je kinderen!","Paint Trek on 2D tulistamismäng, kus teie eesmärk on vaenlaste lainetest ellu jääda ja alistada võimsaid bosse. Mäng pakub 10 taset — igaühel oma boss — ja 19 unikaalset vaenlase tüüpi.

Mängu jooksul saate koguda 4 erinevat tüüpi teemante ja 6 tüüpi relvi. Iga teemant annab teile erilisi võimeid. (Esemed ja vaenlased on lahti seletatud Lisamenüüs.)

🎵 Lisamenüü võimaldab kuulata ka mängu täielikku heliriba.

Vihje: te ei pea tulistama igat vaenlast — mõnikord on kõrvalepõiklemine parim taktika.

✨ Paint Trek on lõbus ja turvaline kogemus, mis sobib eriti hästi noorematele mängijatele. Nautige seda värvikat kosmosereisi koos lastega!","Paint Trek on 2D-räiskintäpeli, jossa tavoitteenasi on selviytyä vihollisaalloista ja voittaa mahtavia pomoja. Peli tarjoaa 10 tasoa – joista jokaisessa on oma pomonsa – sekä 19 ainutlaatuista vihollistyyppiä.

Voit kerätä 4 erilaista timanttityyppiä ja 6 asetyyppiä pelin aikana. Jokainen timanttityyppi antaa sinulle erikoiskykyjä. (Esineet ja viholliset selitetään Extra-valikossa.)

🎵 Extra-valikossa voit myös kuunnella pelin koko ääniraidan.

Vinkki: Sinun ei tarvitse ampua jokaista näkemääsi vihollista — joskus väistely on paras taktiikka.

✨ Paint Trek on hauska ja turvallinen kokemus, joka sopii erityisesti nuoremmille pelaajille. Nauti tästä värikkäästä avaruusmatkasta yhdessä lastesi kanssa!","Paint Trek est un jeu de tir 2D dans lequel votre objectif est de survivre à des vagues d'ennemis et de vaincre de puissants boss. Le jeu propose 10 niveaux, chacun avec son propre boss, et comprend 19 types d'ennemis uniques.

Vous pouvez collecter 4 types de diamants différents et 6 types d'armes tout au long du jeu. Chaque type de diamant vous confère des capacités spéciales pour vous aider à affronter vos ennemis. (Les objets et les ennemis sont détaillés dans le Menu Extra.)

🎵 Le Menu Extra vous permet également d'écouter la bande originale complète du jeu. Chaque niveau est accompagné d'une musique différente qui enrichit l'atmosphère de votre aventure spatiale.

Au début, le jeu peut sembler un peu difficile, mais avec un peu d'entraînement, vous vous y habituerez vite. Les joueurs chevronnés s'y sentiront comme chez eux.
Astuce : Vous n'êtes pas obligé de tirer sur tous les ennemis que vous croisez — esquiver est parfois la meilleure tactique.

✨ Paint Trek est une expérience amusante et sûre, particulièrement adaptée aux jeunes joueurs. Profitez de ce voyage spatial coloré avec vos enfants !","Paint Trek არის 2D მსროლელი თამაში, სადაც თქვენი მიზანია გადარჩეთ მტრების ტალღებს და დაამარცხოთ ძლიერი ბოსები. თამაში გთავაზობთ 10 დონეს — თითოეულს თავისი ბოსით — და 19 უნიკალურ მტრის ტიპს.

თამაშის განმავლობაში შეგიძლიათ შეაგროვოთ 4 სხვადასხვა ტიპის ალმასი და 6 სახეობის იარაღი. თითოეული ალმასი გაძლევთ სპეციალურ შესაძლებლობებს. (ნივთები და მტრები ახსნილია ექსტრა მენიუში.)

🎵 ექსტრა მენიუ ასევე გაძლევთ საშუალებას მოუსმინოთ თამაშის სრულ საუნდტრეკს.

რჩევა: არ არის აუცილებელი ყველა მტერს ესროლოთ — ხანდახან აცილება საუკეთესო ტაქტიკაა.

✨ Paint Trek არის მხიარული და უსაფრთხო გამოცდილება ბავშვებისთვის. ისიამოვნეთ ამ ფერადი კოსმოსური მოგზაურობით თქვენს შვილებთან ერთად!","Paint Trek ist ein 2D-Shooter-Spiel, bei dem es dein Ziel ist, Wellen von Feinden zu überleben und mächtige Bosse zu besiegen. Das Spiel bietet 10 Level – jedes mit einem eigenen Boss – und 19 einzigartige Feindtypen.

Du kannst im Laufe des Spiels 4 verschiedene Diamanttypen und 6 Waffenarten sammeln. Jeder Diamanttyp verleiht dir Spezialfähigkeiten, die dir helfen, deine Gegner zu bezwingen. (Gegenstände und Feinde werden im Extra-Menü erklärt.)

🎵 Im Extra-Menü kannst du dir auch den kompletten Spiel-Soundtrack anhören. Jedes Level bietet einen eigenen Song, der zur Atmosphäre deines Weltraumabenteuers beiträgt.

Anfangs mag das Spiel etwas schwer erscheinen, aber mit etwas Übung gewöhnst du dich schnell daran. Wenn du dich als Hardcore-Gamer bezeichnest, wirst du dich hier wie zu Hause fühlen.
Tipp: Du musst nicht jeden Feind abschießen, den du siehst – manchmal ist Ausweichen die beste Taktik.

✨ Paint Trek ist ein unterhaltsames und sicheres Erlebnis, das sich besonders für jüngere Spieler eignet. Genieße diese farbenfrohe Weltraumreise zusammen mit deinen Kindern!","Το Paint Trek είναι ένα 2D shooter παιχνίδι όπου ο στόχος σας είναι να επιβιώσετε από κύματα εχθρών και να νικήσετε ισχυρά bosses. Το παιχνίδι προσφέρει 10 επίπεδα — το καθένα με το δικό του boss — και διαθέτει 19 μοναδικούς τύπους εχθρών.

Μπορείτε να συλλέξετε 4 διαφορετικούς τύπους διαμαντιών και 6 είδη όπλων. Κάθε τύπος διαμαντιού σάς δίνει ειδικές ικανότητες. (Τα αντικείμενα και οι εχθροί εξηγούνται στο Extra Μενού.)

🎵 Το Extra Μενού σάς επιτρέπει επίσης να ακούσετε ολόκληρο το soundtrack του παιχνιδιού.

Συμβουλή: Δεν χρειάζεται να πυροβολείτε κάθε εχθρό που βλέπετε — μερικές φορές η αποφυγή είναι η καλύτερη τακτική.

✨ Το Paint Trek είναι μια διασκεδαστική και ασφαλής εμπειρία, ιδιαίτερα κατάλληλη για νεαρούς παίκτες. Απολαύστε αυτό το πολύχρωμο διαστημικό ταξίδι μαζί με τα παιδιά σας!","Paint Trek એ 2D શૂટર ગેમ છે જ્યાં તમારો ધ્યેય દુશ્મનોના મોજા સામે ટકી રહેવું અને શક્તિશાળી બોસને હરાવવાનો છે. આ ગેમ 10 લેવલ પ્રદાન કરે છે — દરેકમાં પોતાનો બોસ છે — અને તેમાં 19 અનન્ય પ્રકારના દુશ્મનો છે.

તમે સમગ્ર રમતમાં 4 વિવિધ પ્રકારના હીરા અને 6 પ્રકારના શસ્ત્રો એકત્રિત કરી શકો છો. દરેક હીરાનો પ્રકાર તમને દુશ્મનોનો સામનો કરવામાં મદદ કરવા માટે વિશેષ ક્ષમતાઓ આપે છે. (વસ્તુઓ અને દુશ્મનો વિશે વધારાના મેનૂમાં સમજાવવામાં આવ્યું છે.)

🎵 વધારાનું મેનૂ તમને સંપૂર્ણ ગેમ સાઉન્ડટ્રેક સાંભળવાની પણ મંજૂરી આપે છે. દરેક લેવલ એક અલગ ગીત સાથે આવે છે જે તમારા અવકાશ સાહસના વાતાવરણને વધારે છે.

શરૂઆતમાં આ રમત થોડી અઘરી લાગી શકે છે, પરંતુ થોડી પ્રેક્ટિસથી તમને તેની આદત પડી જશે.
ટીપ: તમારે દેખાતા દરેક દુશ્મન પર ગોળીબાર કરવાની જરૂર નથી — ક્યારેક બચવું એ શ્રેષ્ઠ વ્યૂહરચના છે.

✨ Paint Trek એ એક મનોરંજક અને સલામત અનુભવ છે જે ખાસ કરીને નાના ખેલાડીઓ માટે યોગ્ય છે. તમારા બાળકો સાથે આ રંગબેરંગી અવકાશ યાત્રાનો આનંદ માણો!","Paint Trek הוא משחק יריות בדו-ממד שבו המטרה שלך היא לשרוד גלי אויבים ולהביס בוסים רבי-עוצמה. המשחק כולל 10 שלבים — כל אחד עם בוס משלו — ו-19 סוגי אויבים ייחודיים.

במהלך המשחק תוכלו לאסוף 4 סוגי יהלומים שונים ו-6 סוגי כלי נשק. כל סוג יהלום מעניק יכולות מיוחדות שיעזרו לכם להתמודד עם האויבים. (הפריטים והאויבים מוסברים בתפריט האקסטרה).

🎵 תפריט האקסטרה מאפשר לכם גם להאזין לפסקול המלא של המשחק. כל שלב כולל שיר ייחודי שמוסיף לאווירת ההרפתקה בחלל.

בהתחלה המשחק עשוי להיראות מעט מאתגר, אך עם מעט אימון תתרגלו אליו בקלות. שחקנים מנוסים ירגישו מיד בבית.
טיפ: אינכם חייבים לירות בכל אויב שמופיע — לעתים התחמקות היא הטקטיקה הטובה ביותר.

✨ Paint Trek היא חוויה מהנה ובטוחה המתאימה במיוחד לשחקנים צעירים. צאו למסע חלל צבעוני יחד עם הילדים!","Paint Trek एक 2D शूटर गेम है जहाँ आपका लक्ष्य दुश्मनों की लहरों से बचना और शक्तिशाली बॉसों को हराना है। यह गेम 10 स्तर प्रदान करता है — प्रत्येक में एक अद्वितीय बॉस है — और इसमें 19 अनोखे प्रकार के दुश्मन हैं।

आप पूरे खेल के दौरान 4 विभिन्न प्रकार के हीरे और 6 प्रकार के हथियार एकत्र कर सकते हैं। प्रत्येक हीरे का प्रकार आपको दुश्मनों से निपटने में मदद करने के लिए विशेष क्षमताएं देता है। (आइटम और दुश्मनों के बारे में एक्स्ट्रा मेनू में समझाया गया है।)

🎵 एक्स्ट्रा मेनू आपको पूरे गेम का साउंडट्रैक सुनने की भी सुविधा देता है। प्रत्येक स्तर एक अलग गाने के साथ आता है जो आपके अंतरिक्ष साहसिक कार्य के माहौल को बढ़ाता है।

शुरुआत में, खेल थोड़ा कठिन लग सकता है, लेकिन थोड़े अभ्यास के साथ आपको इसकी आदत हो जाएगी। यदि आप एक उत्साही गेमर हैं, तो आप इसे बहुत पसंद करेंगे।
सुझाव: आपको दिखने वाले हर दुश्मन को शूट करने की ज़रूरत नहीं है — कभी-कभी बचना ही सबसे अच्छी रणनीति होती है।

✨ Paint Trek एक मजेदार और सुरक्षित अनुभव है जो विशेष रूप से छोटे खिलाड़ियों के लिए उपयुक्त है। अपने बच्चों के साथ इस रंगीन अंतरिक्ष यात्रा का आनंद लें!","A Paint Trek egy 2D-s lövöldözős játék, ahol a célod túlélni az ellenségek hullámait és legyőzni a hatalmas főellenségeket. A játék 10 szintet kínál – mindegyik saját főellenséggel – és 19 egyedi ellenségtípust vonultat fel.

A játék során 4 különböző típusú gyémántot és 6 féle fegyvert gyűjthetsz össze. Mindegyik gyémánttípus különleges képességekkel ruház fel. (A tárgyakat és az ellenségeket az Extra Menü mutatja be.)

🎵 Az Extra Menüben a játék teljes zenei anyagát is meghallgathatod.

Tipp: Nem kell minden szembejövő ellenségre lőnöd – néha a kitérés a legjobb taktika.

✨ A Paint Trek egy szórakoztató és biztonságos élmény, amely kifejezetten alkalmas fiatalabb játékosok számára. Élvezzétek ezt a színes űrutazást a gyerekekkel együtt!","Paint Trek er 2D skotleikur þar sem markmiðið er að lifa af bylgjur óvina og sigra volduga foringja. Leikurinn býður upp á 10 borð – hvert með sínum eigin foringja – og 19 einstakar óvinategundir.

Þú getur safnað 4 mismunandi gerðum af demöntum og 6 tegundum vopna í leiknum. Hver demantategund veitir þér sérstaka hæfileika. (Hlutir og óvinir eru útskýrðir í Auka Valmyndinni.)

🎵 Auka Valmyndin gerir þér einnig kleift að hlusta á allt hljóðrás leiksins.

Ábending: Þú þarft ekki að skjóta alla óvini — stundum er besta herkænslan að forðast þá.

✨ Paint Trek er skemmtileg og örugg upplifun sem hentar sérstaklega yngri spilurum. Njóttu þessarar litríku geimferðar með börnunum þínum!","Paint Trek adalah game tembak-menembak 2D di mana tujuan Anda adalah bertahan hidup dari gelombang musuh dan mengalahkan bos yang kuat. Game ini menawarkan 10 level — masing-masing dengan bosnya sendiri — dan menampilkan 19 jenis musuh unik.

Anda dapat mengumpulkan 4 jenis berlian berbeda dan 6 jenis senjata di sepanjang permainan. Setiap jenis berlian memberi Anda kemampuan khusus untuk membantu mengatasi musuh. (Item dan musuh dijelaskan di Menu Ekstra.)

🎵 Menu Ekstra juga memungkinkan Anda mendengarkan seluruh lagu tema game. Setiap level dilengkapi dengan lagu berbeda yang menambah atmosfer petualangan luar angkasa Anda.

Awalnya, game ini mungkin terasa agak menantang, tetapi dengan sedikit latihan, Anda akan terbiasa. Jika Anda menyukai game aksi klasik, Anda akan merasa sangat cocok.
Tips: Anda tidak harus menembak setiap musuh yang Anda lihat — terkadang menghindar adalah taktik terbaik.

✨ Paint Trek adalah pengalaman yang menyenangkan dan aman, terutama cocok untuk pemain muda. Nikmati perjalanan luar angkasa penuh warna ini bersama anak-anak Anda!","Paint Trek è uno sparatutto 2D in cui il tuo obiettivo è sopravvivere a ondate di nemici e sconfiggere potenti boss. Il gioco offre 10 livelli, ciascuno con il proprio boss, e include 19 tipi unici di nemici.

Puoi raccogliere 4 diversi tipi di diamanti e 6 tipi di armi nel corso dell'avventura. Ogni tipo di diamante ti conferisce abilità speciali per aiutarti ad affrontare gli avversari. (Oggetti e nemici sono descritti nel Menu Extra).

🎵 Il Menu Extra ti consente inoltre di ascoltare l'intera colonna sonora del gioco. Ogni livello è accompagnato da un brano differente che arricchisce l'atmosfera della tua avventura spaziale.

All'inizio il gioco potrebbe sembrare un po' difficile, ma con un po' di pratica ci prenderai la mano. Se ti consideri un giocatore appassionato, ti sentirai a casa.
Consiglio: non devi sparare a ogni nemico che incontri; a volte schivare è la tattica migliore.

✨ Paint Trek è un'esperienza divertente e sicura, particolarmente adatta ai giocatori più giovani. Goditi questo colorato viaggio nello spazio insieme ai tuoi figli!","『Paint Trek』は、迫り来る敵のウェーブを生き延び、強力なボスを撃破することを目指す2Dシューティングゲームです。全10ステージ構成で、各ステージに専用のボスが待ち受け、19種類もの個性豊かな敵が登場します。

冒険中には4種類のダイヤと6種類の武器を集めることができます。各ダイヤは敵に対抗するための特別な能力を授けてくれます。（アイテムや敵の詳細は「エクストラメニュー」で確認できます。）

🎵 「エクストラメニュー」では、ゲーム全編のサウンドトラックを鑑賞することも可能です。ステージごとに異なる楽曲が用意され、宇宙の旅を盛り上げます。

最初は少し難しく感じるかもしれませんが、プレイを重ねるうちにすぐに慣れることができます。腕に覚えのあるゲーマーなら存分に楽しめるはずです。
攻略のヒント：すべての敵を倒す必要はありません。時には回避に専念するのも賢い戦術です。

✨ 『Paint Trek』は、お子様でも安心して楽しめるカラフルで安全なゲームです。ご家族やお子様と一緒に、楽しい宇宙の旅に出かけましょう！","Paint Trek ಎಂಬುದು 2D ಶೂಟರ್ ಆಟವಾಗಿದ್ದು, ಇದರಲ್ಲಿ ಶತ್ರುಗಳ ಅಲೆಗಳನ್ನು ಎದುರಿಸಿ ಬದುಕುಳಿಯುವುದು ಮತ್ತು ಶಕ್ತಿಶಾಲಿ ಬಾಸ್‌ಗಳನ್ನು ಸೋಲಿಸುವುದು ನಿಮ್ಮ ಗುರಿಯಾಗಿದೆ. ಆಟವು 10 ಹಂತಗಳನ್ನು ಒದಗಿಸುತ್ತದೆ — ಪ್ರತಿಯೊಂದರಲ್ಲೂ ತನ್ನದೇ ಆದ ಬಾಸ್ ಇರುತ್ತಾನೆ — ಮತ್ತು 19 ವಿಶಿಷ್ಟ ಶತ್ರು ಪ್ರಕಾರಗಳನ್ನು ಒಳಗೊಂಡಿದೆ.

ನೀವು ಆಟದ ಉದ್ದಕ್ಕೂ 4 ವಿಭಿನ್ನ ರೀತಿಯ ವಜ್ರಗಳನ್ನು ಮತ್ತು 6 ರೀತಿಯ ಶಸ್ತ್ರಾಸ್ತ್ರಗಳನ್ನು ಸಂಗ್ರಹಿಸಬಹುದು. ಪ್ರತಿಯೊಂದು ವಜ್ರದ ಪ್ರಕಾರವು ನಿಮ್ಮ ಶತ್ರುಗಳನ್ನು ಎದುರಿಸಲು ವಿಶೇಷ ಸಾಮರ್ಥ್ಯಗಳನ್ನು ನೀಡುತ್ತದೆ. (ವಸ್ತುಗಳು ಮತ್ತು ಶತ್ರುಗಳನ್ನು ಎಕ್ಸ್‌ಟ್ರಾ ಮೆನುವಿನಲ್ಲಿ ವಿವರಿಸಲಾಗಿದೆ.)

🎵 ಎಕ್ಸ್‌ಟ್ರಾ ಮೆನು ನಿಮಗೆ ಸಂಪೂರ್ಣ ಆಟದ ಧ್ವನಿಪಥವನ್ನು ಕೇಳಲು ಸಹ ಅನುಮತಿಸುತ್ತದೆ. ಪ್ರತಿಯೊಂದು ಹಂತವು ವಿಭಿನ್ನ ಹಾಡಿನೊಂದಿಗೆ ಬರುತ್ತದೆ.

ಮೊದಲಿಗೆ ಆಟವು ಸ್ವಲ್ಪ ಕಷ್ಟಕರವೆನಿಸಬಹುದು, ಆದರೆ ಅಭ್ಯಾಸದಿಂದ ನೀವು ಅದನ್ನು ಸುಲಭವಾಗಿ ಕಲಿಯುವಿರಿ.
ಸಲಹೆ: ನೀವು ನೋಡುವ ಪ್ರತಿಯೊಬ್ಬ ಶತ್ರುವಿಗೂ ಗುಂಡು ಹಾರಿಸಬೇಕಾಗಿಲ್ಲ — ಕೆಲವೊಮ್ಮೆ ತಪ್ಪಿಸಿಕೊಳ್ಳುವುದೇ ಅತ್ಯುತ್ತಮ ತಂತ್ರ.

✨ Paint Trek ಎಂಬುದು ಮಕ್ಕಳಿಗೆ ವಿಶೇಷವಾಗಿ ಸೂಕ್ತವಾದ ಮೋಜಿನ ಮತ್ತು ಸುರಕ್ಷಿತ ಆಟವಾಗಿದೆ. ನಿಮ್ಮ ಮಕ್ಕಳೊಂದಿಗೆ ಈ ವರ್ಣರಂಜಿತ ಬಾಹ್ಯಾಕಾಶ ಪ್ರಯಾಣವನ್ನು ಆನಂದಿಸಿ!","Paint Trek — бұл 2D атқыш ойыны, мұндағы мақсатыңыз — жаулардың толқындарынан аман өтіп, күшті бостарды жеңу. Ойын 10 деңгейден тұрады — әрқайсысында жеке бос бар — және 19 ерекше жау түрін қамтиды.

Ойын барысында 4 түрлі алмас түрін және 6 қару түрін жинай аласыз. Әрбір алмас түрі сізге ерекше қабілеттер береді. (Заттар мен жаулар туралы ақпарат Экстра Мәзірінде түсіндірілген.)

🎵 Экстра Мәзірі сондай-ақ ойынның толық саундтрегін тыңдауға мүмкіндік береді.

Кеңес: Көрген әрбір жауды ату міндетті емес — кейде жалтару ең жақсы тактика болып табылады.

✨ Paint Trek — әсіресе кішкентай ойыншылар үшін өте қолайлы, қызықты әрі қауіпсіз ойын. Балаларыңызбен бірге осы ғарыштық саяхаттан ләззат алыңыз!","Paint Trek은 쏟아지는 적들의 공격에서 살아남고 강력한 보스를 격파하는 2D 슈팅 게임입니다. 게임은 각각 고유한 보스가 등장하는 10개의 레벨과 19종의 독특한 적들로 구성되어 있습니다.

플레이하는 동안 4가지 종류의 다이아몬드와 6가지 무기를 수집할 수 있습니다. 각 다이아몬드는 적을 상대하는 데 도움이 되는 특수 능력을 부여합니다. (아이템과 적에 대한 설명은 엑스트라 메뉴에서 확인할 수 있습니다.)

🎵 엑스트라 메뉴에서는 게임의 전체 사운드트랙을 감상할 수도 있습니다. 각 레벨마다 우주 모험의 분위기를 살려주는 전용 음악이 수록되어 있습니다.

처음에는 조금 어렵게 느껴질 수 있지만, 연습하면 금방 익숙해집니다. 슈팅 게임 마니아라면 더욱 흥미진진하게 즐기실 수 있습니다.
팁: 눈에 보이는 모든 적을 쏠 필요는 없습니다. 때로는 회피하는 것이 최고의 전술입니다.

✨ Paint Trek은 특히 어린이 플레이어에게 적합한 재미있고 안전한 게임입니다. 아이들과 함께 알록달록한 우주 여행을 떠나보세요!","Paint Trek یارییەکی تەقەکەری 2D یە کە ئامانجت تێیدا مانەوەیە لە بەرامبەر شەپۆلی دوژمنان و شکستپێهێنانی سەرکردە بەهێزەکان. یارییەکە 10 قۆناغ پێشکەش دەکات — هەر یەکەیان لەگەڵ سەرکردەی تایبەتی خۆی — و 19 جۆری بێوێنەی دوژمنی تێدایە.

دەتوانیت 4 جۆری جیاوازی ئەڵماس و 6 جۆری چەک لە کاتی یارییەکەدا کۆبکەیتەوە. هەر جۆرە ئەڵماسێک توانای تایبەتت پێدەبەخشێت. (کەلوپەل و دوژمنەکان لە مێنوی زیادە Extra Menu ڕوونکراونەتەوە.)

🎵 مێنوی زیادە ڕێگەت پێدەدات گوێ لە تەواوی مۆسیقای یارییەکە بگریت.

ئامۆژگاری: پێویست ناکات تەقە لە هەموو دوژمنێک بکەیت کە دەیبینیت — هەندێک جار خۆدزینەوە باشترین تاکتیکە.

✨ Paint Trek ئەزموونێکی خۆش و سەلامەتە بە تایبەتی بۆ یاریزانانی گەنج. لەگەڵ منداڵەکانت چێژ لەم گەشتە گەردوونییە پڕ لە ڕەنگە وەربگرە!","Paint Trek ir 2D šaušanas spēle, kurā tavs mērķis ir izdzīvot ienaidnieku viļņos un uzvarēt spēcīgus bosus. Spēle piedāvā 10 līmeņus — katrs ar savu bosu — un 19 unikālus ienaidnieku veidus.

Spēles gaitā vari vākt 4 dažādus dimantu veidus un 6 ieroču veidus. Katrs dimantu veids sniedz īpašas spējas. (Priekšmeti un ienaidnieki ir aprakstīti Papildu Izvēlnē.)

🎵 Papildu Izvēlne ļauj arī klausīties pilnu spēles skaņu celiņu.

Padoms: Tev nav jānošauj katrs redzamais ienaidnieks — dažreiz izvairīšanās ir labākā taktika.

✨ Paint Trek ir jautra un droša spēle, kas īpaši piemērota jaunākiem spēlētājiem. Izbaudiet šo krāsaino kosmosa ceļojumu kopā ar bērniem!","Paint Trek yra 2D šaudyklė, kurioje jūsų tikslas – išgyventi priešų bangas ir nugalėti galingus bosus. Žaidimas siūlo 10 lygių – kiekvienas su savo bosu – ir 19 unikalių priešų tipų.

Žaidimo metu galite rinkti 4 skirtingų tipų deimantus ir 6 rūšių ginklus. Kiekvienas deimanto tipas suteikia ypatingų sugebėjimų. (Daiktai ir priešai paaiškinti Papildomame Meniu.)

🎵 Papildomas Meniu taip pat leidžia klausytis viso žaidimo garso takelio. Kiekvienas lygis turi savo unikalią muziką.

Patarimas: Nereikia šaudyti į kiekvieną matomą priešą — kartais geriausia taktika yra tiesiog išsisukti.

✨ Paint Trek yra linksma ir saugi patirtis, ypač tinkanti jaunesniems žaidėjams. Mėgaukitės šia spalvinga kosmine kelione kartu su vaikais!","Paint Trek е 2D пукачка игра каде што вашата цел е да преживеете бранови од непријатели и да победите моќни босови. Играта нуди 10 нивоа — секое со свој бос — и содржи 19 уникатни видови непријатели.

Во текот на играта можете да собирате 4 различни видови дијаманти и 6 видови оружје. Секој вид дијамант ви дава посебни способности. (Предметите и непријателите се објаснети во Екстра Менито.)

🎵 Екстра Менито исто така ви овозможува да ја слушате целата музика од играта.

Совет: Не мора да пукате во секој непријател — понекогаш избегнувањето е најдобра тактика.

✨ Paint Trek е забавно и безбедно искуство особено погодно за помлади играчи. Уживајте во ова шарено вселенско патување заедно со вашите деца!","Paint Trek എന്നത് ശത്രുക്കളുടെ തരംഗങ്ങളെ അതിജീവിച്ച് ശക്തരായ ബോസുകളെ പരാജയപ്പെടുത്തുക എന്ന ലക്ഷ്യത്തോടെയുള്ള ഒരു 2D ഷൂട്ടർ ഗെയിമാണ്. ഗെയിം 10 ലെവലുകൾ വാഗ്ദാനം ചെയ്യുന്നു — ഓരോന്നിനും സ്വന്തമായി ബോസും 19 തനതായ ശത്രു തരങ്ങളും ഉണ്ട്.

ഗെയിമിലുടനീളം നിങ്ങൾക്ക് 4 വ്യത്യസ്ത തരം വജ്രങ്ങളും 6 തരം ആയുധങ്ങളും ശേഖരിക്കാം. ഓരോ വജ്ര തരവും ശത്രുക്കളെ നേരിടാൻ പ്രത്യേക കഴിവുകൾ നൽകുന്നു. (ഇനങ്ങൾ എക്സ്ട്രാ മെനുവിൽ വിശദീകരിച്ചിരിക്കുന്നു.)

🎵 എക്സ്ട്രാ മെനു മുഴുവൻ ഗെയിം സൗണ്ട് ട്രാക്കും കേൾക്കാൻ നിങ്ങളെ അനുവദിക്കുന്നു. ഓരോ ലെവലും നിങ്ങളുടെ ബഹിരാകാശ സാഹസികതയുടെ അന്തരീക്ഷം വർദ്ധിപ്പിക്കുന്ന വ്യത്യസ്ത ഗാനങ്ങളോടെയാണ് വരുന്നത്.

തുടക്കത്തിൽ ഗെയിം അൽപ്പം കഠിനമായി തോന്നാം, പക്ഷേ പരിശീലനത്തിലൂടെ നിങ്ങൾക്ക് ഇത് എളുപ്പമാകും.
നുറുങ്ങ്: നിങ്ങൾ കാണുന്ന എല്ലാ ശത്രുക്കളെയും വെടിവയ്ക്കേണ്ടതില്ല — ചിലപ്പോൾ ഒഴിഞ്ഞുമാറുന്നതാണ് ഏറ്റവും മികച്ച തന്ത്രം.

✨ Paint Trek എന്നത് കുട്ടികൾക്ക് പ്രത്യേകിച്ചും അനുയോജ്യമായ രസകരവും സുരക്ഷിതവുമായ ഒരു അനുഭവമാണ്. നിങ്ങളുടെ കുട്ടികളോടൊപ്പം ഈ വർണ്ണാഭമായ ബഹിരാകാശ യാത്ര ആസ്വദിക്കൂ!","Paint Trek हा एक 2D शूटर गेम आहे जिथे तुमचे ध्येय शत्रूंच्या लाटांमधून वाचणे आणि शक्तिशाली बॉसेसचा पराभव करणे आहे. गेममध्ये 10 स्तर आहेत — प्रत्येक स्तरावर स्वतःचा बॉस आहे — आणि 19 अद्वितीय प्रकारचे शत्रू आहेत.

तुम्ही गेममध्ये 4 विविध प्रकारचे हिरे आणि 6 प्रकारची शस्त्रे गोळा करू शकता. प्रत्येक हिऱ्याचा प्रकार तुम्हाला शत्रूंचा सामना करण्यासाठी विशेष क्षमता देतो. (वस्तू आणि शत्रूंची माहिती एक्स्ट्रा मेनूमध्ये स्पष्ट केली आहे.)

🎵 एक्स्ट्रा मेनू तुम्हाला संपूर्ण गेमचा साउंडट्रॅक ऐकण्याची अनुमती देतो. प्रत्येक स्तरावर वेगळे गाणे आहे जे तुमच्या अंतराळ साहसाचे वातावरण वाढवते.

सुरुवातीला गेम थोडा कठीण वाटू शकतो, परंतु थोड्या सरावाने तुम्हाला त्याची सवय होईल.
टीप: तुम्हाला दिसणाऱ्या प्रत्येक शत्रूवर गोळी झाडण्याची गरज नाही — कधीकधी चकवा देणे हीच सर्वोत्तम युक्ती असते.

✨ Paint Trek हा एक मजेदार आणि सुरक्षित अनुभव आहे जो विशेषतः लहान मुलांसाठी उपयुक्त आहे. आपल्या मुलांसह या रंगीबेरंगी अंतराळ प्रवासाचा आनंद घ्या!","Paint Trek er et 2D-skytespill der målet ditt er å overleve bølger av fiender og beseire mektige bosser. Spillet byr på 10 nivåer – hvert med sin egen boss – og 19 unike fiendetyper.

Du kan samle 4 forskjellige diamanttyper og 6 våpentyper gjennom spillet. Hver diamanttype gir deg spesielle evner. (Gjenstander og fiender forklares i Ekstra-menyen.)

🎵 Ekstra-menyen lar deg også lytte til hele spillets lydspor.

Tips: Du trenger ikke å skyte hver eneste fiende — noen ganger er unnvikelse den beste taktikken.

✨ Paint Trek er en morsom og trygg opplevelse spesielt tilpasset yngre spillere. Nyt denne fargerike romreisen sammen med barna dine!","Paint Trek to strzelanka 2D, w której Twoim celem jest przetrwanie kolejnych fal wrogów i pokonanie potężnych bossów. Gra oferuje 10 poziomów — każdy z własnym bossem — oraz 19 unikalnych typów przeciwników.

Podczas rozgrywki możesz zbierać 4 różne rodzaje diamentów i 6 rodzajów broni. Każdy rodzaj diamentu daje specjalne zdolności ułatwiające walkę. (Przeciwnicy i przedmioty są opisani w Menu Ekstra).

🎵 Menu Ekstra umożliwia również odsłuchanie pełnej ścieżki dźwiękowej z gry. Każdy poziom ma dedykowany utwór, który buduje klimat kosmicznej przygody.

Na początku gra może wydawać się wymagająca, ale po chwili treningu szybko opanujesz sterowanie. Doświadczeni gracze poczują się tu jak w domu.
Wskazówka: Nie musisz strzelać do każdego wroga — czasami najlepszą taktyką jest po prostu unik.

✨ Paint Trek to wesoła i bezpieczna gra, stworzona ze szczególną myślą o młodszych graczach. Ciesz się tą kolorową kosmiczną podróżą razem ze swoimi dziećmi!","Paint Trek é um jogo de tiro 2D onde seu objetivo é sobreviver a ondas de inimigos e derrotar chefes poderosos. O jogo oferece 10 níveis — cada um com seu próprio chefe — e conta com 19 tipos únicos de inimigos.

Você pode coletar 4 tipos diferentes de diamantes e 6 tipos de armas ao longo da jornada. Cada tipo de diamante concede habilidades especiais para ajudar você a enfrentar os inimigos. (Itens e inimigos são detalhados no Menu Extra.)

🎵 O Menu Extra também permite que você ouça a trilha sonora completa do jogo. Cada nível vem com uma música diferente que enriquece a atmosfera da sua aventura espacial.

No começo, o jogo pode parecer um pouco difícil, mas com um pouco de prática você pega o jeito. Se você é um jogador experiente, vai se sentir em casa.
Dica: Você não precisa atirar em todos os inimigos que vê — às vezes, desviar é a melhor tática.

✨ Paint Trek é uma experiência divertida e segura, especialmente indicada para os jogadores mais jovens. Aproveite esta colorida viagem espacial junto com seus filhos!","Paint Trek é um jogo de tiro em 2D onde o seu objetivo é sobreviver a vagas de inimigos e derrotar bosses poderosos. O jogo oferece 10 níveis — cada um com o seu próprio boss — e apresenta 19 tipos únicos de inimigos.

Pode recolher 4 tipos diferentes de diamantes e 6 tipos de armas ao longo do jogo. Cada tipo de diamante concede habilidades especiais para ajudar a lidar com os inimigos. (Os itens e inimigos são explicados no Menu Extra.)

🎵 O Menu Extra também permite ouvir a banda sonora completa do jogo. Cada nível inclui uma música diferente que enriquece a atmosfera da sua aventura espacial.

De início, o jogo pode parecer exigente, mas com treino habituar-se-á rapidamente. Os jogadores veteranos sentir-se-ão em casa.
Dica: Não precisa de disparar sobre todos os inimigos que vê — por vezes, desviar-se é a melhor tática.

✨ Paint Trek é uma experiência divertida e segura, especialmente adequada para os jogadores mais novos. Desfrute desta colorida viagem espacial em família!","Paint Trek ਇੱਕ 2D ਸ਼ੂਟਰ ਗੇਮ ਹੈ ਜਿੱਥੇ ਤੁਹਾਡਾ ਟੀਚਾ ਦੁਸ਼ਮਣਾਂ ਦੀਆਂ ਲਹਿਰਾਂ ਤੋਂ ਬਚਣਾ ਅਤੇ ਸ਼ਕਤੀਸ਼ਾਲੀ ਬੌਸਾਂ ਨੂੰ ਹਰਾਉਣਾ ਹੈ। ਇਹ ਗੇਮ 10 ਲੈਵਲ ਪੇਸ਼ ਕਰਦੀ ਹੈ — ਹਰੇਕ ਵਿੱਚ ਆਪਣਾ ਬੌਸ ਹੈ — ਅਤੇ ਇਸ ਵਿੱਚ 19 ਵਿਲੱਖਣ ਕਿਸਮਾਂ ਦੇ ਦੁਸ਼ਮਣ ਹਨ।

ਤੁਸੀਂ ਪੂਰੀ ਖੇਡ ਦੌਰਾਨ 4 ਵੱਖ-ਵੱਖ ਕਿਸਮਾਂ ਦੇ ਹੀਰੇ ਅਤੇ 6 ਕਿਸਮਾਂ ਦੇ ਹਥਿਆਰ ਇਕੱਠੇ ਕਰ ਸਕਦੇ ਹੋ। ਹਰੇਕ ਹੀਰੇ ਦੀ ਕਿਸਮ ਤੁਹਾਨੂੰ ਦੁਸ਼ਮਣਾਂ ਨਾਲ ਨਜਿੱਠਣ ਵਿੱਚ ਮਦਦ ਕਰਨ ਲਈ ਵਿਸ਼ੇਸ਼ ਯੋਗਤਾਵਾਂ ਦਿੰਦੀ ਹੈ। (ਆਈਟਮਾਂ ਅਤੇ ਦੁਸ਼ਮਣਾਂ ਬਾਰੇ ਵਾਧੂ ਮੀਨੂ ਵਿੱਚ ਦੱਸਿਆ ਗਿਆ ਹੈ।)

🎵 ਵਾਧੂ ਮੀਨੂ ਤੁਹਾਨੂੰ ਪੂਰਾ ਗੇਮ ਸਾਊਂਡਟ੍ਰੈਕ ਸੁਣਨ ਦੀ ਇਜਾਜ਼ਤ ਵੀ ਦਿੰਦਾ ਹੈ।

ਸੁਝਾਅ: ਤੁਹਾਨੂੰ ਹਰ ਦੁਸ਼ਮਣ ਨੂੰ ਗੋਲੀ ਮਾਰਨ ਦੀ ਲੋੜ ਨਹੀਂ ਹੈ — ਕਈ ਵਾਰ ਬਚਣਾ ਹੀ ਸਭ ਤੋਂ ਵਧੀਆ ਰਣਨੀਤੀ ਹੁੰਦੀ ਹੈ।

✨ Paint Trek ਇੱਕ ਮਜ਼ੇਦਾਰ ਅਤੇ ਸੁਰੱਖਿਅਤ ਅਨੁਭਵ ਹੈ ਜੋ ਖਾਸ ਤੌਰ 'ਤੇ ਨੌਜਵਾਨ ਖਿਡਾਰੀਆਂ ਲਈ ਢੁਕਵਾਂ ਹੈ। ਆਪਣੇ ਬੱਚਿਆਂ ਨਾਲ ਇਸ ਰੰਗੀਨ ਪੁਲਾੜ ਯਾਤਰਾ ਦਾ ਆਨੰਦ ਮਾਣੋ!","Paint Trek este un joc de tras 2D în care scopul tău este să supraviețuiești valurilor de inamici și să învingi boși puternici. Jocul oferă 10 niveluri — fiecare cu propriul său boss — și include 19 tipuri unice de inamici.

Poți colecta 4 tipuri diferite de diamante și 6 tipuri de arme pe parcursul jocului. Fiecare tip de diamant îți oferă abilități speciale. (Obiectele și inamicii sunt explicați în Meniul Extra.)

🎵 Meniul Extra îți permite de asemenea să asculți întreaga coloană sonoră a jocului.

Sfat: Nu trebuie să tragi în fiecare inamic pe care îl vezi — uneori eschivarea este cea mai bună tactică.

✨ Paint Trek este o experiență distractivă și sigură, potrivită în special pentru jucătorii mai tineri. Bucurați-vă de această călătorie spațială plină de culoare alături de copiii voștri!","Paint Trek — это 2D-шутер, в котором ваша цель — выживать под натиском волн врагов и побеждать могущественных боссов. В игре 10 уровней (в каждом из них свой босс) и 19 уникальных видов противников.

В ходе прохождения вы можете собирать 4 вида алмазов и 6 типов оружия. Каждый тип алмазов дает особые способности, помогающие справляться с врагами. (Подробное описание предметов и противников доступно в Меню «Экстра»).

🎵 В Меню «Экстра» вы также можете послушать полный саундтрек игры. Для каждого уровня написана своя музыкальная композиция, создающая неповторимую атмосферу космического приключения.

Поначалу игра может показаться сложной, но немного практики — и вы освоитесь. Любители олдскульных аркад почувствуют себя как дома.
Совет: не обязательно стрелять во всех подряд — иногда лучше уклониться от атаки.

✨ Paint Trek — это веселое и безопасное приключение, идеально подходящее для юных игроков. Отправляйтесь в это красочное космическое путешествие всей семьей!","Paint Trek je 2D pucačka igra u kojoj je vaš cilj da preživite talase neprijatelja i porazite moćne bosove. Igra nudi 10 nivoa — svaki sa svojim bosom — i 19 jedinstvenih vrsta neprijatelja.

Tokom igre možete sakupljati 4 različite vrste dijamanata i 6 vrsta oružja. Svaka vrsta dijamanta vam daje posebne sposobnosti. (Predmeti i neprijatelji su objašnjeni u Extra Meniju.)

🎵 Extra Meni vam takođe omogućava da slušate kompletnu muziku iz igre.

Savet: Ne morate pucati na svakog neprijatelja — ponekad je izbegavanje najbolja taktika.

✨ Paint Trek je zabavno i bezbedno iskustvo posebno pogodno za mlađe igrače. Uživajte u ovom šarenom svemirskom putovanju sa svojom decom!","Paint Trek යනු සතුරන්ගෙන් බේරී බලවත් බොස්වරුන් පරාජය කිරීම ඔබේ ඉලක්කය වන 2D වෙඩි තැබීමේ ක්‍රීඩාවකි. ක්‍රීඩාව මට්ටම් 10 ක් ලබා දෙයි — ඒ සෑම එකක්ම තමන්ගේම බොස් කෙනෙකු සමඟින් — සහ සුවිශේෂී සතුරු වර්ග 19 කින් සමන්විත වේ.

ක්‍රීඩාව පුරාම ඔබට විවිධ වර්ගයේ දියමන්ති 4 ක් සහ ආයුධ වර්ග 6 ක් එකතු කර ගත හැකිය. සෑම දියමන්ති වර්ගයක්ම ඔබට සතුරන් පාලනය කිරීමට විශේෂ හැකියාවන් ලබා දෙයි. (භාණ්ඩ සහ සතුරන් අමතර මෙනුවෙහි විස්තර කර ඇත.)

🎵 අමතර මෙනුව මඟින් සම්පූර්ණ ක්‍රීඩා ශබ්ද පටයට සවන් දීමටද ඔබට ඉඩ සලසයි.

උපදෙස: ඔබ දකින සෑම සතුරෙකුටම වෙඩි තැබිය යුතු නැත — සමහර විට මඟහැරීම හොඳම උපක්‍රමයයි.

✨ Paint Trek යනු ළමුන් සඳහා විශේෂයෙන් සුදුසු විනෝදජනක සහ ආරක්ෂිත අත්දැකීමකි. ඔබේ දරුවන් සමඟ මෙම වර්ණවත් අභ්‍යවකාශ ගමන භුක්ති විඳින්න!","Paint Trek je 2D strieľačka, v ktorej je vaším cieľom prežiť vlny nepriateľov a poraziť mocných bossov. Hra ponúka 10 úrovní – každú s vlastným bossom – a 19 unikátnych typov nepriateľov.

Počas hry môžete zbierať 4 rôzne druhy diamantov a 6 druhov zbraní. Každý typ diamantu vám dáva špeciálne schopnosti. (Položky a nepriatelia sú popísaní v Extra Menu.)

🎵 Extra Menu vám tiež umožňuje vypočuť si kompletný soundtrack hry. Každá úroveň prichádza s vlastnou skladbou.

Tip: Nemusíte strieľať na každého nepriateľa — niekedy je najlepšou taktikou vyhýbanie sa.

✨ Paint Trek je zábavný a bezpečný zážitok vhodný najmä pre mladších hráčov. Užite si túto farebnú vesmírnu cestu spolu s deťmi!","Paint Trek je 2D strelska igra, kjer je vaš cilj preživeti valove sovražnikov in premagati mogočne šefe. Igra ponuja 10 stopenj — vsaka s svojim šefom — in 19 edinstvenih vrst sovražnikov.

Skozi igro lahko zbirate 4 različne vrste diamantov in 6 vrst orožij. Vsaka vrsta diamanta vam daje posebne sposobnosti. (Predmeti in sovražniki so razloženi v Extra Meniju.)

🎵 Extra Meni vam omogoča tudi poslušanje celotne glasbene podlage igre.

Nasvet: Ni vam treba ustreliti vsakega sovražnika — včasih je izmikanje najboljša taktika.

✨ Paint Trek je zabavna in varna izkušnja, posebej primerna za mlajše igralce. Uživajte v tem barvitem vesoljskem potovanju skupaj s svojimi otroki!","Paint Trek es un juego de disparos en 2D donde tu objetivo es sobrevivir a oleadas de enemigos y derrotar a poderosos jefes. El juego ofrece 10 niveles (cada uno con su propio jefe) y cuenta con 19 tipos únicos de enemigos.

Puedes recolectar 4 tipos diferentes de diamantes y 6 tipos de armas a lo largo del juego. Cada tipo de diamante te otorga habilidades especiales para ayudarte a enfrentar a tus rivales. (Los objetos y enemigos se explican en el Menú Extra).

🎵 El Menú Extra también te permite escuchar la banda sonora completa del juego. Cada nivel incluye una canción diferente que enriquece la atmósfera de tu aventura espacial.

Al principio, el juego puede parecer un poco difícil, pero con algo de práctica te acostumbrarás rápidamente. Si te consideras un jugador apasionado, te sentirás como en casa.
Consejo: No tienes que disparar a todos los enemigos que veas; a veces, esquivar es la mejor táctica.

✨ Paint Trek es una experiencia divertida y segura, especialmente pensada para los más pequeños. ¡Disfruta de este colorido viaje espacial junto a tus hijos!","Paint Trek es un juego de disparos en 2D donde tu objetivo es sobrevivir a oleadas de enemigos y vencer a poderosos jefes. El juego ofrece 10 niveles —cada uno con su propio jefe— y cuenta con 19 tipos únicos de enemigos.

Puedes recolectar 4 tipos diferentes de diamantes y 6 tipos de armas durante la partida. Cada tipo de diamante te da habilidades especiales para ayudarte a combatir a tus enemigos. (Los objetos y enemigos se explican en el Menú Extra).

🎵 El Menú Extra también te permite escuchar toda la música del juego. Cada nivel viene con una canción diferente que suma a la atmósfera de tu aventura espacial.

Al principio, el juego puede parecer un poco difícil, pero con práctica te acostumbrarás. Si eres un jugador experimentado, te sentirás muy a gusto.
Consejo: No tienes que dispararle a cada enemigo que veas; a veces esquivar es la mejor táctica.

✨ Paint Trek es una experiencia divertida y segura, ideal para los jugadores más jóvenes. ¡Disfruta de este colorido viaje espacial junto a tus hijos!","Paint Trek ni mchezo wa ufyatuaji wa 2D ambapo lengo lako ni kuishi dhidi ya mawimbi ya maadui na kuwashinda wakuu (bosses) wenye nguvu. Mchezo unatoa viwango 10 — kila kimoja kikiwa na bosi wake — na una aina 19 za kipekee za maadui.

Unaweza kukusanya aina 4 tofauti za almasi na aina 6 za silaha katika mchezo mzima. Kila aina ya almasi inakupa uwezo maalum wa kukusaidia kukabiliana na maadui zako. (Vitu na maadui vimeelezewa katika Menyu ya Ziada).

🎵 Menyu ya Ziada pia inakuruhusu kusikiliza muziki mzima wa mchezo. Kila ngazi inakuja na wimbo tofauti unaoongeza msisimko wa safari yako ya anga.

Mwanzoni, mchezo unaweza kuonekana kuwa mgumu kidogo, lakini kwa mazoezi kidogo, utauzoea haraka.
Kidokezo: Si lazima upige kila adui unayemwona — wakati mwingine kukwepa ndiyo mbinu bora zaidi.

✨ Paint Trek ni mchezo wa kufurahisha na salama unaofaa sana kwa wachezaji wachanga. Furahia safari hii ya anga yenye rangi tele pamoja na watoto wako!","Paint Trek är ett 2D-skjutspel där målet är att överleva vågor av fiender och besegra mäktiga bossar. Spelet erbjuder 10 nivåer – var och en med sin egen boss – och 19 unika fiendetyper.

Du kan samla 4 olika diamanttyper och 6 sorters vapen under spelets gång. Varje diamanttyp ger dig specialförmågor. (Föremål och fiender förklaras i Extramenyn.)

🎵 I Extramenyn kan du även lyssna på spelets fullständiga soundtrack.

Tips: Du behöver inte skjuta varje fiende du ser — ibland är det bäst att väja undan.

✨ Paint Trek är en rolig och säker upplevelse särskilt lämpad för yngre spelare. Njut av denna färgsprakande rymdresa tillsammans med dina barn!","Paint Trek என்பது ஒரு 2D ஷூட்டர் கேம் ஆகும், இதில் உங்கள் இலக்கு எதிரிகளின் அலைகளில் இருந்து தப்பித்து சக்திவாய்ந்த பாஸ்களை தோற்கடிப்பதாகும். இந்த விளையாட்டு 10 நிலைகளைக் கொண்டுள்ளது — ஒவ்வொன்றிலும் ஒரு பாஸ் உள்ளது — மற்றும் 19 தனித்துவமான எதிரி வகைகளைக் கொண்டுள்ளது.

விளையாட்டு முழுவதும் நீங்கள் 4 வெவ்வேறு வகையான வைரங்கள் மற்றும் 6 வகையான ஆயுதங்களை சேகரிக்கலாம். ஒவ்வொரு வைர வகையும் எதிரிகளை எதிர்கொள்ள உதவும் சிறப்பு திறன்களை வழங்குகிறது. (பொருட்கள் மற்றும் எதிரிகள் கூடுதல் மெனுவில் விளக்கப்பட்டுள்ளன.)

🎵 கூடுதல் மெனு முழு விளையாட்டு ஒலிப்பதிவையும் கேட்க உங்களை அனுமதிக்கிறது. ஒவ்வொரு நிலையும் விண்வெளி சாகசத்தின் சூழ்நிலையை சேர்க்கும் வெவ்வேறு பாடலுடன் வருகிறது.

முதலில் விளையாட்டு சற்று கடினமாக உணரப்படலாம், ஆனால் பயிற்சியின் மூலம் நீங்கள் அதை எளிதாக விளையாடலாம்.
குறிப்பு: நீங்கள் பார்க்கும் ஒவ்வொரு எதிரியையும் சுட வேண்டிய அவசியமில்லை — சில நேரங்களில் தப்பிப்பதே சிறந்த உத்தி.

✨ Paint Trek என்பது இளைய வீரர்களுக்கு மிகவும் பொருத்தமான ஒரு வேடிக்கையான மற்றும் பாதுகாப்பான அனுபவமாகும். உங்கள் குழந்தைகளுடன் இந்த வண்ணமயமான விண்வெளி பயணத்தை அனுபவிக்கவும்!","Paint Trek అనేది 2D షూటర్ గేమ్, ఇక్కడ మీ లక్ష్యం శత్రువుల తరంగాల నుండి బయటపడటం మరియు శక్తివంతమైన బాస్‌లను ఓడించడం. గేమ్ 10 స్థాయిలను అందిస్తుంది — ప్రతి ఒక్కటి దాని స్వంత బాస్‌తో — మరియు 19 ప్రత్యేక రకాల శత్రువులను కలిగి ఉంటుంది.

మీరు గేమ్ అంతటా 4 విభిన్న రకాల వజ్రాలు మరియు 6 రకాల ఆయుధాలను సేకరించవచ్చు. ప్రతి వజ్రం రకం మీ శత్రువులను ఎదుర్కోవటానికి ప్రత్యేక సామర్థ్యాలను ఇస్తుంది. (వస్తువులు మరియు శత్రువులు అదనపు మెనూలో వివరించబడ్డాయి.)

🎵 అదనపు మెనూ పూర్తి గేమ్ సౌండ్‌ట్రాక్‌ను వినడానికి కూడా మిమ్మల్ని అనుమతిస్తుంది. ప్రతి స్థాయి మీ అంతరిక్ష సాహస వాతావరణాన్ని పెంచే విభిన్న పాటతో వస్తుంది.

మొదట్లో ఆట కొంచెం కష్టంగా అనిపించవచ్చు, కానీ కాస్త సాధనతో మీరు అలవాటు పడతారు.
చిట్కా: మీరు చూసే ప్రతి శత్రువును కాల్చాల్సిన అవసరం లేదు — కొన్నిసార్లు తప్పించుకోవడమే ఉత్తమ వ్యూహం.

✨ Paint Trek అనేది సరదా మరియు సురక్షితమైన అనుభవం, ఇది ముఖ్యంగా చిన్న ఆటగాళ్లకు అనుకూలంగా ఉంటుంది. మీ పిల్లలతో కలిసి ఈ రంగుల అంతరిక్ష ప్రయాణాన్ని ఆస్వాదించండి!","Paint Trek เป็นเกมยิงแนว 2D ที่เป้าหมายของคุณคือการเอาชีวิตรอดจากคลื่นศัตรูและพิชิตบอสสุดแกร่ง เกมมีทั้งหมด 10 ด่าน ซึ่งแต่ละด่านจะมีบอสประจำด่าน และมีศัตรูที่มีเอกลักษณ์ถึง 19 ชนิด

คุณสามารถเก็บเพชรได้ 4 ชนิดและอาวุธ 6 ประเภทตลอดทั้งเกม เพชรแต่ละชนิดจะมอบความสามารถพิเศษที่ช่วยให้คุณรับมือกับศัตรูได้ง่ายขึ้น (สามารถดูข้อมูลไอเทมและศัตรูได้ในเมนูพิเศษ Extra Menu)

🎵 เมนูพิเศษยังให้คุณฟังเพลงประกอบฉากทั้งหมดของเกมได้อีกด้วย แต่ละด่านมาพร้อมกับบทเพลงเฉพาะตัวที่ช่วยเพิ่มบรรยากาศให้กับการผจญภัยในอวกาศของคุณ

ในช่วงแรก เกมอาจจะท้าทายเล็กน้อย แต่เมื่อฝึกฝนอีกนิด คุณจะคุ้นเคยกับมันอย่างรวดเร็ว หากคุณเป็นคอเกมตัวจริง คุณจะต้องหลงรักเกมนี้อย่างแน่นอน
เคล็ดลับ: คุณไม่จำเป็นต้องยิงศัตรูทุกตัวที่เห็น บางครั้งการหลบหลีกก็เป็นกลยุทธ์ที่ดีที่สุด

✨ Paint Trek เป็นประสบการณ์ที่สนุกสนานและปลอดภัย เหมาะเป็นพิเศษสำหรับผู้เล่นวัยเยาว์ เพลิดเพลินไปกับการเดินทางในอวกาศอันแสนสดใสนี้ร่วมกับลูกๆ ของคุณ!","Paint Trek — це 2D-шутер, у якому ваша мета — виживати серед хвиль ворогів і перемагати могутніх босів. Гра пропонує 10 рівнів (кожен зі своїм унікальним босом) та містить 19 різноманітних типів ворогів.

Під час проходження ви можете збирати 4 види діамантів та 6 типів зброї. Кожен тип діамантів дарує особливі здібності для боротьби з ворогами. (Опис предметів та ворогів є в Меню «Екстра».)

🎵 Меню «Екстра» також дозволяє прослухати повний саундтрек гри. Кожен рівень має власну музичну тему, що доповнює атмосферу космічної пригоди.

Спочатку гра може здатися складною, але трохи практики — і ви легко все опануєте.
Порада: не обов'язково стріляти в кожного ворога — іноді ухилення є найкращою тактикою.

✨ Paint Trek — це весела та безпечна гра, яка чудово підходить для юних гравців. Вирушайте в цю яскраву космічну подорож разом із дітьми!","Paint Trek ایک 2D شوٹر گیم ہے جہاں آپ کا مقصد دشمنوں کی لہروں سے بچنا اور طاقتور باسز کو شکست دینا ہے۔ یہ گیم 10 لیولز پیش کرتا ہے — ہر ایک اپنے باس کے ساتھ — اور اس میں 19 منفرد اقسام کے دشمن شامل ہیں۔

آپ پوری گیم کے دوران 4 مختلف اقسام کے ہیرے اور 6 اقسام کے ہتھیار جمع کر سکتے ہیں۔ ہیرے کی ہر قسم آپ کو دشمنوں سے نمٹنے کے لیے خصوصی صلاحیتیں دیتی ہے۔ (آئٹمز اور دشمنوں کی وضاحت ایکسٹرا مینو میں کی گئی ہے۔)

🎵 ایکسٹرا مینو آپ کو پورا گیم ساؤنڈ ٹریک سننے کی بھی اجازت دیتا ہے۔ ہر لیول ایک مختلف گانے کے ساتھ آتا ہے جو آپ کے خلائی ایڈونچر کے ماحول کو دوبالا کرتا ہے۔

شروع میں گیم تھوڑا مشکل لگ سکتا ہے، لیکن تھوڑی سی مشق کے ساتھ آپ اس کے عادی ہو جائیں گے۔
مشورہ: آپ کو نظر آنے والے ہر دشمن کو گولی مارنے کی ضرورت نہیں ہے — بعض اوقات بچ نکلنا ہی بہترین حکمت عملی ہوتی ہے۔

✨ Paint Trek ایک تفریحی اور محفوظ تجربہ ہے جو خاص طور پر نوجوان کھلاڑیوں کے لیے موزوں ہے۔ اپنے بچوں کے ساتھ اس رنگین خلائی سفر کا لطف اٹھائیں!","Paint Trek - bu 2D otishma o'yini bo'lib, unda sizning maqsadingiz dushmanlar to'lqinlaridan omon qolish va kuchli bosslarni mag'lub etishdir. O'yin 10 ta bosqichni taklif etadi — har birida o'z bossi bor — va 19 xil noyob dushman turlariga ega.

O'yin davomida siz 4 xil turdagi olmos va 6 turdagi qurollarni to'plashingiz mumkin. Har bir olmos turi sizga dushmanlarga qarshi kurashishda yordam beradigan maxsus qobiliyatlarni beradi. (Buyumlar va dushmanlar Ekstra Menyuda tushuntirilgan.)

🎵 Ekstra Menyu shuningdek o'yinning to'liq musiqasini tinglash imkonini beradi.

Maslahat: Ko'ringan har bir dushmanga o'q uzish shart emas — ba'zan qochib o'tish eng yaxshi taktikadir.

✨ Paint Trek - bu ayniqsa yosh o'yinchilar uchun juda mos bo'lgan qiziqarli va xavfsiz o'yin. Farzandlaringiz bilan birga ushbu rang-barang fazoviy sayohatdan zavqlaning!","Paint Trek là một trò chơi bắn súng 2D, nơi mục tiêu của bạn là sống sót qua các đợt tấn công của kẻ thù và đánh bại những tên trùm hùng mạnh. Trò chơi cung cấp 10 màn chơi — mỗi màn đều có trùm riêng — cùng 19 loại kẻ thù độc đáo.

Bạn có thể thu thập 4 loại kim cương khác nhau và 6 loại vũ khí trong suốt quá trình chơi. Mỗi loại kim cương mang lại cho bạn những khả năng đặc biệt giúp chiến đấu hiệu quả hơn. (Vật phẩm và kẻ thù được giải thích chi tiết trong Menu Phụ).

🎵 Menu Phụ cũng cho phép bạn nghe toàn bộ nhạc nền của trò chơi. Mỗi màn chơi đi kèm với một bản nhạc riêng biệt, tăng thêm bầu không khí cho cuộc phiêu lưu không gian.

Ban đầu, trò chơi có thể hơi khó, nhưng sau một thời gian luyện tập, bạn sẽ nhanh chóng làm quen. Nếu là một game thủ yêu thích thử thách, bạn sẽ rất thích thú.
Mẹo: Không nhất thiết phải bắn hạ mọi kẻ thù — đôi khi né tránh là chiến thuật tốt nhất.

✨ Paint Trek là một trải nghiệm vui nhộn và an toàn, đặc biệt phù hợp cho các bạn nhỏ. Hãy cùng con bạn tận hưởng chuyến du hành không gian đầy màu sắc này!"
ReleaseNotes,3,Text,,"Latest Major Updates
- Full desktop localization support for 64 languages, including Latin, Cyrillic, Arabic, CJK, Indic, and RTL languages.
- Improved localized font coverage to prevent missing-character issues across supported languages.
- Refined desktop menus, virtual-resolution scaling, controls, hover/selection feedback, and clickable areas.
- Added free desktop game modes with a mobile-inspired details interface.
- Enhanced gameplay feedback: progress tracking, boss indicators, pickup notifications, critical-hit effects, bullet glows, and health rewards.
- Improved mobile privacy/consent options and localized policy screens.
- Updated startup experience with adaptive Arar Games and MonoGame splash durations.",,,,,,,,,,,,,,,,,,,,,,,,,,,,,,,,,,,,,,,,,,,,,,,,,,,,,,,,,,,,,,
Title,4,Text,,Paint Trek,Paint Trek,Paint Trek,Paint Trek,Paint Trek,Paint Trek,Paint Trek,Paint Trek,Paint Trek,Paint Trek,Paint Trek,Paint Trek,Paint Trek,Paint Trek,Paint Trek,Paint Trek,Paint Trek,Paint Trek,Paint Trek,Paint Trek,Paint Trek,Paint Trek,Paint Trek,Paint Trek,Paint Trek,Paint Trek,Paint Trek,Paint Trek,Paint Trek,Paint Trek,Paint Trek,Paint Trek,Paint Trek,Paint Trek,Paint Trek,Paint Trek,Paint Trek,Paint Trek,Paint Trek,Paint Trek,Paint Trek,Paint Trek,Paint Trek,Paint Trek,Paint Trek,Paint Trek,Paint Trek,Paint Trek,Paint Trek,Paint Trek,Paint Trek,Paint Trek,Paint Trek,Paint Trek,Paint Trek,Paint Trek,Paint Trek,Paint Trek,Paint Trek,Paint Trek,Paint Trek,Paint Trek,Paint Trek
ShortTitle,5,Text,,Paint Trek,Paint Trek,Paint Trek,Paint Trek,Paint Trek,Paint Trek,Paint Trek,Paint Trek,Paint Trek,Paint Trek,Paint Trek,Paint Trek,Paint Trek,Paint Trek,Paint Trek,Paint Trek,Paint Trek,Paint Trek,Paint Trek,Paint Trek,Paint Trek,Paint Trek,Paint Trek,Paint Trek,Paint Trek,Paint Trek,Paint Trek,Paint Trek,Paint Trek,Paint Trek,Paint Trek,Paint Trek,Paint Trek,Paint Trek,Paint Trek,Paint Trek,Paint Trek,Paint Trek,Paint Trek,Paint Trek,Paint Trek,Paint Trek,Paint Trek,Paint Trek,Paint Trek,Paint Trek,Paint Trek,Paint Trek,Paint Trek,Paint Trek,Paint Trek,Paint Trek,Paint Trek,Paint Trek,Paint Trek,Paint Trek,Paint Trek,Paint Trek,Paint Trek,Paint Trek,Paint Trek,Paint Trek,Paint Trek
SortTitle,6,Text,,,,,,,,,,,,,,,,,,,,,,,,,,,,,,,,,,,,,,,,,,,,,,,,,,,,,,,,,,,,,,,,
VoiceTitle,7,Text,,Paint Trek,Paint Trek,Paint Trek,Paint Trek,Paint Trek,Paint Trek,Paint Trek,Paint Trek,Paint Trek,Paint Trek,Paint Trek,Paint Trek,Paint Trek,Paint Trek,Paint Trek,Paint Trek,Paint Trek,Paint Trek,Paint Trek,Paint Trek,Paint Trek,Paint Trek,Paint Trek,Paint Trek,Paint Trek,Paint Trek,Paint Trek,Paint Trek,Paint Trek,Paint Trek,Paint Trek,Paint Trek,Paint Trek,Paint Trek,Paint Trek,Paint Trek,Paint Trek,Paint Trek,Paint Trek,Paint Trek,Paint Trek,Paint Trek,Paint Trek,Paint Trek,Paint Trek,Paint Trek,Paint Trek,Paint Trek,Paint Trek,Paint Trek,Paint Trek,Paint Trek,Paint Trek,Paint Trek,Paint Trek,Paint Trek,Paint Trek,Paint Trek,Paint Trek,Paint Trek,Paint Trek,Paint Trek,Paint Trek
ShortDescription,8,Text,,"""Paint Trek is a colorful and exciting shooter game designed especially for kids. Fly your ship, defeat silly enemies, and enjoy catchy music in a fun and safe game world!""","Paint Trek, özellikle çocuklar için tasarlanmış renkli ve heyecan verici bir nişancı oyunudur. Geminizi uçurun, düşmanları yenin ve eğlenceli bir dünyada müziklerin tadını çıkarın!",Paint Trek është një lojë qitjeje 2D shumëngjyrëshe dhe emocionuese për fëmijë. Drejtoni anijen tuaj në një botë të sigurt loje!,Paint Trek በተለይ ለህፃናት ተብሎ የተሰራ በቀለማት ያሸበረቀ እና አስደሳች የ2D ተኳሽ ጨዋታ ነው። በአስተማማኝ ዓለም ውስጥ ይደሰቱ!,Paint Trek هي لعبة تصويب ملونة وممتعة مصممة خصيصاً للأطفال. قم بقيادة سفينتك واهزم الأعداء واستمتع بالموسيقى في عالم آمن ومرح!,Paint Trek-ը գունեղ և հետաքրքիր 2D հրաձիգ խաղ է երեխաների համար: Կառավարեք ձեր տիեզերանավը և վայելեք անվտանգ աշխարհը:,Paint Trek xüsusilə uşaqlar üçün hazırlanmış rəngarəng və həyəcanverici 2D atıcı oyunudur. Gəminizi idarə edin və təhlükəsiz dünyada əylənin!,Paint Trek — гэта маляўнічы і захапляльны 2D-шутэр для дзяцей. Кіруйце караблём і атрымлівайце асалоду ад бяспечнага свету гульні!,Paint Trek শিশুদের জন্য বিশেষভাবে তৈরি একটি রঙিন এবং উত্তেজনাপূর্ণ শুটার গেম। আপনার মহাকাশযান চালান এবং একটি নিরাপদ জগতে মজাদার সঙ্গীত উপভোগ করুন!,Paint Trek je šarena i uzbudljiva 2D pucačina za djecu. Upravljajte brodom i uživajte u sigurnom svijetu zabave!,Paint Trek е цветна и вълнуваща 2D шутър игра за деца. Управлявайте кораба си и се наслаждавайте на музика в безопасен свят!,Paint Trek és un joc de trets en 2D colorit i emocionant dissenyat per a nens. Pilota la teva nau en un món segur i divertit!,《Paint Trek》是一款专为儿童打造的色彩缤纷、精彩刺激的射击游戏。驾驶飞船击败可爱敌人，在安全有趣的乐园中畅听动感音乐！,《Paint Trek》是一款專為兒童打造的色彩繽紛、刺激有趣的射擊遊戲。駕駛飛船擊退敵人，在安全歡樂的世界中享受動感音樂！,Paint Trek je šarena i uzbudljiva 2D pucačina stvorena za djecu. Upravljajte brodom i uživajte u sigurnom svijetu igre!,Paint Trek je barevná a vzrušující 2D střílečka navržená pro děti. Létejte se svou lodí a bavte se v bezpečném herním světě!,Paint Trek er et farverigt og spændende 2D-skydespil for børn. Flyv dit skib og nyd en sikker og sjov spilverden!,Paint Trek is een kleurrijke en spannende shooter speciaal ontworpen voor kinderen. Bestuur je schip en geniet van een veilige en vrolijke spelwereld!,Paint Trek on värvikas ja põnev 2D tulistamismäng lastele. Juhtige oma laeva ja nautige lõbusat ning turvalist mängumaailma!,Paint Trek on värikäs ja jännittävä 2D-räiskintäpeli lapsille. Ohjaa alustasi ja nauti hauskasta ja turvallisesta pelimaailmasta!,Paint Trek est un jeu de tir coloré et passionnant spécialement conçu pour les enfants. Pilotez votre vaisseau et profitez d'un monde ludique et sécurisé !,Paint Trek არის ფერადი და საინტერესო 2D მსროლელი თამაში ბავშვებისთვის. მართეთ თქვენი ხომალდი და ისიამოვნეთ უსაფრთხო სამყაროში!,"Paint Trek ist ein farbenfroher und aufregender Shooter, der speziell für Kinder entwickelt wurde. Fliege dein Schiff und besiege Feinde in einer sicheren Spielwelt!",Το Paint Trek είναι ένα πολύχρωμο και συναρπαστικό 2D shooter για παιδιά. Πιλοτάρετε το σκάφος σας και διασκεδάστε σε έναν ασφαλή κόσμο!,Paint Trek એ ખાસ કરીને બાળકો માટે બનાવેલ રંગબેરંગી અને રોમાંચક શૂટર ગેમ છે. તમારા જહાજને ઉડાડો અને સુરક્ષિત વિશ્વમાં સંગીતનો આનંદ લો!,"Paint Trek הוא משחק יריות צבעוני ומלהיב שתוכנן במיוחד לילדים. הטיסו את החללית, הביסו אויבים ותיהנו מעולם משחק בטוח ומהנה!",Paint Trek बच्चों के लिए विशेष रूप से डिज़ाइन किया गया एक रंगीन और रोमांचक 2D शूटर गेम है। अपना जहाज उड़ाएं और सुरक्षित दुनिया में संगीत का आनंद लें!,A Paint Trek egy színes és izgalmas 2D-s lövöldözős játék gyerekeknek. Irányítsd az űrhajódat és élvezd a biztonságos játékvilágot!,Paint Trek er litríkur og spennandi 2D skotleikur hannaður fyrir börn. Stýrðu geimskipinu og njóttu öruggs leikjaheims!,"Paint Trek adalah game shooter 2D yang seru dan penuh warna khusus untuk anak-anak. Terbangkan kapal Anda, kalahkan musuh, dan nikmati musik di dunia yang aman!",Paint Trek è uno sparatutto colorato ed emozionante progettato per i bambini. Pilota la tua astronave e divertiti in un mondo sicuro e allegro!,『Paint Trek』は子ども向けに作られたカラフルで爽快な2Dシューティングです。宇宙船を操り、ユニークな敵を倒しながら安全で楽しい世界を満喫しよう！,Paint Trek ಎಂಬುದು ಮಕ್ಕಳಿಗಾಗಿ ವಿಶೇಷವಾಗಿ ವಿನ್ಯಾಸಗೊಳಿಸಲಾದ ವರ್ಣರಂಜಿತ ಮತ್ತು ರೋಮಾಂಚಕಾರಿ ಶೂಟರ್ ಆಟವಾಗಿದೆ. ಸುರಕ್ಷಿತ ಜಗತ್ತಿನಲ್ಲಿ ನಿಮ್ಮ ಹಡಗನ್ನು ಚಲಾಯಿಸಿ!,Paint Trek — балаларға арналған түрлі-түсті және қызықты 2D атқыш ойыны. Кемеңізді басқарыңыз және қауіпсіз ойын әлемінде көңіл көтеріңіз!,Paint Trek은 어린이를 위해 특별히 제작된 다채롭고 신나는 2D 슈팅 게임입니다. 우주선을 조종해 재미있는 적들을 물리치고 안전한 게임 세상을 즐겨보세요!,Paint Trek یارییەکی تەقەکەری 2D ڕەنگاوڕەنگ و پڕ لە جۆشە بۆ منداڵان. کەشتییەکەت لێبخوڕە و چێژ لە جیهانێکی سەلامەت وەربگرە!,Paint Trek ir krāsaina un aizraujoša 2D šaušanas spēle bērniem. Vadiet kuģi un baudiet mūziku drošā pasaulē!,Paint Trek yra spalvinga ir įtraukianti 2D šaudyklė vaikams. Valdykite laivą ir mėgaukitės saugiu bei linksmu žaidimu!,Paint Trek е шарена и возбудлива 2D пукачка игра за деца. Управувајте со бродот и уживајте во безбеден свет на забава!,"Paint Trek കുട്ടികൾക്കായി പ്രത്യേകം രൂപകൽപ്പന ചെയ്ത വർണ്ണാഭമായ 2D ഷൂട്ടർ ഗെയിമാണ്. സുരക്ഷിതമായ ലോകത്ത് കപ്പൽ പറത്തൂ, സംഗീതം ആസ്വദിക്കൂ!",Paint Trek हा मुलांसाठी खास तयार केलेला एक रंगीबेरंगी आणि रोमांचक शूटर गेम आहे. तुमचे जहाज चालवा आणि सुरक्षित जगात संगीताचा आनंद घ्या!,Paint Trek er et fargerikt og spennende 2D-skytespill for barn. Fly skipet ditt og kos deg i en trygg og morsom spillverden!,"Paint Trek to kolorowa i ekscytująca strzelanka stworzona z myślą o dzieciach. Steruj statkiem, pokonuj wrogów i baw się w bezpiecznym świecie!",Paint Trek é um jogo de tiro colorido e empolgante feito especialmente para crianças. Pilote sua nave e divirta-se em um mundo seguro e alegre!,Paint Trek é um jogo de tiros colorido e emocionante pensado para crianças. Pilote a sua nave e desfrute de um mundo seguro e divertido!,Paint Trek ਬੱਚਿਆਂ ਲਈ ਵਿਸ਼ੇਸ਼ ਤੌਰ 'ਤੇ ਤਿਆਰ ਕੀਤੀ ਗਈ ਇੱਕ ਰੰਗੀਨ ਅਤੇ ਦਿਲਚਸਪ ਸ਼ੂਟਰ ਗੇਮ ਹੈ। ਆਪਣਾ ਜਹਾਜ਼ ਉਡਾਓ ਅਤੇ ਸੁਰੱਖਿਅਤ ਸੰਸਾਰ ਦਾ ਆਨੰਦ ਲਓ!,Paint Trek este un joc de tras 2D colorat și captivant creat pentru copii. Pilotează nava și distrează-te într-o lume sigură!,"Paint Trek — красочный и увлекательный 2D-шутер для детей. Управляйте кораблем, побеждайте забавных врагов и наслаждайтесь отличной музыкой в безопасном мире!",Paint Trek je šarena i uzbudljiva 2D pucačina stvorena za decu. Pilotirajte brodom i uživajte u bezbednom svetu igre!,Paint Trek යනු ළමුන් සඳහා විශේෂයෙන් නිර්මාණය කරන ලද වර්ණවත් හා උද්යෝගිමත් 2D වෙඩි තැබීමේ ක්‍රීඩාවකි. ආරක්ෂිත ලෝකයක ක්‍රීඩා කර විනෝද වන්න!,Paint Trek je farebná a vzrušujúca 2D strieľačka pre deti. Pilotujte svoju loď a užívajte si skvelú hudbu v bezpečnom svete!,Paint Trek je barvita in vznemirljiva 2D strelska igra za otroke. Pilotirajte ladjo in uživajte v varnem svetu igre!,"Paint Trek es un juego de disparos colorido y emocionante diseñado para niños. ¡Pilota tu nave, vence enemigos y disfruta de un mundo seguro y divertido!","Paint Trek es un juego de disparos colorido y emocionante diseñado para niños. ¡Pilota tu nave, derrota enemigos y diviértete en un entorno seguro!",Paint Trek ni mchezo wa kuvutia wa ufyatuaji wa 2D ulioundwa mahususi kwa watoto. Endesha chombo chako na ufurahie ulimwengu salama na wa kufurahisha!,Paint Trek är ett färgstarkt och spännande 2D-skjutspel för barn. Flyg ditt skepp och njut i en trygg och lekfull värld!,Paint Trek என்பது குழந்தைகளுக்காக வடிவமைக்கப்பட்ட வண்ணமயமான மற்றும் அற்புதமான ஷூட்டர் கேம். பாதுகாப்பான உலகில் உங்கள் கப்பலை ஓட்டி மகிழுங்கள்!,Paint Trek అనేది పిల్లల కోసం ప్రత్యేకంగా రూపొందించబడిన రంగురంగుల మరియు ఉత్తేజకరమైన షూటర్ గేమ్. సురక్షితమైన ప్రపంచంలో మీ నౌకను నడపండి!,Paint Trek เป็นเกมยิง 2D สีสันสดใสที่ออกแบบมาเพื่อเด็กๆ โดยเฉพาะ บังคับยาน พิชิตศัตรู และเพลิดเพลินกับเสียงเพลงในโลกเกมที่สนุกและปลอดภัย!,"Paint Trek — це барвистий та захопливий 2D-шутер для дітей. Керуйте кораблем, перемагайте ворогів та насолоджуйтеся музикою у безпечному світі!",Paint Trek بچوں کے لیے خاص طور پر ڈیزائن کیا گیا ایک رنگین اور سنسنی خیز 2D شوٹر گیم ہے۔ محفوظ دنیا میں لطف اٹھائیں!,Paint Trek - bolalar uchun maxsus yaratilgan rang-barang va qiziqarli 2D otishma o'yini. Kemangizni boshqaring va xavfsiz dunyoda zavqlaning!,"Paint Trek là game bắn súng 2D đầy màu sắc và thú vị dành riêng cho trẻ em. Lái phi thuyền, đánh bại kẻ thù và thưởng thức âm nhạc trong thế giới an toàn!"
DevStudio,9,Text,,Koray Arar,Koray Arar,Koray Arar,Koray Arar,Koray Arar,Koray Arar,Koray Arar,Koray Arar,Koray Arar,Koray Arar,Koray Arar,Koray Arar,Koray Arar,Koray Arar,Koray Arar,Koray Arar,Koray Arar,Koray Arar,Koray Arar,Koray Arar,Koray Arar,Koray Arar,Koray Arar,Koray Arar,Koray Arar,Koray Arar,Koray Arar,Koray Arar,Koray Arar,Koray Arar,Koray Arar,Koray Arar,Koray Arar,Koray Arar,Koray Arar,Koray Arar,Koray Arar,Koray Arar,Koray Arar,Koray Arar,Koray Arar,Koray Arar,Koray Arar,Koray Arar,Koray Arar,Koray Arar,Koray Arar,Koray Arar,Koray Arar,Koray Arar,Koray Arar,Koray Arar,Koray Arar,Koray Arar,Koray Arar,Koray Arar,Koray Arar,Koray Arar,Koray Arar,Koray Arar,Koray Arar,Koray Arar,Koray Arar
CopyrightTrademarkInformation,12,Text,,© 2025 ArarGame. All rights reserved.,© 2025 ArarGame. All rights reserved.,© 2025 ArarGame. All rights reserved.,© 2025 ArarGame. All rights reserved.,© 2025 ArarGame. All rights reserved.,© 2025 ArarGame. All rights reserved.,© 2025 ArarGame. All rights reserved.,© 2025 ArarGame. All rights reserved.,© 2025 ArarGame. All rights reserved.,© 2025 ArarGame. All rights reserved.,© 2025 ArarGame. All rights reserved.,© 2025 ArarGame. All rights reserved.,© 2025 ArarGame. All rights reserved.,© 2025 ArarGame. All rights reserved.,© 2025 ArarGame. All rights reserved.,© 2025 ArarGame. All rights reserved.,© 2025 ArarGame. All rights reserved.,© 2025 ArarGame. All rights reserved.,© 2025 ArarGame. All rights reserved.,© 2025 ArarGame. All rights reserved.,© 2025 ArarGame. All rights reserved.,© 2025 ArarGame. All rights reserved.,© 2025 ArarGame. All rights reserved.,© 2025 ArarGame. All rights reserved.,© 2025 ArarGame. All rights reserved.,© 2025 ArarGame. All rights reserved.,© 2025 ArarGame. All rights reserved.,© 2025 ArarGame. All rights reserved.,© 2025 ArarGame. All rights reserved.,© 2025 ArarGame. All rights reserved.,© 2025 ArarGame. All rights reserved.,© 2025 ArarGame. All rights reserved.,© 2025 ArarGame. All rights reserved.,© 2025 ArarGame. All rights reserved.,© 2025 ArarGame. All rights reserved.,© 2025 ArarGame. All rights reserved.,© 2025 ArarGame. All rights reserved.,© 2025 ArarGame. All rights reserved.,© 2025 ArarGame. All rights reserved.,© 2025 ArarGame. All rights reserved.,© 2025 ArarGame. All rights reserved.,© 2025 ArarGame. All rights reserved.,© 2025 ArarGame. All rights reserved.,© 2025 ArarGame. All rights reserved.,© 2025 ArarGame. All rights reserved.,© 2025 ArarGame. All rights reserved.,© 2025 ArarGame. All rights reserved.,© 2025 ArarGame. All rights reserved.,© 2025 ArarGame. All rights reserved.,© 2025 ArarGame. All rights reserved.,© 2025 ArarGame. All rights reserved.,© 2025 ArarGame. All rights reserved.,© 2025 ArarGame. All rights reserved.,© 2025 ArarGame. All rights reserved.,© 2025 ArarGame. All rights reserved.,© 2025 ArarGame. All rights reserved.,© 2025 ArarGame. All rights reserved.,© 2025 ArarGame. All rights reserved.,© 2025 ArarGame. All rights reserved.,© 2025 ArarGame. All rights reserved.,© 2025 ArarGame. All rights reserved.,© 2025 ArarGame. All rights reserved.,© 2025 ArarGame. All rights reserved.
AdditionalLicenseTerms,13,Text,,This product is licensed for personal and non-commercial use only.,This product is licensed for personal and non-commercial use only.,This product is licensed for personal and non-commercial use only.,This product is licensed for personal and non-commercial use only.,This product is licensed for personal and non-commercial use only.,This product is licensed for personal and non-commercial use only.,This product is licensed for personal and non-commercial use only.,This product is licensed for personal and non-commercial use only.,This product is licensed for personal and non-commercial use only.,This product is licensed for personal and non-commercial use only.,This product is licensed for personal and non-commercial use only.,This product is licensed for personal and non-commercial use only.,This product is licensed for personal and non-commercial use only.,This product is licensed for personal and non-commercial use only.,This product is licensed for personal and non-commercial use only.,This product is licensed for personal and non-commercial use only.,This product is licensed for personal and non-commercial use only.,This product is licensed for personal and non-commercial use only.,This product is licensed for personal and non-commercial use only.,This product is licensed for personal and non-commercial use only.,This product is licensed for personal and non-commercial use only.,This product is licensed for personal and non-commercial use only.,This product is licensed for personal and non-commercial use only.,This product is licensed for personal and non-commercial use only.,This product is licensed for personal and non-commercial use only.,This product is licensed for personal and non-commercial use only.,This product is licensed for personal and non-commercial use only.,This product is licensed for personal and non-commercial use only.,This product is licensed for personal and non-commercial use only.,This product is licensed for personal and non-commercial use only.,This product is licensed for personal and non-commercial use only.,This product is licensed for personal and non-commercial use only.,This product is licensed for personal and non-commercial use only.,This product is licensed for personal and non-commercial use only.,This product is licensed for personal and non-commercial use only.,This product is licensed for personal and non-commercial use only.,This product is licensed for personal and non-commercial use only.,This product is licensed for personal and non-commercial use only.,This product is licensed for personal and non-commercial use only.,This product is licensed for personal and non-commercial use only.,This product is licensed for personal and non-commercial use only.,This product is licensed for personal and non-commercial use only.,This product is licensed for personal and non-commercial use only.,This product is licensed for personal and non-commercial use only.,This product is licensed for personal and non-commercial use only.,This product is licensed for personal and non-commercial use only.,This product is licensed for personal and non-commercial use only.,This product is licensed for personal and non-commercial use only.,This product is licensed for personal and non-commercial use only.,This product is licensed for personal and non-commercial use only.,This product is licensed for personal and non-commercial use only.,This product is licensed for personal and non-commercial use only.,This product is licensed for personal and non-commercial use only.,This product is licensed for personal and non-commercial use only.,This product is licensed for personal and non-commercial use only.,This product is licensed for personal and non-commercial use only.,This product is licensed for personal and non-commercial use only.,This product is licensed for personal and non-commercial use only.,This product is licensed for personal and non-commercial use only.,This product is licensed for personal and non-commercial use only.,This product is licensed for personal and non-commercial use only.,This product is licensed for personal and non-commercial use only.,This product is licensed for personal and non-commercial use only.
DesktopScreenshot1,100,Relative path (or URL to file in Partner Center),,https://developer.microsoft.com/en-us/dashboard/apps/9WZDNCRDPZNH/submissions/1152921505701756398/listings/1152921504649329823/listingassets/3019661933546835962,https://developer.microsoft.com/en-us/dashboard/apps/9WZDNCRDPZNH/submissions/1152921505701756398/listings/1152922700027044575/listingassets/3019661933546835962,https://developer.microsoft.com/en-us/dashboard/apps/9WZDNCRDPZNH/submissions/1152921505701756398/listings/1152922700027044656/listingassets/3019661933546835962,https://developer.microsoft.com/en-us/dashboard/apps/9WZDNCRDPZNH/submissions/1152921505701756398/listings/1152922700027044707/listingassets/3019661933546835962,https://developer.microsoft.com/en-us/dashboard/apps/9WZDNCRDPZNH/submissions/1152921505701756398/listings/1152922700027044701/listingassets/3019661933546835962,https://developer.microsoft.com/en-us/dashboard/apps/9WZDNCRDPZNH/submissions/1152921505701756398/listings/1152922700027044736/listingassets/3019661933546835962,https://developer.microsoft.com/en-us/dashboard/apps/9WZDNCRDPZNH/submissions/1152921505701756398/listings/1152922700027044748/listingassets/3019661933546835962,https://developer.microsoft.com/en-us/dashboard/apps/9WZDNCRDPZNH/submissions/1152921505701756398/listings/1152922700027044796/listingassets/3019661933546835962,https://developer.microsoft.com/en-us/dashboard/apps/9WZDNCRDPZNH/submissions/1152921505701756398/listings/1152922700027044530/listingassets/3019661933546835962,https://developer.microsoft.com/en-us/dashboard/apps/9WZDNCRDPZNH/submissions/1152921505701756398/listings/1152922700027044784/listingassets/3019661933546835962,https://developer.microsoft.com/en-us/dashboard/apps/9WZDNCRDPZNH/submissions/1152921505701756398/listings/1152922700027044815/listingassets/3019661933546835962,https://developer.microsoft.com/en-us/dashboard/apps/9WZDNCRDPZNH/submissions/1152921505701756398/listings/1152922700027044620/listingassets/3019661933546835962,https://developer.microsoft.com/en-us/dashboard/apps/9WZDNCRDPZNH/submissions/1152921505701756398/listings/1152922700027044643/listingassets/3019661933546835962,https://developer.microsoft.com/en-us/dashboard/apps/9WZDNCRDPZNH/submissions/1152921505701756398/listings/1152922700027044857/listingassets/3019661933546835962,https://developer.microsoft.com/en-us/dashboard/apps/9WZDNCRDPZNH/submissions/1152921505701756398/listings/1152922700027044893/listingassets/3008723517300939267,https://developer.microsoft.com/en-us/dashboard/apps/9WZDNCRDPZNH/submissions/1152921505701756398/listings/1152922700027044553/listingassets/3019661933546835962,https://developer.microsoft.com/en-us/dashboard/apps/9WZDNCRDPZNH/submissions/1152921505701756398/listings/1152922700027044950/listingassets/3019661933546835962,https://developer.microsoft.com/en-us/dashboard/apps/9WZDNCRDPZNH/submissions/1152921505701756398/listings/1152922700027044974/listingassets/3069785590494834977,https://developer.microsoft.com/en-us/dashboard/apps/9WZDNCRDPZNH/submissions/1152921505701756398/listings/1152922700027044993/listingassets/3008723517300939267,https://developer.microsoft.com/en-us/dashboard/apps/9WZDNCRDPZNH/submissions/1152921505701756398/listings/1152922700027045018/listingassets/3019661933546835962,https://developer.microsoft.com/en-us/dashboard/apps/9WZDNCRDPZNH/submissions/1152921505701756398/listings/1152922700027044875/listingassets/3019661933546835962,https://developer.microsoft.com/en-us/dashboard/apps/9WZDNCRDPZNH/submissions/1152921505701756398/listings/1152922700027045042/listingassets/3019661933546835962,https://developer.microsoft.com/en-us/dashboard/apps/9WZDNCRDPZNH/submissions/1152921505701756398/listings/1152922700027045064/listingassets/3019661933546835962,https://developer.microsoft.com/en-us/dashboard/apps/9WZDNCRDPZNH/submissions/1152921505701756398/listings/1152922700027045077/listingassets/3019661933546835962,https://developer.microsoft.com/en-us/dashboard/apps/9WZDNCRDPZNH/submissions/1152921505701756398/listings/1152922700027045112/listingassets/3019661933546835962,https://developer.microsoft.com/en-us/dashboard/apps/9WZDNCRDPZNH/submissions/1152921505701756398/listings/1152922700027045132/listingassets/3019661933546835962,https://developer.microsoft.com/en-us/dashboard/apps/9WZDNCRDPZNH/submissions/1152921505701756398/listings/1152922700027045183/listingassets/3019661933546835962,https://developer.microsoft.com/en-us/dashboard/apps/9WZDNCRDPZNH/submissions/1152921505701756398/listings/1152922700027045192/listingassets/3019661933546835962,https://developer.microsoft.com/en-us/dashboard/apps/9WZDNCRDPZNH/submissions/1152921505701756398/listings/1152922700027045155/listingassets/3008723517300939267,https://developer.microsoft.com/en-us/dashboard/apps/9WZDNCRDPZNH/submissions/1152921505701756398/listings/1152922700027045209/listingassets/3008723517300939267,https://developer.microsoft.com/en-us/dashboard/apps/9WZDNCRDPZNH/submissions/1152921505701756398/listings/1152922700027044932/listingassets/3019661933546835962,https://developer.microsoft.com/en-us/dashboard/apps/9WZDNCRDPZNH/submissions/1152921505701756398/listings/1152922700027045270/listingassets/3019661933546835962,https://developer.microsoft.com/en-us/dashboard/apps/9WZDNCRDPZNH/submissions/1152921505701756398/listings/1152922700027045239/listingassets/3019661933546835962,https://developer.microsoft.com/en-us/dashboard/apps/9WZDNCRDPZNH/submissions/1152921505701756398/listings/1152922700027045348/listingassets/3019661933546835962,https://developer.microsoft.com/en-us/dashboard/apps/9WZDNCRDPZNH/submissions/1152921505701756398/listings/1152922700027045373/listingassets/3019661933546835962,https://developer.microsoft.com/en-us/dashboard/apps/9WZDNCRDPZNH/submissions/1152921505701756398/listings/1152922700027045335/listingassets/3019661933546835962,https://developer.microsoft.com/en-us/dashboard/apps/9WZDNCRDPZNH/submissions/1152921505701756398/listings/1152922700027045404/listingassets/3019661933546835962,https://developer.microsoft.com/en-us/dashboard/apps/9WZDNCRDPZNH/submissions/1152921505701756398/listings/1152922700027045459/listingassets/3019661933546835962,https://developer.microsoft.com/en-us/dashboard/apps/9WZDNCRDPZNH/submissions/1152921505701756398/listings/1152922700027045451/listingassets/3019661933546835962,https://developer.microsoft.com/en-us/dashboard/apps/9WZDNCRDPZNH/submissions/1152921505701756398/listings/1152922700027045496/listingassets/3019661933546835962,https://developer.microsoft.com/en-us/dashboard/apps/9WZDNCRDPZNH/submissions/1152921505701756398/listings/1152922700027045528/listingassets/3019661933546835962,https://developer.microsoft.com/en-us/dashboard/apps/9WZDNCRDPZNH/submissions/1152921505701756398/listings/1152922700027045550/listingassets/3019661933546835962,https://developer.microsoft.com/en-us/dashboard/apps/9WZDNCRDPZNH/submissions/1152921505701756398/listings/1152922700027045292/listingassets/3019661933546835962,https://developer.microsoft.com/en-us/dashboard/apps/9WZDNCRDPZNH/submissions/1152921505701756398/listings/1152922700027045572/listingassets/3019661933546835962,https://developer.microsoft.com/en-us/dashboard/apps/9WZDNCRDPZNH/submissions/1152921505701756398/listings/1152922700027045580/listingassets/3019661933546835962,https://developer.microsoft.com/en-us/dashboard/apps/9WZDNCRDPZNH/submissions/1152921505701756398/listings/1152922700027045603/listingassets/3019661933546835962,https://developer.microsoft.com/en-us/dashboard/apps/9WZDNCRDPZNH/submissions/1152921505701756398/listings/1152922700027045655/listingassets/3019661933546835962,https://developer.microsoft.com/en-us/dashboard/apps/9WZDNCRDPZNH/submissions/1152921505701756398/listings/1152922700027045705/listingassets/3019661933546835962,https://developer.microsoft.com/en-us/dashboard/apps/9WZDNCRDPZNH/submissions/1152921505701756398/listings/1152922700027044453/listingassets/3019661933546835962,https://developer.microsoft.com/en-us/dashboard/apps/9WZDNCRDPZNH/submissions/1152921505701756398/listings/1152922700027045732/listingassets/3019661933546835962,https://developer.microsoft.com/en-us/dashboard/apps/9WZDNCRDPZNH/submissions/1152921505701756398/listings/1152922700027045686/listingassets/3019661933546835962,https://developer.microsoft.com/en-us/dashboard/apps/9WZDNCRDPZNH/submissions/1152921505701756398/listings/1152922700027045795/listingassets/3019661933546835962,https://developer.microsoft.com/en-us/dashboard/apps/9WZDNCRDPZNH/submissions/1152921505701756398/listings/1152922700027045749/listingassets/3019661933546835962,https://developer.microsoft.com/en-us/dashboard/apps/9WZDNCRDPZNH/submissions/1152921505701756398/listings/1152922700027045876/listingassets/3019661933546835962,https://developer.microsoft.com/en-us/dashboard/apps/9WZDNCRDPZNH/submissions/1152921505701756398/listings/1152922700027045890/listingassets/3019661933546835962,https://developer.microsoft.com/en-us/dashboard/apps/9WZDNCRDPZNH/submissions/1152921505701756398/listings/1152922700027045821/listingassets/3019661933546835962,https://developer.microsoft.com/en-us/dashboard/apps/9WZDNCRDPZNH/submissions/1152921505701756398/listings/1152922700027045846/listingassets/3019661933546835962,https://developer.microsoft.com/en-us/dashboard/apps/9WZDNCRDPZNH/submissions/1152921505701756398/listings/1152922700027045912/listingassets/3019661933546835962,https://developer.microsoft.com/en-us/dashboard/apps/9WZDNCRDPZNH/submissions/1152921505701756398/listings/1152922700027045999/listingassets/3019661933546835962,https://developer.microsoft.com/en-us/dashboard/apps/9WZDNCRDPZNH/submissions/1152921505701756398/listings/1152922700027045991/listingassets/3019661933546835962,https://developer.microsoft.com/en-us/dashboard/apps/9WZDNCRDPZNH/submissions/1152921505701756398/listings/1152922700027045958/listingassets/3019661933546835962,https://developer.microsoft.com/en-us/dashboard/apps/9WZDNCRDPZNH/submissions/1152921505701756398/listings/1152922700027046020/listingassets/3019661933546835962,https://developer.microsoft.com/en-us/dashboard/apps/9WZDNCRDPZNH/submissions/1152921505701756398/listings/1152922700027046067/listingassets/3019661933546835962
DesktopScreenshot2,101,Relative path (or URL to file in Partner Center),,https://developer.microsoft.com/en-us/dashboard/apps/9WZDNCRDPZNH/submissions/1152921505701756398/listings/1152921504649329823/listingassets/3008723517300939267,https://developer.microsoft.com/en-us/dashboard/apps/9WZDNCRDPZNH/submissions/1152921505701756398/listings/1152922700027044575/listingassets/3044341024815686671,https://developer.microsoft.com/en-us/dashboard/apps/9WZDNCRDPZNH/submissions/1152921505701756398/listings/1152922700027044656/listingassets/3044341024815686671,https://developer.microsoft.com/en-us/dashboard/apps/9WZDNCRDPZNH/submissions/1152921505701756398/listings/1152922700027044707/listingassets/3044341024815686671,https://developer.microsoft.com/en-us/dashboard/apps/9WZDNCRDPZNH/submissions/1152921505701756398/listings/1152922700027044701/listingassets/3044341024815686671,https://developer.microsoft.com/en-us/dashboard/apps/9WZDNCRDPZNH/submissions/1152921505701756398/listings/1152922700027044736/listingassets/3008723517300939267,https://developer.microsoft.com/en-us/dashboard/apps/9WZDNCRDPZNH/submissions/1152921505701756398/listings/1152922700027044748/listingassets/3044341024815686671,https://developer.microsoft.com/en-us/dashboard/apps/9WZDNCRDPZNH/submissions/1152921505701756398/listings/1152922700027044796/listingassets/3044341024815686671,https://developer.microsoft.com/en-us/dashboard/apps/9WZDNCRDPZNH/submissions/1152921505701756398/listings/1152922700027044530/listingassets/3044341024815686671,https://developer.microsoft.com/en-us/dashboard/apps/9WZDNCRDPZNH/submissions/1152921505701756398/listings/1152922700027044784/listingassets/3008723517300939267,https://developer.microsoft.com/en-us/dashboard/apps/9WZDNCRDPZNH/submissions/1152921505701756398/listings/1152922700027044815/listingassets/3008723517300939267,https://developer.microsoft.com/en-us/dashboard/apps/9WZDNCRDPZNH/submissions/1152921505701756398/listings/1152922700027044620/listingassets/3044341024815686671,https://developer.microsoft.com/en-us/dashboard/apps/9WZDNCRDPZNH/submissions/1152921505701756398/listings/1152922700027044643/listingassets/3044341024815686671,https://developer.microsoft.com/en-us/dashboard/apps/9WZDNCRDPZNH/submissions/1152921505701756398/listings/1152922700027044857/listingassets/3008723517300939267,https://developer.microsoft.com/en-us/dashboard/apps/9WZDNCRDPZNH/submissions/1152921505701756398/listings/1152922700027044893/listingassets/3019661933546835962,https://developer.microsoft.com/en-us/dashboard/apps/9WZDNCRDPZNH/submissions/1152921505701756398/listings/1152922700027044553/listingassets/3008723517300939267,https://developer.microsoft.com/en-us/dashboard/apps/9WZDNCRDPZNH/submissions/1152921505701756398/listings/1152922700027044950/listingassets/3044341024815686671,https://developer.microsoft.com/en-us/dashboard/apps/9WZDNCRDPZNH/submissions/1152921505701756398/listings/1152922700027044974/listingassets/3019661933546835962,https://developer.microsoft.com/en-us/dashboard/apps/9WZDNCRDPZNH/submissions/1152921505701756398/listings/1152922700027044993/listingassets/3019661933546835962,https://developer.microsoft.com/en-us/dashboard/apps/9WZDNCRDPZNH/submissions/1152921505701756398/listings/1152922700027045018/listingassets/3008723517300939267,https://developer.microsoft.com/en-us/dashboard/apps/9WZDNCRDPZNH/submissions/1152921505701756398/listings/1152922700027044875/listingassets/3044341024815686671,https://developer.microsoft.com/en-us/dashboard/apps/9WZDNCRDPZNH/submissions/1152921505701756398/listings/1152922700027045042/listingassets/3008723517300939267,https://developer.microsoft.com/en-us/dashboard/apps/9WZDNCRDPZNH/submissions/1152921505701756398/listings/1152922700027045064/listingassets/3044341024815686671,https://developer.microsoft.com/en-us/dashboard/apps/9WZDNCRDPZNH/submissions/1152921505701756398/listings/1152922700027045077/listingassets/3044341024815686671,https://developer.microsoft.com/en-us/dashboard/apps/9WZDNCRDPZNH/submissions/1152921505701756398/listings/1152922700027045112/listingassets/3044341024815686671,https://developer.microsoft.com/en-us/dashboard/apps/9WZDNCRDPZNH/submissions/1152921505701756398/listings/1152922700027045132/listingassets/3044341024815686671,https://developer.microsoft.com/en-us/dashboard/apps/9WZDNCRDPZNH/submissions/1152921505701756398/listings/1152922700027045183/listingassets/3044341024815686671,https://developer.microsoft.com/en-us/dashboard/apps/9WZDNCRDPZNH/submissions/1152921505701756398/listings/1152922700027045192/listingassets/3044341024815686671,https://developer.microsoft.com/en-us/dashboard/apps/9WZDNCRDPZNH/submissions/1152921505701756398/listings/1152922700027045155/listingassets/3019661933546835962,https://developer.microsoft.com/en-us/dashboard/apps/9WZDNCRDPZNH/submissions/1152921505701756398/listings/1152922700027045209/listingassets/3019661933546835962,https://developer.microsoft.com/en-us/dashboard/apps/9WZDNCRDPZNH/submissions/1152921505701756398/listings/1152922700027044932/listingassets/3044341024815686671,https://developer.microsoft.com/en-us/dashboard/apps/9WZDNCRDPZNH/submissions/1152921505701756398/listings/1152922700027045270/listingassets/3044341024815686671,https://developer.microsoft.com/en-us/dashboard/apps/9WZDNCRDPZNH/submissions/1152921505701756398/listings/1152922700027045239/listingassets/3044341024815686671,https://developer.microsoft.com/en-us/dashboard/apps/9WZDNCRDPZNH/submissions/1152921505701756398/listings/1152922700027045348/listingassets/3044341024815686671,https://developer.microsoft.com/en-us/dashboard/apps/9WZDNCRDPZNH/submissions/1152921505701756398/listings/1152922700027045373/listingassets/3044341024815686671,https://developer.microsoft.com/en-us/dashboard/apps/9WZDNCRDPZNH/submissions/1152921505701756398/listings/1152922700027045335/listingassets/3044341024815686671,https://developer.microsoft.com/en-us/dashboard/apps/9WZDNCRDPZNH/submissions/1152921505701756398/listings/1152922700027045404/listingassets/3044341024815686671,https://developer.microsoft.com/en-us/dashboard/apps/9WZDNCRDPZNH/submissions/1152921505701756398/listings/1152922700027045459/listingassets/3044341024815686671,https://developer.microsoft.com/en-us/dashboard/apps/9WZDNCRDPZNH/submissions/1152921505701756398/listings/1152922700027045451/listingassets/3044341024815686671,https://developer.microsoft.com/en-us/dashboard/apps/9WZDNCRDPZNH/submissions/1152921505701756398/listings/1152922700027045496/listingassets/3044341024815686671,https://developer.microsoft.com/en-us/dashboard/apps/9WZDNCRDPZNH/submissions/1152921505701756398/listings/1152922700027045528/listingassets/3044341024815686671,https://developer.microsoft.com/en-us/dashboard/apps/9WZDNCRDPZNH/submissions/1152921505701756398/listings/1152922700027045550/listingassets/3044341024815686671,https://developer.microsoft.com/en-us/dashboard/apps/9WZDNCRDPZNH/submissions/1152921505701756398/listings/1152922700027045292/listingassets/3044341024815686671,https://developer.microsoft.com/en-us/dashboard/apps/9WZDNCRDPZNH/submissions/1152921505701756398/listings/1152922700027045572/listingassets/3044341024815686671,https://developer.microsoft.com/en-us/dashboard/apps/9WZDNCRDPZNH/submissions/1152921505701756398/listings/1152922700027045580/listingassets/3044341024815686671,https://developer.microsoft.com/en-us/dashboard/apps/9WZDNCRDPZNH/submissions/1152921505701756398/listings/1152922700027045603/listingassets/3044341024815686671,https://developer.microsoft.com/en-us/dashboard/apps/9WZDNCRDPZNH/submissions/1152921505701756398/listings/1152922700027045655/listingassets/3044341024815686671,https://developer.microsoft.com/en-us/dashboard/apps/9WZDNCRDPZNH/submissions/1152921505701756398/listings/1152922700027045705/listingassets/3044341024815686671,https://developer.microsoft.com/en-us/dashboard/apps/9WZDNCRDPZNH/submissions/1152921505701756398/listings/1152922700027044453/listingassets/3044341024815686671,https://developer.microsoft.com/en-us/dashboard/apps/9WZDNCRDPZNH/submissions/1152921505701756398/listings/1152922700027045732/listingassets/3044341024815686671,https://developer.microsoft.com/en-us/dashboard/apps/9WZDNCRDPZNH/submissions/1152921505701756398/listings/1152922700027045686/listingassets/3044341024815686671,https://developer.microsoft.com/en-us/dashboard/apps/9WZDNCRDPZNH/submissions/1152921505701756398/listings/1152922700027045795/listingassets/3044341024815686671,https://developer.microsoft.com/en-us/dashboard/apps/9WZDNCRDPZNH/submissions/1152921505701756398/listings/1152922700027045749/listingassets/3044341024815686671,https://developer.microsoft.com/en-us/dashboard/apps/9WZDNCRDPZNH/submissions/1152921505701756398/listings/1152922700027045876/listingassets/3044341024815686671,https://developer.microsoft.com/en-us/dashboard/apps/9WZDNCRDPZNH/submissions/1152921505701756398/listings/1152922700027045890/listingassets/3044341024815686671,https://developer.microsoft.com/en-us/dashboard/apps/9WZDNCRDPZNH/submissions/1152921505701756398/listings/1152922700027045821/listingassets/3044341024815686671,https://developer.microsoft.com/en-us/dashboard/apps/9WZDNCRDPZNH/submissions/1152921505701756398/listings/1152922700027045846/listingassets/3044341024815686671,https://developer.microsoft.com/en-us/dashboard/apps/9WZDNCRDPZNH/submissions/1152921505701756398/listings/1152922700027045912/listingassets/3044341024815686671,https://developer.microsoft.com/en-us/dashboard/apps/9WZDNCRDPZNH/submissions/1152921505701756398/listings/1152922700027045999/listingassets/3044341024815686671,https://developer.microsoft.com/en-us/dashboard/apps/9WZDNCRDPZNH/submissions/1152921505701756398/listings/1152922700027045991/listingassets/3044341024815686671,https://developer.microsoft.com/en-us/dashboard/apps/9WZDNCRDPZNH/submissions/1152921505701756398/listings/1152922700027045958/listingassets/3044341024815686671,https://developer.microsoft.com/en-us/dashboard/apps/9WZDNCRDPZNH/submissions/1152921505701756398/listings/1152922700027046020/listingassets/3044341024815686671,https://developer.microsoft.com/en-us/dashboard/apps/9WZDNCRDPZNH/submissions/1152921505701756398/listings/1152922700027046067/listingassets/3044341024815686671
DesktopScreenshot3,102,Relative path (or URL to file in Partner Center),,https://developer.microsoft.com/en-us/dashboard/apps/9WZDNCRDPZNH/submissions/1152921505701756398/listings/1152921504649329823/listingassets/3069785590494834977,https://developer.microsoft.com/en-us/dashboard/apps/9WZDNCRDPZNH/submissions/1152921505701756398/listings/1152922700027044575/listingassets/3026903031359698643,https://developer.microsoft.com/en-us/dashboard/apps/9WZDNCRDPZNH/submissions/1152921505701756398/listings/1152922700027044656/listingassets/3026903031359698643,https://developer.microsoft.com/en-us/dashboard/apps/9WZDNCRDPZNH/submissions/1152921505701756398/listings/1152922700027044707/listingassets/3026903031359698643,https://developer.microsoft.com/en-us/dashboard/apps/9WZDNCRDPZNH/submissions/1152921505701756398/listings/1152922700027044701/listingassets/3026903031359698643,https://developer.microsoft.com/en-us/dashboard/apps/9WZDNCRDPZNH/submissions/1152921505701756398/listings/1152922700027044736/listingassets/3044341024815686671,https://developer.microsoft.com/en-us/dashboard/apps/9WZDNCRDPZNH/submissions/1152921505701756398/listings/1152922700027044748/listingassets/3026903031359698643,https://developer.microsoft.com/en-us/dashboard/apps/9WZDNCRDPZNH/submissions/1152921505701756398/listings/1152922700027044796/listingassets/3026903031359698643,https://developer.microsoft.com/en-us/dashboard/apps/9WZDNCRDPZNH/submissions/1152921505701756398/listings/1152922700027044530/listingassets/3026903031359698643,https://developer.microsoft.com/en-us/dashboard/apps/9WZDNCRDPZNH/submissions/1152921505701756398/listings/1152922700027044784/listingassets/3036157646258662025,https://developer.microsoft.com/en-us/dashboard/apps/9WZDNCRDPZNH/submissions/1152921505701756398/listings/1152922700027044815/listingassets/3036157646258662025,https://developer.microsoft.com/en-us/dashboard/apps/9WZDNCRDPZNH/submissions/1152921505701756398/listings/1152922700027044620/listingassets/3026903031359698643,https://developer.microsoft.com/en-us/dashboard/apps/9WZDNCRDPZNH/submissions/1152921505701756398/listings/1152922700027044643/listingassets/3026903031359698643,https://developer.microsoft.com/en-us/dashboard/apps/9WZDNCRDPZNH/submissions/1152921505701756398/listings/1152922700027044857/listingassets/3044341024815686671,https://developer.microsoft.com/en-us/dashboard/apps/9WZDNCRDPZNH/submissions/1152921505701756398/listings/1152922700027044893/listingassets/3036157646258662025,https://developer.microsoft.com/en-us/dashboard/apps/9WZDNCRDPZNH/submissions/1152921505701756398/listings/1152922700027044553/listingassets/3044341024815686671,https://developer.microsoft.com/en-us/dashboard/apps/9WZDNCRDPZNH/submissions/1152921505701756398/listings/1152922700027044950/listingassets/3008723517300939267,https://developer.microsoft.com/en-us/dashboard/apps/9WZDNCRDPZNH/submissions/1152921505701756398/listings/1152922700027044974/listingassets/3044341024815686671,https://developer.microsoft.com/en-us/dashboard/apps/9WZDNCRDPZNH/submissions/1152921505701756398/listings/1152922700027044993/listingassets/3044341024815686671,https://developer.microsoft.com/en-us/dashboard/apps/9WZDNCRDPZNH/submissions/1152921505701756398/listings/1152922700027045018/listingassets/3044341024815686671,https://developer.microsoft.com/en-us/dashboard/apps/9WZDNCRDPZNH/submissions/1152921505701756398/listings/1152922700027044875/listingassets/3026903031359698643,https://developer.microsoft.com/en-us/dashboard/apps/9WZDNCRDPZNH/submissions/1152921505701756398/listings/1152922700027045042/listingassets/3044341024815686671,https://developer.microsoft.com/en-us/dashboard/apps/9WZDNCRDPZNH/submissions/1152921505701756398/listings/1152922700027045064/listingassets/3008723517300939267,https://developer.microsoft.com/en-us/dashboard/apps/9WZDNCRDPZNH/submissions/1152921505701756398/listings/1152922700027045077/listingassets/3026903031359698643,https://developer.microsoft.com/en-us/dashboard/apps/9WZDNCRDPZNH/submissions/1152921505701756398/listings/1152922700027045112/listingassets/3008723517300939267,https://developer.microsoft.com/en-us/dashboard/apps/9WZDNCRDPZNH/submissions/1152921505701756398/listings/1152922700027045132/listingassets/3026903031359698643,https://developer.microsoft.com/en-us/dashboard/apps/9WZDNCRDPZNH/submissions/1152921505701756398/listings/1152922700027045183/listingassets/3026903031359698643,https://developer.microsoft.com/en-us/dashboard/apps/9WZDNCRDPZNH/submissions/1152921505701756398/listings/1152922700027045192/listingassets/3026903031359698643,https://developer.microsoft.com/en-us/dashboard/apps/9WZDNCRDPZNH/submissions/1152921505701756398/listings/1152922700027045155/listingassets/3036157646258662025,https://developer.microsoft.com/en-us/dashboard/apps/9WZDNCRDPZNH/submissions/1152921505701756398/listings/1152922700027045209/listingassets/3044341024815686671,https://developer.microsoft.com/en-us/dashboard/apps/9WZDNCRDPZNH/submissions/1152921505701756398/listings/1152922700027044932/listingassets/3026903031359698643,https://developer.microsoft.com/en-us/dashboard/apps/9WZDNCRDPZNH/submissions/1152921505701756398/listings/1152922700027045270/listingassets/3026903031359698643,https://developer.microsoft.com/en-us/dashboard/apps/9WZDNCRDPZNH/submissions/1152921505701756398/listings/1152922700027045239/listingassets/3026903031359698643,https://developer.microsoft.com/en-us/dashboard/apps/9WZDNCRDPZNH/submissions/1152921505701756398/listings/1152922700027045348/listingassets/3026903031359698643,https://developer.microsoft.com/en-us/dashboard/apps/9WZDNCRDPZNH/submissions/1152921505701756398/listings/1152922700027045373/listingassets/3026903031359698643,https://developer.microsoft.com/en-us/dashboard/apps/9WZDNCRDPZNH/submissions/1152921505701756398/listings/1152922700027045335/listingassets/3026903031359698643,https://developer.microsoft.com/en-us/dashboard/apps/9WZDNCRDPZNH/submissions/1152921505701756398/listings/1152922700027045404/listingassets/3026903031359698643,https://developer.microsoft.com/en-us/dashboard/apps/9WZDNCRDPZNH/submissions/1152921505701756398/listings/1152922700027045459/listingassets/3026903031359698643,https://developer.microsoft.com/en-us/dashboard/apps/9WZDNCRDPZNH/submissions/1152921505701756398/listings/1152922700027045451/listingassets/3026903031359698643,https://developer.microsoft.com/en-us/dashboard/apps/9WZDNCRDPZNH/submissions/1152921505701756398/listings/1152922700027045496/listingassets/3026903031359698643,https://developer.microsoft.com/en-us/dashboard/apps/9WZDNCRDPZNH/submissions/1152921505701756398/listings/1152922700027045528/listingassets/3026903031359698643,https://developer.microsoft.com/en-us/dashboard/apps/9WZDNCRDPZNH/submissions/1152921505701756398/listings/1152922700027045550/listingassets/3026903031359698643,https://developer.microsoft.com/en-us/dashboard/apps/9WZDNCRDPZNH/submissions/1152921505701756398/listings/1152922700027045292/listingassets/3026903031359698643,https://developer.microsoft.com/en-us/dashboard/apps/9WZDNCRDPZNH/submissions/1152921505701756398/listings/1152922700027045572/listingassets/3026903031359698643,https://developer.microsoft.com/en-us/dashboard/apps/9WZDNCRDPZNH/submissions/1152921505701756398/listings/1152922700027045580/listingassets/3026903031359698643,https://developer.microsoft.com/en-us/dashboard/apps/9WZDNCRDPZNH/submissions/1152921505701756398/listings/1152922700027045603/listingassets/3026903031359698643,https://developer.microsoft.com/en-us/dashboard/apps/9WZDNCRDPZNH/submissions/1152921505701756398/listings/1152922700027045655/listingassets/3026903031359698643,https://developer.microsoft.com/en-us/dashboard/apps/9WZDNCRDPZNH/submissions/1152921505701756398/listings/1152922700027045705/listingassets/3026903031359698643,https://developer.microsoft.com/en-us/dashboard/apps/9WZDNCRDPZNH/submissions/1152921505701756398/listings/1152922700027044453/listingassets/3026903031359698643,https://developer.microsoft.com/en-us/dashboard/apps/9WZDNCRDPZNH/submissions/1152921505701756398/listings/1152922700027045732/listingassets/3026903031359698643,https://developer.microsoft.com/en-us/dashboard/apps/9WZDNCRDPZNH/submissions/1152921505701756398/listings/1152922700027045686/listingassets/3026903031359698643,https://developer.microsoft.com/en-us/dashboard/apps/9WZDNCRDPZNH/submissions/1152921505701756398/listings/1152922700027045795/listingassets/3026903031359698643,https://developer.microsoft.com/en-us/dashboard/apps/9WZDNCRDPZNH/submissions/1152921505701756398/listings/1152922700027045749/listingassets/3026903031359698643,https://developer.microsoft.com/en-us/dashboard/apps/9WZDNCRDPZNH/submissions/1152921505701756398/listings/1152922700027045876/listingassets/3026903031359698643,https://developer.microsoft.com/en-us/dashboard/apps/9WZDNCRDPZNH/submissions/1152921505701756398/listings/1152922700027045890/listingassets/3026903031359698643,https://developer.microsoft.com/en-us/dashboard/apps/9WZDNCRDPZNH/submissions/1152921505701756398/listings/1152922700027045821/listingassets/3026903031359698643,https://developer.microsoft.com/en-us/dashboard/apps/9WZDNCRDPZNH/submissions/1152921505701756398/listings/1152922700027045846/listingassets/3026903031359698643,https://developer.microsoft.com/en-us/dashboard/apps/9WZDNCRDPZNH/submissions/1152921505701756398/listings/1152922700027045912/listingassets/3026903031359698643,https://developer.microsoft.com/en-us/dashboard/apps/9WZDNCRDPZNH/submissions/1152921505701756398/listings/1152922700027045999/listingassets/3026903031359698643,https://developer.microsoft.com/en-us/dashboard/apps/9WZDNCRDPZNH/submissions/1152921505701756398/listings/1152922700027045991/listingassets/3026903031359698643,https://developer.microsoft.com/en-us/dashboard/apps/9WZDNCRDPZNH/submissions/1152921505701756398/listings/1152922700027045958/listingassets/3026903031359698643,https://developer.microsoft.com/en-us/dashboard/apps/9WZDNCRDPZNH/submissions/1152921505701756398/listings/1152922700027046020/listingassets/3026903031359698643,https://developer.microsoft.com/en-us/dashboard/apps/9WZDNCRDPZNH/submissions/1152921505701756398/listings/1152922700027046067/listingassets/3026903031359698643
DesktopScreenshot4,103,Relative path (or URL to file in Partner Center),,https://developer.microsoft.com/en-us/dashboard/apps/9WZDNCRDPZNH/submissions/1152921505701756398/listings/1152921504649329823/listingassets/3049978347867051957,https://developer.microsoft.com/en-us/dashboard/apps/9WZDNCRDPZNH/submissions/1152921505701756398/listings/1152922700027044575/listingassets/3069785590494834977,https://developer.microsoft.com/en-us/dashboard/apps/9WZDNCRDPZNH/submissions/1152921505701756398/listings/1152922700027044656/listingassets/3008723517300939267,https://developer.microsoft.com/en-us/dashboard/apps/9WZDNCRDPZNH/submissions/1152921505701756398/listings/1152922700027044707/listingassets/3069785590494834977,https://developer.microsoft.com/en-us/dashboard/apps/9WZDNCRDPZNH/submissions/1152921505701756398/listings/1152922700027044701/listingassets/3008723517300939267,https://developer.microsoft.com/en-us/dashboard/apps/9WZDNCRDPZNH/submissions/1152921505701756398/listings/1152922700027044736/listingassets/3026903031359698643,https://developer.microsoft.com/en-us/dashboard/apps/9WZDNCRDPZNH/submissions/1152921505701756398/listings/1152922700027044748/listingassets/3069785590494834977,https://developer.microsoft.com/en-us/dashboard/apps/9WZDNCRDPZNH/submissions/1152921505701756398/listings/1152922700027044796/listingassets/3069785590494834977,https://developer.microsoft.com/en-us/dashboard/apps/9WZDNCRDPZNH/submissions/1152921505701756398/listings/1152922700027044530/listingassets/3069785590494834977,https://developer.microsoft.com/en-us/dashboard/apps/9WZDNCRDPZNH/submissions/1152921505701756398/listings/1152922700027044784/listingassets/3028020097790096551,https://developer.microsoft.com/en-us/dashboard/apps/9WZDNCRDPZNH/submissions/1152921505701756398/listings/1152922700027044815/listingassets/3044341024815686671,https://developer.microsoft.com/en-us/dashboard/apps/9WZDNCRDPZNH/submissions/1152921505701756398/listings/1152922700027044620/listingassets/3069785590494834977,https://developer.microsoft.com/en-us/dashboard/apps/9WZDNCRDPZNH/submissions/1152921505701756398/listings/1152922700027044643/listingassets/3069785590494834977,https://developer.microsoft.com/en-us/dashboard/apps/9WZDNCRDPZNH/submissions/1152921505701756398/listings/1152922700027044857/listingassets/3026903031359698643,https://developer.microsoft.com/en-us/dashboard/apps/9WZDNCRDPZNH/submissions/1152921505701756398/listings/1152922700027044893/listingassets/3044341024815686671,https://developer.microsoft.com/en-us/dashboard/apps/9WZDNCRDPZNH/submissions/1152921505701756398/listings/1152922700027044553/listingassets/3026903031359698643,https://developer.microsoft.com/en-us/dashboard/apps/9WZDNCRDPZNH/submissions/1152921505701756398/listings/1152922700027044950/listingassets/3026903031359698643,https://developer.microsoft.com/en-us/dashboard/apps/9WZDNCRDPZNH/submissions/1152921505701756398/listings/1152922700027044974/listingassets/3026903031359698643,https://developer.microsoft.com/en-us/dashboard/apps/9WZDNCRDPZNH/submissions/1152921505701756398/listings/1152922700027044993/listingassets/3036157646258662025,https://developer.microsoft.com/en-us/dashboard/apps/9WZDNCRDPZNH/submissions/1152921505701756398/listings/1152922700027045018/listingassets/3026903031359698643,https://developer.microsoft.com/en-us/dashboard/apps/9WZDNCRDPZNH/submissions/1152921505701756398/listings/1152922700027044875/listingassets/3069785590494834977,https://developer.microsoft.com/en-us/dashboard/apps/9WZDNCRDPZNH/submissions/1152921505701756398/listings/1152922700027045042/listingassets/3026903031359698643,https://developer.microsoft.com/en-us/dashboard/apps/9WZDNCRDPZNH/submissions/1152921505701756398/listings/1152922700027045064/listingassets/3026903031359698643,https://developer.microsoft.com/en-us/dashboard/apps/9WZDNCRDPZNH/submissions/1152921505701756398/listings/1152922700027045077/listingassets/3069785590494834977,https://developer.microsoft.com/en-us/dashboard/apps/9WZDNCRDPZNH/submissions/1152921505701756398/listings/1152922700027045112/listingassets/3026903031359698643,https://developer.microsoft.com/en-us/dashboard/apps/9WZDNCRDPZNH/submissions/1152921505701756398/listings/1152922700027045132/listingassets/3069785590494834977,https://developer.microsoft.com/en-us/dashboard/apps/9WZDNCRDPZNH/submissions/1152921505701756398/listings/1152922700027045183/listingassets/3069785590494834977,https://developer.microsoft.com/en-us/dashboard/apps/9WZDNCRDPZNH/submissions/1152921505701756398/listings/1152922700027045192/listingassets/3008723517300939267,https://developer.microsoft.com/en-us/dashboard/apps/9WZDNCRDPZNH/submissions/1152921505701756398/listings/1152922700027045155/listingassets/3044341024815686671,https://developer.microsoft.com/en-us/dashboard/apps/9WZDNCRDPZNH/submissions/1152921505701756398/listings/1152922700027045209/listingassets/3026903031359698643,https://developer.microsoft.com/en-us/dashboard/apps/9WZDNCRDPZNH/submissions/1152921505701756398/listings/1152922700027044932/listingassets/3069785590494834977,https://developer.microsoft.com/en-us/dashboard/apps/9WZDNCRDPZNH/submissions/1152921505701756398/listings/1152922700027045270/listingassets/3069785590494834977,https://developer.microsoft.com/en-us/dashboard/apps/9WZDNCRDPZNH/submissions/1152921505701756398/listings/1152922700027045239/listingassets/3069785590494834977,https://developer.microsoft.com/en-us/dashboard/apps/9WZDNCRDPZNH/submissions/1152921505701756398/listings/1152922700027045348/listingassets/3069785590494834977,https://developer.microsoft.com/en-us/dashboard/apps/9WZDNCRDPZNH/submissions/1152921505701756398/listings/1152922700027045373/listingassets/3069785590494834977,https://developer.microsoft.com/en-us/dashboard/apps/9WZDNCRDPZNH/submissions/1152921505701756398/listings/1152922700027045335/listingassets/3069785590494834977,https://developer.microsoft.com/en-us/dashboard/apps/9WZDNCRDPZNH/submissions/1152921505701756398/listings/1152922700027045404/listingassets/3069785590494834977,https://developer.microsoft.com/en-us/dashboard/apps/9WZDNCRDPZNH/submissions/1152921505701756398/listings/1152922700027045459/listingassets/3069785590494834977,https://developer.microsoft.com/en-us/dashboard/apps/9WZDNCRDPZNH/submissions/1152921505701756398/listings/1152922700027045451/listingassets/3069785590494834977,https://developer.microsoft.com/en-us/dashboard/apps/9WZDNCRDPZNH/submissions/1152921505701756398/listings/1152922700027045496/listingassets/3069785590494834977,https://developer.microsoft.com/en-us/dashboard/apps/9WZDNCRDPZNH/submissions/1152921505701756398/listings/1152922700027045528/listingassets/3069785590494834977,https://developer.microsoft.com/en-us/dashboard/apps/9WZDNCRDPZNH/submissions/1152921505701756398/listings/1152922700027045550/listingassets/3069785590494834977,https://developer.microsoft.com/en-us/dashboard/apps/9WZDNCRDPZNH/submissions/1152921505701756398/listings/1152922700027045292/listingassets/3069785590494834977,https://developer.microsoft.com/en-us/dashboard/apps/9WZDNCRDPZNH/submissions/1152921505701756398/listings/1152922700027045572/listingassets/3069785590494834977,https://developer.microsoft.com/en-us/dashboard/apps/9WZDNCRDPZNH/submissions/1152921505701756398/listings/1152922700027045580/listingassets/3069785590494834977,https://developer.microsoft.com/en-us/dashboard/apps/9WZDNCRDPZNH/submissions/1152921505701756398/listings/1152922700027045603/listingassets/3069785590494834977,https://developer.microsoft.com/en-us/dashboard/apps/9WZDNCRDPZNH/submissions/1152921505701756398/listings/1152922700027045655/listingassets/3069785590494834977,https://developer.microsoft.com/en-us/dashboard/apps/9WZDNCRDPZNH/submissions/1152921505701756398/listings/1152922700027045705/listingassets/3069785590494834977,https://developer.microsoft.com/en-us/dashboard/apps/9WZDNCRDPZNH/submissions/1152921505701756398/listings/1152922700027044453/listingassets/3069785590494834977,https://developer.microsoft.com/en-us/dashboard/apps/9WZDNCRDPZNH/submissions/1152921505701756398/listings/1152922700027045732/listingassets/3069785590494834977,https://developer.microsoft.com/en-us/dashboard/apps/9WZDNCRDPZNH/submissions/1152921505701756398/listings/1152922700027045686/listingassets/3069785590494834977,https://developer.microsoft.com/en-us/dashboard/apps/9WZDNCRDPZNH/submissions/1152921505701756398/listings/1152922700027045795/listingassets/3069785590494834977,https://developer.microsoft.com/en-us/dashboard/apps/9WZDNCRDPZNH/submissions/1152921505701756398/listings/1152922700027045749/listingassets/3069785590494834977,https://developer.microsoft.com/en-us/dashboard/apps/9WZDNCRDPZNH/submissions/1152921505701756398/listings/1152922700027045876/listingassets/3069785590494834977,https://developer.microsoft.com/en-us/dashboard/apps/9WZDNCRDPZNH/submissions/1152921505701756398/listings/1152922700027045890/listingassets/3069785590494834977,https://developer.microsoft.com/en-us/dashboard/apps/9WZDNCRDPZNH/submissions/1152921505701756398/listings/1152922700027045821/listingassets/3069785590494834977,https://developer.microsoft.com/en-us/dashboard/apps/9WZDNCRDPZNH/submissions/1152921505701756398/listings/1152922700027045846/listingassets/3069785590494834977,https://developer.microsoft.com/en-us/dashboard/apps/9WZDNCRDPZNH/submissions/1152921505701756398/listings/1152922700027045912/listingassets/3069785590494834977,https://developer.microsoft.com/en-us/dashboard/apps/9WZDNCRDPZNH/submissions/1152921505701756398/listings/1152922700027045999/listingassets/3069785590494834977,https://developer.microsoft.com/en-us/dashboard/apps/9WZDNCRDPZNH/submissions/1152921505701756398/listings/1152922700027045991/listingassets/3069785590494834977,https://developer.microsoft.com/en-us/dashboard/apps/9WZDNCRDPZNH/submissions/1152921505701756398/listings/1152922700027045958/listingassets/3069785590494834977,https://developer.microsoft.com/en-us/dashboard/apps/9WZDNCRDPZNH/submissions/1152921505701756398/listings/1152922700027046020/listingassets/3069785590494834977,https://developer.microsoft.com/en-us/dashboard/apps/9WZDNCRDPZNH/submissions/1152921505701756398/listings/1152922700027046067/listingassets/3069785590494834977
DesktopScreenshot5,104,Relative path (or URL to file in Partner Center),,https://developer.microsoft.com/en-us/dashboard/apps/9WZDNCRDPZNH/submissions/1152921505701756398/listings/1152921504649329823/listingassets/3044341024815686671,https://developer.microsoft.com/en-us/dashboard/apps/9WZDNCRDPZNH/submissions/1152921505701756398/listings/1152922700027044575/listingassets/3015025807433585137,https://developer.microsoft.com/en-us/dashboard/apps/9WZDNCRDPZNH/submissions/1152921505701756398/listings/1152922700027044656/listingassets/3069785590494834977,https://developer.microsoft.com/en-us/dashboard/apps/9WZDNCRDPZNH/submissions/1152921505701756398/listings/1152922700027044707/listingassets/3015025807433585137,https://developer.microsoft.com/en-us/dashboard/apps/9WZDNCRDPZNH/submissions/1152921505701756398/listings/1152922700027044701/listingassets/3069785590494834977,https://developer.microsoft.com/en-us/dashboard/apps/9WZDNCRDPZNH/submissions/1152921505701756398/listings/1152922700027044736/listingassets/3036157646258662025,https://developer.microsoft.com/en-us/dashboard/apps/9WZDNCRDPZNH/submissions/1152921505701756398/listings/1152922700027044748/listingassets/3015025807433585137,https://developer.microsoft.com/en-us/dashboard/apps/9WZDNCRDPZNH/submissions/1152921505701756398/listings/1152922700027044796/listingassets/3015025807433585137,https://developer.microsoft.com/en-us/dashboard/apps/9WZDNCRDPZNH/submissions/1152921505701756398/listings/1152922700027044530/listingassets/3015025807433585137,https://developer.microsoft.com/en-us/dashboard/apps/9WZDNCRDPZNH/submissions/1152921505701756398/listings/1152922700027044784/listingassets/3044341024815686671,https://developer.microsoft.com/en-us/dashboard/apps/9WZDNCRDPZNH/submissions/1152921505701756398/listings/1152922700027044815/listingassets/3026903031359698643,https://developer.microsoft.com/en-us/dashboard/apps/9WZDNCRDPZNH/submissions/1152921505701756398/listings/1152922700027044620/listingassets/3015025807433585137,https://developer.microsoft.com/en-us/dashboard/apps/9WZDNCRDPZNH/submissions/1152921505701756398/listings/1152922700027044643/listingassets/3008723517300939267,https://developer.microsoft.com/en-us/dashboard/apps/9WZDNCRDPZNH/submissions/1152921505701756398/listings/1152922700027044857/listingassets/3036157646258662025,https://developer.microsoft.com/en-us/dashboard/apps/9WZDNCRDPZNH/submissions/1152921505701756398/listings/1152922700027044893/listingassets/3028020097790096551,https://developer.microsoft.com/en-us/dashboard/apps/9WZDNCRDPZNH/submissions/1152921505701756398/listings/1152922700027044553/listingassets/3069785590494834977,https://developer.microsoft.com/en-us/dashboard/apps/9WZDNCRDPZNH/submissions/1152921505701756398/listings/1152922700027044950/listingassets/3069785590494834977,https://developer.microsoft.com/en-us/dashboard/apps/9WZDNCRDPZNH/submissions/1152921505701756398/listings/1152922700027044974/listingassets/3008723517300939267,https://developer.microsoft.com/en-us/dashboard/apps/9WZDNCRDPZNH/submissions/1152921505701756398/listings/1152922700027044993/listingassets/3026903031359698643,https://developer.microsoft.com/en-us/dashboard/apps/9WZDNCRDPZNH/submissions/1152921505701756398/listings/1152922700027045018/listingassets/3069785590494834977,https://developer.microsoft.com/en-us/dashboard/apps/9WZDNCRDPZNH/submissions/1152921505701756398/listings/1152922700027044875/listingassets/3015025807433585137,https://developer.microsoft.com/en-us/dashboard/apps/9WZDNCRDPZNH/submissions/1152921505701756398/listings/1152922700027045042/listingassets/3069785590494834977,https://developer.microsoft.com/en-us/dashboard/apps/9WZDNCRDPZNH/submissions/1152921505701756398/listings/1152922700027045064/listingassets/3069785590494834977,https://developer.microsoft.com/en-us/dashboard/apps/9WZDNCRDPZNH/submissions/1152921505701756398/listings/1152922700027045077/listingassets/3015025807433585137,https://developer.microsoft.com/en-us/dashboard/apps/9WZDNCRDPZNH/submissions/1152921505701756398/listings/1152922700027045112/listingassets/3069785590494834977,https://developer.microsoft.com/en-us/dashboard/apps/9WZDNCRDPZNH/submissions/1152921505701756398/listings/1152922700027045132/listingassets/3015025807433585137,https://developer.microsoft.com/en-us/dashboard/apps/9WZDNCRDPZNH/submissions/1152921505701756398/listings/1152922700027045183/listingassets/3008723517300939267,https://developer.microsoft.com/en-us/dashboard/apps/9WZDNCRDPZNH/submissions/1152921505701756398/listings/1152922700027045192/listingassets/3069785590494834977,https://developer.microsoft.com/en-us/dashboard/apps/9WZDNCRDPZNH/submissions/1152921505701756398/listings/1152922700027045155/listingassets/3026903031359698643,https://developer.microsoft.com/en-us/dashboard/apps/9WZDNCRDPZNH/submissions/1152921505701756398/listings/1152922700027045209/listingassets/3069785590494834977,https://developer.microsoft.com/en-us/dashboard/apps/9WZDNCRDPZNH/submissions/1152921505701756398/listings/1152922700027044932/listingassets/3015025807433585137,https://developer.microsoft.com/en-us/dashboard/apps/9WZDNCRDPZNH/submissions/1152921505701756398/listings/1152922700027045270/listingassets/3015025807433585137,https://developer.microsoft.com/en-us/dashboard/apps/9WZDNCRDPZNH/submissions/1152921505701756398/listings/1152922700027045239/listingassets/3015025807433585137,https://developer.microsoft.com/en-us/dashboard/apps/9WZDNCRDPZNH/submissions/1152921505701756398/listings/1152922700027045348/listingassets/3015025807433585137,https://developer.microsoft.com/en-us/dashboard/apps/9WZDNCRDPZNH/submissions/1152921505701756398/listings/1152922700027045373/listingassets/3015025807433585137,https://developer.microsoft.com/en-us/dashboard/apps/9WZDNCRDPZNH/submissions/1152921505701756398/listings/1152922700027045335/listingassets/3015025807433585137,https://developer.microsoft.com/en-us/dashboard/apps/9WZDNCRDPZNH/submissions/1152921505701756398/listings/1152922700027045404/listingassets/3015025807433585137,https://developer.microsoft.com/en-us/dashboard/apps/9WZDNCRDPZNH/submissions/1152921505701756398/listings/1152922700027045459/listingassets/3015025807433585137,https://developer.microsoft.com/en-us/dashboard/apps/9WZDNCRDPZNH/submissions/1152921505701756398/listings/1152922700027045451/listingassets/3015025807433585137,https://developer.microsoft.com/en-us/dashboard/apps/9WZDNCRDPZNH/submissions/1152921505701756398/listings/1152922700027045496/listingassets/3015025807433585137,https://developer.microsoft.com/en-us/dashboard/apps/9WZDNCRDPZNH/submissions/1152921505701756398/listings/1152922700027045528/listingassets/3015025807433585137,https://developer.microsoft.com/en-us/dashboard/apps/9WZDNCRDPZNH/submissions/1152921505701756398/listings/1152922700027045550/listingassets/3015025807433585137,https://developer.microsoft.com/en-us/dashboard/apps/9WZDNCRDPZNH/submissions/1152921505701756398/listings/1152922700027045292/listingassets/3015025807433585137,https://developer.microsoft.com/en-us/dashboard/apps/9WZDNCRDPZNH/submissions/1152921505701756398/listings/1152922700027045572/listingassets/3015025807433585137,https://developer.microsoft.com/en-us/dashboard/apps/9WZDNCRDPZNH/submissions/1152921505701756398/listings/1152922700027045580/listingassets/3015025807433585137,https://developer.microsoft.com/en-us/dashboard/apps/9WZDNCRDPZNH/submissions/1152921505701756398/listings/1152922700027045603/listingassets/3015025807433585137,https://developer.microsoft.com/en-us/dashboard/apps/9WZDNCRDPZNH/submissions/1152921505701756398/listings/1152922700027045655/listingassets/3015025807433585137,https://developer.microsoft.com/en-us/dashboard/apps/9WZDNCRDPZNH/submissions/1152921505701756398/listings/1152922700027045705/listingassets/3015025807433585137,https://developer.microsoft.com/en-us/dashboard/apps/9WZDNCRDPZNH/submissions/1152921505701756398/listings/1152922700027044453/listingassets/3015025807433585137,https://developer.microsoft.com/en-us/dashboard/apps/9WZDNCRDPZNH/submissions/1152921505701756398/listings/1152922700027045732/listingassets/3015025807433585137,https://developer.microsoft.com/en-us/dashboard/apps/9WZDNCRDPZNH/submissions/1152921505701756398/listings/1152922700027045686/listingassets/3015025807433585137,https://developer.microsoft.com/en-us/dashboard/apps/9WZDNCRDPZNH/submissions/1152921505701756398/listings/1152922700027045795/listingassets/3015025807433585137,https://developer.microsoft.com/en-us/dashboard/apps/9WZDNCRDPZNH/submissions/1152921505701756398/listings/1152922700027045749/listingassets/3015025807433585137,https://developer.microsoft.com/en-us/dashboard/apps/9WZDNCRDPZNH/submissions/1152921505701756398/listings/1152922700027045876/listingassets/3015025807433585137,https://developer.microsoft.com/en-us/dashboard/apps/9WZDNCRDPZNH/submissions/1152921505701756398/listings/1152922700027045890/listingassets/3015025807433585137,https://developer.microsoft.com/en-us/dashboard/apps/9WZDNCRDPZNH/submissions/1152921505701756398/listings/1152922700027045821/listingassets/3015025807433585137,https://developer.microsoft.com/en-us/dashboard/apps/9WZDNCRDPZNH/submissions/1152921505701756398/listings/1152922700027045846/listingassets/3015025807433585137,https://developer.microsoft.com/en-us/dashboard/apps/9WZDNCRDPZNH/submissions/1152921505701756398/listings/1152922700027045912/listingassets/3015025807433585137,https://developer.microsoft.com/en-us/dashboard/apps/9WZDNCRDPZNH/submissions/1152921505701756398/listings/1152922700027045999/listingassets/3015025807433585137,https://developer.microsoft.com/en-us/dashboard/apps/9WZDNCRDPZNH/submissions/1152921505701756398/listings/1152922700027045991/listingassets/3015025807433585137,https://developer.microsoft.com/en-us/dashboard/apps/9WZDNCRDPZNH/submissions/1152921505701756398/listings/1152922700027045958/listingassets/3015025807433585137,https://developer.microsoft.com/en-us/dashboard/apps/9WZDNCRDPZNH/submissions/1152921505701756398/listings/1152922700027046020/listingassets/3015025807433585137,https://developer.microsoft.com/en-us/dashboard/apps/9WZDNCRDPZNH/submissions/1152921505701756398/listings/1152922700027046067/listingassets/3015025807433585137
DesktopScreenshot6,105,Relative path (or URL to file in Partner Center),,https://developer.microsoft.com/en-us/dashboard/apps/9WZDNCRDPZNH/submissions/1152921505701756398/listings/1152921504649329823/listingassets/3026903031359698643,https://developer.microsoft.com/en-us/dashboard/apps/9WZDNCRDPZNH/submissions/1152921505701756398/listings/1152922700027044575/listingassets/3028020097790096551,https://developer.microsoft.com/en-us/dashboard/apps/9WZDNCRDPZNH/submissions/1152921505701756398/listings/1152922700027044656/listingassets/3015025807433585137,https://developer.microsoft.com/en-us/dashboard/apps/9WZDNCRDPZNH/submissions/1152921505701756398/listings/1152922700027044707/listingassets/3028020097790096551,https://developer.microsoft.com/en-us/dashboard/apps/9WZDNCRDPZNH/submissions/1152921505701756398/listings/1152922700027044701/listingassets/3015025807433585137,https://developer.microsoft.com/en-us/dashboard/apps/9WZDNCRDPZNH/submissions/1152921505701756398/listings/1152922700027044736/listingassets/3069785590494834977,https://developer.microsoft.com/en-us/dashboard/apps/9WZDNCRDPZNH/submissions/1152921505701756398/listings/1152922700027044748/listingassets/3028020097790096551,https://developer.microsoft.com/en-us/dashboard/apps/9WZDNCRDPZNH/submissions/1152921505701756398/listings/1152922700027044796/listingassets/3008723517300939267,https://developer.microsoft.com/en-us/dashboard/apps/9WZDNCRDPZNH/submissions/1152921505701756398/listings/1152922700027044530/listingassets/3028020097790096551,https://developer.microsoft.com/en-us/dashboard/apps/9WZDNCRDPZNH/submissions/1152921505701756398/listings/1152922700027044784/listingassets/3026903031359698643,https://developer.microsoft.com/en-us/dashboard/apps/9WZDNCRDPZNH/submissions/1152921505701756398/listings/1152922700027044815/listingassets/3028020097790096551,https://developer.microsoft.com/en-us/dashboard/apps/9WZDNCRDPZNH/submissions/1152921505701756398/listings/1152922700027044620/listingassets/3028020097790096551,https://developer.microsoft.com/en-us/dashboard/apps/9WZDNCRDPZNH/submissions/1152921505701756398/listings/1152922700027044643/listingassets/3036157646258662025,https://developer.microsoft.com/en-us/dashboard/apps/9WZDNCRDPZNH/submissions/1152921505701756398/listings/1152922700027044857/listingassets/3069785590494834977,https://developer.microsoft.com/en-us/dashboard/apps/9WZDNCRDPZNH/submissions/1152921505701756398/listings/1152922700027044893/listingassets/3026903031359698643,https://developer.microsoft.com/en-us/dashboard/apps/9WZDNCRDPZNH/submissions/1152921505701756398/listings/1152922700027044553/listingassets/3036157646258662025,https://developer.microsoft.com/en-us/dashboard/apps/9WZDNCRDPZNH/submissions/1152921505701756398/listings/1152922700027044950/listingassets/3036157646258662025,https://developer.microsoft.com/en-us/dashboard/apps/9WZDNCRDPZNH/submissions/1152921505701756398/listings/1152922700027044974/listingassets/3036157646258662025,https://developer.microsoft.com/en-us/dashboard/apps/9WZDNCRDPZNH/submissions/1152921505701756398/listings/1152922700027044993/listingassets/3069785590494834977,https://developer.microsoft.com/en-us/dashboard/apps/9WZDNCRDPZNH/submissions/1152921505701756398/listings/1152922700027045018/listingassets/3036157646258662025,https://developer.microsoft.com/en-us/dashboard/apps/9WZDNCRDPZNH/submissions/1152921505701756398/listings/1152922700027044875/listingassets/3028020097790096551,https://developer.microsoft.com/en-us/dashboard/apps/9WZDNCRDPZNH/submissions/1152921505701756398/listings/1152922700027045042/listingassets/3015025807433585137,https://developer.microsoft.com/en-us/dashboard/apps/9WZDNCRDPZNH/submissions/1152921505701756398/listings/1152922700027045064/listingassets/3036157646258662025,https://developer.microsoft.com/en-us/dashboard/apps/9WZDNCRDPZNH/submissions/1152921505701756398/listings/1152922700027045077/listingassets/3028020097790096551,https://developer.microsoft.com/en-us/dashboard/apps/9WZDNCRDPZNH/submissions/1152921505701756398/listings/1152922700027045112/listingassets/3015025807433585137,https://developer.microsoft.com/en-us/dashboard/apps/9WZDNCRDPZNH/submissions/1152921505701756398/listings/1152922700027045132/listingassets/3028020097790096551,https://developer.microsoft.com/en-us/dashboard/apps/9WZDNCRDPZNH/submissions/1152921505701756398/listings/1152922700027045183/listingassets/3015025807433585137,https://developer.microsoft.com/en-us/dashboard/apps/9WZDNCRDPZNH/submissions/1152921505701756398/listings/1152922700027045192/listingassets/3036157646258662025,https://developer.microsoft.com/en-us/dashboard/apps/9WZDNCRDPZNH/submissions/1152921505701756398/listings/1152922700027045155/listingassets/3069785590494834977,https://developer.microsoft.com/en-us/dashboard/apps/9WZDNCRDPZNH/submissions/1152921505701756398/listings/1152922700027045209/listingassets/3015025807433585137,https://developer.microsoft.com/en-us/dashboard/apps/9WZDNCRDPZNH/submissions/1152921505701756398/listings/1152922700027044932/listingassets/3028020097790096551,https://developer.microsoft.com/en-us/dashboard/apps/9WZDNCRDPZNH/submissions/1152921505701756398/listings/1152922700027045270/listingassets/3028020097790096551,https://developer.microsoft.com/en-us/dashboard/apps/9WZDNCRDPZNH/submissions/1152921505701756398/listings/1152922700027045239/listingassets/3028020097790096551,https://developer.microsoft.com/en-us/dashboard/apps/9WZDNCRDPZNH/submissions/1152921505701756398/listings/1152922700027045348/listingassets/3028020097790096551,https://developer.microsoft.com/en-us/dashboard/apps/9WZDNCRDPZNH/submissions/1152921505701756398/listings/1152922700027045373/listingassets/3028020097790096551,https://developer.microsoft.com/en-us/dashboard/apps/9WZDNCRDPZNH/submissions/1152921505701756398/listings/1152922700027045335/listingassets/3028020097790096551,https://developer.microsoft.com/en-us/dashboard/apps/9WZDNCRDPZNH/submissions/1152921505701756398/listings/1152922700027045404/listingassets/3028020097790096551,https://developer.microsoft.com/en-us/dashboard/apps/9WZDNCRDPZNH/submissions/1152921505701756398/listings/1152922700027045459/listingassets/3028020097790096551,https://developer.microsoft.com/en-us/dashboard/apps/9WZDNCRDPZNH/submissions/1152921505701756398/listings/1152922700027045451/listingassets/3028020097790096551,https://developer.microsoft.com/en-us/dashboard/apps/9WZDNCRDPZNH/submissions/1152921505701756398/listings/1152922700027045496/listingassets/3028020097790096551,https://developer.microsoft.com/en-us/dashboard/apps/9WZDNCRDPZNH/submissions/1152921505701756398/listings/1152922700027045528/listingassets/3028020097790096551,https://developer.microsoft.com/en-us/dashboard/apps/9WZDNCRDPZNH/submissions/1152921505701756398/listings/1152922700027045550/listingassets/3028020097790096551,https://developer.microsoft.com/en-us/dashboard/apps/9WZDNCRDPZNH/submissions/1152921505701756398/listings/1152922700027045292/listingassets/3028020097790096551,https://developer.microsoft.com/en-us/dashboard/apps/9WZDNCRDPZNH/submissions/1152921505701756398/listings/1152922700027045572/listingassets/3028020097790096551,https://developer.microsoft.com/en-us/dashboard/apps/9WZDNCRDPZNH/submissions/1152921505701756398/listings/1152922700027045580/listingassets/3028020097790096551,https://developer.microsoft.com/en-us/dashboard/apps/9WZDNCRDPZNH/submissions/1152921505701756398/listings/1152922700027045603/listingassets/3028020097790096551,https://developer.microsoft.com/en-us/dashboard/apps/9WZDNCRDPZNH/submissions/1152921505701756398/listings/1152922700027045655/listingassets/3028020097790096551,https://developer.microsoft.com/en-us/dashboard/apps/9WZDNCRDPZNH/submissions/1152921505701756398/listings/1152922700027045705/listingassets/3028020097790096551,https://developer.microsoft.com/en-us/dashboard/apps/9WZDNCRDPZNH/submissions/1152921505701756398/listings/1152922700027044453/listingassets/3028020097790096551,https://developer.microsoft.com/en-us/dashboard/apps/9WZDNCRDPZNH/submissions/1152921505701756398/listings/1152922700027045732/listingassets/3028020097790096551,https://developer.microsoft.com/en-us/dashboard/apps/9WZDNCRDPZNH/submissions/1152921505701756398/listings/1152922700027045686/listingassets/3028020097790096551,https://developer.microsoft.com/en-us/dashboard/apps/9WZDNCRDPZNH/submissions/1152921505701756398/listings/1152922700027045795/listingassets/3028020097790096551,https://developer.microsoft.com/en-us/dashboard/apps/9WZDNCRDPZNH/submissions/1152921505701756398/listings/1152922700027045749/listingassets/3028020097790096551,https://developer.microsoft.com/en-us/dashboard/apps/9WZDNCRDPZNH/submissions/1152921505701756398/listings/1152922700027045876/listingassets/3028020097790096551,https://developer.microsoft.com/en-us/dashboard/apps/9WZDNCRDPZNH/submissions/1152921505701756398/listings/1152922700027045890/listingassets/3028020097790096551,https://developer.microsoft.com/en-us/dashboard/apps/9WZDNCRDPZNH/submissions/1152921505701756398/listings/1152922700027045821/listingassets/3028020097790096551,https://developer.microsoft.com/en-us/dashboard/apps/9WZDNCRDPZNH/submissions/1152921505701756398/listings/1152922700027045846/listingassets/3028020097790096551,https://developer.microsoft.com/en-us/dashboard/apps/9WZDNCRDPZNH/submissions/1152921505701756398/listings/1152922700027045912/listingassets/3028020097790096551,https://developer.microsoft.com/en-us/dashboard/apps/9WZDNCRDPZNH/submissions/1152921505701756398/listings/1152922700027045999/listingassets/3028020097790096551,https://developer.microsoft.com/en-us/dashboard/apps/9WZDNCRDPZNH/submissions/1152921505701756398/listings/1152922700027045991/listingassets/3028020097790096551,https://developer.microsoft.com/en-us/dashboard/apps/9WZDNCRDPZNH/submissions/1152921505701756398/listings/1152922700027045958/listingassets/3028020097790096551,https://developer.microsoft.com/en-us/dashboard/apps/9WZDNCRDPZNH/submissions/1152921505701756398/listings/1152922700027046020/listingassets/3028020097790096551,https://developer.microsoft.com/en-us/dashboard/apps/9WZDNCRDPZNH/submissions/1152921505701756398/listings/1152922700027046067/listingassets/3028020097790096551
DesktopScreenshot7,106,Relative path (or URL to file in Partner Center),,https://developer.microsoft.com/en-us/dashboard/apps/9WZDNCRDPZNH/submissions/1152921505701756398/listings/1152921504649329823/listingassets/3015025807433585137,https://developer.microsoft.com/en-us/dashboard/apps/9WZDNCRDPZNH/submissions/1152921505701756398/listings/1152922700027044575/listingassets/3036157646258662025,https://developer.microsoft.com/en-us/dashboard/apps/9WZDNCRDPZNH/submissions/1152921505701756398/listings/1152922700027044656/listingassets/3028020097790096551,https://developer.microsoft.com/en-us/dashboard/apps/9WZDNCRDPZNH/submissions/1152921505701756398/listings/1152922700027044707/listingassets/3036157646258662025,https://developer.microsoft.com/en-us/dashboard/apps/9WZDNCRDPZNH/submissions/1152921505701756398/listings/1152922700027044701/listingassets/3028020097790096551,https://developer.microsoft.com/en-us/dashboard/apps/9WZDNCRDPZNH/submissions/1152921505701756398/listings/1152922700027044736/listingassets/3015025807433585137,https://developer.microsoft.com/en-us/dashboard/apps/9WZDNCRDPZNH/submissions/1152921505701756398/listings/1152922700027044748/listingassets/3036157646258662025,https://developer.microsoft.com/en-us/dashboard/apps/9WZDNCRDPZNH/submissions/1152921505701756398/listings/1152922700027044796/listingassets/3028020097790096551,https://developer.microsoft.com/en-us/dashboard/apps/9WZDNCRDPZNH/submissions/1152921505701756398/listings/1152922700027044530/listingassets/3036157646258662025,https://developer.microsoft.com/en-us/dashboard/apps/9WZDNCRDPZNH/submissions/1152921505701756398/listings/1152922700027044784/listingassets/3069785590494834977,https://developer.microsoft.com/en-us/dashboard/apps/9WZDNCRDPZNH/submissions/1152921505701756398/listings/1152922700027044815/listingassets/3069785590494834977,https://developer.microsoft.com/en-us/dashboard/apps/9WZDNCRDPZNH/submissions/1152921505701756398/listings/1152922700027044620/listingassets/3036157646258662025,https://developer.microsoft.com/en-us/dashboard/apps/9WZDNCRDPZNH/submissions/1152921505701756398/listings/1152922700027044643/listingassets/3028020097790096551,https://developer.microsoft.com/en-us/dashboard/apps/9WZDNCRDPZNH/submissions/1152921505701756398/listings/1152922700027044857/listingassets/3015025807433585137,https://developer.microsoft.com/en-us/dashboard/apps/9WZDNCRDPZNH/submissions/1152921505701756398/listings/1152922700027044893/listingassets/3015025807433585137,https://developer.microsoft.com/en-us/dashboard/apps/9WZDNCRDPZNH/submissions/1152921505701756398/listings/1152922700027044553/listingassets/3015025807433585137,https://developer.microsoft.com/en-us/dashboard/apps/9WZDNCRDPZNH/submissions/1152921505701756398/listings/1152922700027044950/listingassets/3015025807433585137,https://developer.microsoft.com/en-us/dashboard/apps/9WZDNCRDPZNH/submissions/1152921505701756398/listings/1152922700027044974/listingassets/3015025807433585137,https://developer.microsoft.com/en-us/dashboard/apps/9WZDNCRDPZNH/submissions/1152921505701756398/listings/1152922700027044993/listingassets/3015025807433585137,https://developer.microsoft.com/en-us/dashboard/apps/9WZDNCRDPZNH/submissions/1152921505701756398/listings/1152922700027045018/listingassets/3015025807433585137,https://developer.microsoft.com/en-us/dashboard/apps/9WZDNCRDPZNH/submissions/1152921505701756398/listings/1152922700027044875/listingassets/3036157646258662025,https://developer.microsoft.com/en-us/dashboard/apps/9WZDNCRDPZNH/submissions/1152921505701756398/listings/1152922700027045042/listingassets/3028020097790096551,https://developer.microsoft.com/en-us/dashboard/apps/9WZDNCRDPZNH/submissions/1152921505701756398/listings/1152922700027045064/listingassets/3015025807433585137,https://developer.microsoft.com/en-us/dashboard/apps/9WZDNCRDPZNH/submissions/1152921505701756398/listings/1152922700027045077/listingassets/3036157646258662025,https://developer.microsoft.com/en-us/dashboard/apps/9WZDNCRDPZNH/submissions/1152921505701756398/listings/1152922700027045112/listingassets/3036157646258662025,https://developer.microsoft.com/en-us/dashboard/apps/9WZDNCRDPZNH/submissions/1152921505701756398/listings/1152922700027045132/listingassets/3036157646258662025,https://developer.microsoft.com/en-us/dashboard/apps/9WZDNCRDPZNH/submissions/1152921505701756398/listings/1152922700027045183/listingassets/3028020097790096551,https://developer.microsoft.com/en-us/dashboard/apps/9WZDNCRDPZNH/submissions/1152921505701756398/listings/1152922700027045192/listingassets/3015025807433585137,https://developer.microsoft.com/en-us/dashboard/apps/9WZDNCRDPZNH/submissions/1152921505701756398/listings/1152922700027045155/listingassets/3015025807433585137,https://developer.microsoft.com/en-us/dashboard/apps/9WZDNCRDPZNH/submissions/1152921505701756398/listings/1152922700027045209/listingassets/3028020097790096551,https://developer.microsoft.com/en-us/dashboard/apps/9WZDNCRDPZNH/submissions/1152921505701756398/listings/1152922700027044932/listingassets/3036157646258662025,https://developer.microsoft.com/en-us/dashboard/apps/9WZDNCRDPZNH/submissions/1152921505701756398/listings/1152922700027045270/listingassets/3036157646258662025,https://developer.microsoft.com/en-us/dashboard/apps/9WZDNCRDPZNH/submissions/1152921505701756398/listings/1152922700027045239/listingassets/3036157646258662025,https://developer.microsoft.com/en-us/dashboard/apps/9WZDNCRDPZNH/submissions/1152921505701756398/listings/1152922700027045348/listingassets/3036157646258662025,https://developer.microsoft.com/en-us/dashboard/apps/9WZDNCRDPZNH/submissions/1152921505701756398/listings/1152922700027045373/listingassets/3036157646258662025,https://developer.microsoft.com/en-us/dashboard/apps/9WZDNCRDPZNH/submissions/1152921505701756398/listings/1152922700027045335/listingassets/3036157646258662025,https://developer.microsoft.com/en-us/dashboard/apps/9WZDNCRDPZNH/submissions/1152921505701756398/listings/1152922700027045404/listingassets/3036157646258662025,https://developer.microsoft.com/en-us/dashboard/apps/9WZDNCRDPZNH/submissions/1152921505701756398/listings/1152922700027045459/listingassets/3036157646258662025,https://developer.microsoft.com/en-us/dashboard/apps/9WZDNCRDPZNH/submissions/1152921505701756398/listings/1152922700027045451/listingassets/3036157646258662025,https://developer.microsoft.com/en-us/dashboard/apps/9WZDNCRDPZNH/submissions/1152921505701756398/listings/1152922700027045496/listingassets/3036157646258662025,https://developer.microsoft.com/en-us/dashboard/apps/9WZDNCRDPZNH/submissions/1152921505701756398/listings/1152922700027045528/listingassets/3036157646258662025,https://developer.microsoft.com/en-us/dashboard/apps/9WZDNCRDPZNH/submissions/1152921505701756398/listings/1152922700027045550/listingassets/3036157646258662025,https://developer.microsoft.com/en-us/dashboard/apps/9WZDNCRDPZNH/submissions/1152921505701756398/listings/1152922700027045292/listingassets/3036157646258662025,https://developer.microsoft.com/en-us/dashboard/apps/9WZDNCRDPZNH/submissions/1152921505701756398/listings/1152922700027045572/listingassets/3036157646258662025,https://developer.microsoft.com/en-us/dashboard/apps/9WZDNCRDPZNH/submissions/1152921505701756398/listings/1152922700027045580/listingassets/3036157646258662025,https://developer.microsoft.com/en-us/dashboard/apps/9WZDNCRDPZNH/submissions/1152921505701756398/listings/1152922700027045603/listingassets/3036157646258662025,https://developer.microsoft.com/en-us/dashboard/apps/9WZDNCRDPZNH/submissions/1152921505701756398/listings/1152922700027045655/listingassets/3036157646258662025,https://developer.microsoft.com/en-us/dashboard/apps/9WZDNCRDPZNH/submissions/1152921505701756398/listings/1152922700027045705/listingassets/3036157646258662025,https://developer.microsoft.com/en-us/dashboard/apps/9WZDNCRDPZNH/submissions/1152921505701756398/listings/1152922700027044453/listingassets/3036157646258662025,https://developer.microsoft.com/en-us/dashboard/apps/9WZDNCRDPZNH/submissions/1152921505701756398/listings/1152922700027045732/listingassets/3036157646258662025,https://developer.microsoft.com/en-us/dashboard/apps/9WZDNCRDPZNH/submissions/1152921505701756398/listings/1152922700027045686/listingassets/3036157646258662025,https://developer.microsoft.com/en-us/dashboard/apps/9WZDNCRDPZNH/submissions/1152921505701756398/listings/1152922700027045795/listingassets/3036157646258662025,https://developer.microsoft.com/en-us/dashboard/apps/9WZDNCRDPZNH/submissions/1152921505701756398/listings/1152922700027045749/listingassets/3036157646258662025,https://developer.microsoft.com/en-us/dashboard/apps/9WZDNCRDPZNH/submissions/1152921505701756398/listings/1152922700027045876/listingassets/3036157646258662025,https://developer.microsoft.com/en-us/dashboard/apps/9WZDNCRDPZNH/submissions/1152921505701756398/listings/1152922700027045890/listingassets/3036157646258662025,https://developer.microsoft.com/en-us/dashboard/apps/9WZDNCRDPZNH/submissions/1152921505701756398/listings/1152922700027045821/listingassets/3036157646258662025,https://developer.microsoft.com/en-us/dashboard/apps/9WZDNCRDPZNH/submissions/1152921505701756398/listings/1152922700027045846/listingassets/3036157646258662025,https://developer.microsoft.com/en-us/dashboard/apps/9WZDNCRDPZNH/submissions/1152921505701756398/listings/1152922700027045912/listingassets/3036157646258662025,https://developer.microsoft.com/en-us/dashboard/apps/9WZDNCRDPZNH/submissions/1152921505701756398/listings/1152922700027045999/listingassets/3036157646258662025,https://developer.microsoft.com/en-us/dashboard/apps/9WZDNCRDPZNH/submissions/1152921505701756398/listings/1152922700027045991/listingassets/3036157646258662025,https://developer.microsoft.com/en-us/dashboard/apps/9WZDNCRDPZNH/submissions/1152921505701756398/listings/1152922700027045958/listingassets/3036157646258662025,https://developer.microsoft.com/en-us/dashboard/apps/9WZDNCRDPZNH/submissions/1152921505701756398/listings/1152922700027046020/listingassets/3036157646258662025,https://developer.microsoft.com/en-us/dashboard/apps/9WZDNCRDPZNH/submissions/1152921505701756398/listings/1152922700027046067/listingassets/3036157646258662025
DesktopScreenshot8,107,Relative path (or URL to file in Partner Center),,https://developer.microsoft.com/en-us/dashboard/apps/9WZDNCRDPZNH/submissions/1152921505701756398/listings/1152921504649329823/listingassets/3028020097790096551,https://developer.microsoft.com/en-us/dashboard/apps/9WZDNCRDPZNH/submissions/1152921505701756398/listings/1152922700027044575/listingassets/3008723517300939267,https://developer.microsoft.com/en-us/dashboard/apps/9WZDNCRDPZNH/submissions/1152921505701756398/listings/1152922700027044656/listingassets/3036157646258662025,https://developer.microsoft.com/en-us/dashboard/apps/9WZDNCRDPZNH/submissions/1152921505701756398/listings/1152922700027044707/listingassets/3008723517300939267,https://developer.microsoft.com/en-us/dashboard/apps/9WZDNCRDPZNH/submissions/1152921505701756398/listings/1152922700027044701/listingassets/3036157646258662025,https://developer.microsoft.com/en-us/dashboard/apps/9WZDNCRDPZNH/submissions/1152921505701756398/listings/1152922700027044736/listingassets/3028020097790096551,https://developer.microsoft.com/en-us/dashboard/apps/9WZDNCRDPZNH/submissions/1152921505701756398/listings/1152922700027044748/listingassets/3008723517300939267,https://developer.microsoft.com/en-us/dashboard/apps/9WZDNCRDPZNH/submissions/1152921505701756398/listings/1152922700027044796/listingassets/3036157646258662025,https://developer.microsoft.com/en-us/dashboard/apps/9WZDNCRDPZNH/submissions/1152921505701756398/listings/1152922700027044530/listingassets/3008723517300939267,https://developer.microsoft.com/en-us/dashboard/apps/9WZDNCRDPZNH/submissions/1152921505701756398/listings/1152922700027044784/listingassets/3015025807433585137,https://developer.microsoft.com/en-us/dashboard/apps/9WZDNCRDPZNH/submissions/1152921505701756398/listings/1152922700027044815/listingassets/3015025807433585137,https://developer.microsoft.com/en-us/dashboard/apps/9WZDNCRDPZNH/submissions/1152921505701756398/listings/1152922700027044620/listingassets/3008723517300939267,https://developer.microsoft.com/en-us/dashboard/apps/9WZDNCRDPZNH/submissions/1152921505701756398/listings/1152922700027044643/listingassets/3015025807433585137,https://developer.microsoft.com/en-us/dashboard/apps/9WZDNCRDPZNH/submissions/1152921505701756398/listings/1152922700027044857/listingassets/3028020097790096551,https://developer.microsoft.com/en-us/dashboard/apps/9WZDNCRDPZNH/submissions/1152921505701756398/listings/1152922700027044893/listingassets/3069785590494834977,https://developer.microsoft.com/en-us/dashboard/apps/9WZDNCRDPZNH/submissions/1152921505701756398/listings/1152922700027044553/listingassets/3028020097790096551,https://developer.microsoft.com/en-us/dashboard/apps/9WZDNCRDPZNH/submissions/1152921505701756398/listings/1152922700027044950/listingassets/3028020097790096551,https://developer.microsoft.com/en-us/dashboard/apps/9WZDNCRDPZNH/submissions/1152921505701756398/listings/1152922700027044974/listingassets/3028020097790096551,https://developer.microsoft.com/en-us/dashboard/apps/9WZDNCRDPZNH/submissions/1152921505701756398/listings/1152922700027044993/listingassets/3028020097790096551,https://developer.microsoft.com/en-us/dashboard/apps/9WZDNCRDPZNH/submissions/1152921505701756398/listings/1152922700027045018/listingassets/3028020097790096551,https://developer.microsoft.com/en-us/dashboard/apps/9WZDNCRDPZNH/submissions/1152921505701756398/listings/1152922700027044875/listingassets/3008723517300939267,https://developer.microsoft.com/en-us/dashboard/apps/9WZDNCRDPZNH/submissions/1152921505701756398/listings/1152922700027045042/listingassets/3036157646258662025,https://developer.microsoft.com/en-us/dashboard/apps/9WZDNCRDPZNH/submissions/1152921505701756398/listings/1152922700027045064/listingassets/3028020097790096551,https://developer.microsoft.com/en-us/dashboard/apps/9WZDNCRDPZNH/submissions/1152921505701756398/listings/1152922700027045077/listingassets/3008723517300939267,https://developer.microsoft.com/en-us/dashboard/apps/9WZDNCRDPZNH/submissions/1152921505701756398/listings/1152922700027045112/listingassets/3028020097790096551,https://developer.microsoft.com/en-us/dashboard/apps/9WZDNCRDPZNH/submissions/1152921505701756398/listings/1152922700027045132/listingassets/3008723517300939267,https://developer.microsoft.com/en-us/dashboard/apps/9WZDNCRDPZNH/submissions/1152921505701756398/listings/1152922700027045183/listingassets/3036157646258662025,https://developer.microsoft.com/en-us/dashboard/apps/9WZDNCRDPZNH/submissions/1152921505701756398/listings/1152922700027045192/listingassets/3028020097790096551,https://developer.microsoft.com/en-us/dashboard/apps/9WZDNCRDPZNH/submissions/1152921505701756398/listings/1152922700027045155/listingassets/3028020097790096551,https://developer.microsoft.com/en-us/dashboard/apps/9WZDNCRDPZNH/submissions/1152921505701756398/listings/1152922700027045209/listingassets/3036157646258662025,https://developer.microsoft.com/en-us/dashboard/apps/9WZDNCRDPZNH/submissions/1152921505701756398/listings/1152922700027044932/listingassets/3008723517300939267,https://developer.microsoft.com/en-us/dashboard/apps/9WZDNCRDPZNH/submissions/1152921505701756398/listings/1152922700027045270/listingassets/3008723517300939267,https://developer.microsoft.com/en-us/dashboard/apps/9WZDNCRDPZNH/submissions/1152921505701756398/listings/1152922700027045239/listingassets/3008723517300939267,https://developer.microsoft.com/en-us/dashboard/apps/9WZDNCRDPZNH/submissions/1152921505701756398/listings/1152922700027045348/listingassets/3008723517300939267,https://developer.microsoft.com/en-us/dashboard/apps/9WZDNCRDPZNH/submissions/1152921505701756398/listings/1152922700027045373/listingassets/3008723517300939267,https://developer.microsoft.com/en-us/dashboard/apps/9WZDNCRDPZNH/submissions/1152921505701756398/listings/1152922700027045335/listingassets/3008723517300939267,https://developer.microsoft.com/en-us/dashboard/apps/9WZDNCRDPZNH/submissions/1152921505701756398/listings/1152922700027045404/listingassets/3008723517300939267,https://developer.microsoft.com/en-us/dashboard/apps/9WZDNCRDPZNH/submissions/1152921505701756398/listings/1152922700027045459/listingassets/3008723517300939267,https://developer.microsoft.com/en-us/dashboard/apps/9WZDNCRDPZNH/submissions/1152921505701756398/listings/1152922700027045451/listingassets/3008723517300939267,https://developer.microsoft.com/en-us/dashboard/apps/9WZDNCRDPZNH/submissions/1152921505701756398/listings/1152922700027045496/listingassets/3008723517300939267,https://developer.microsoft.com/en-us/dashboard/apps/9WZDNCRDPZNH/submissions/1152921505701756398/listings/1152922700027045528/listingassets/3008723517300939267,https://developer.microsoft.com/en-us/dashboard/apps/9WZDNCRDPZNH/submissions/1152921505701756398/listings/1152922700027045550/listingassets/3008723517300939267,https://developer.microsoft.com/en-us/dashboard/apps/9WZDNCRDPZNH/submissions/1152921505701756398/listings/1152922700027045292/listingassets/3008723517300939267,https://developer.microsoft.com/en-us/dashboard/apps/9WZDNCRDPZNH/submissions/1152921505701756398/listings/1152922700027045572/listingassets/3008723517300939267,https://developer.microsoft.com/en-us/dashboard/apps/9WZDNCRDPZNH/submissions/1152921505701756398/listings/1152922700027045580/listingassets/3008723517300939267,https://developer.microsoft.com/en-us/dashboard/apps/9WZDNCRDPZNH/submissions/1152921505701756398/listings/1152922700027045603/listingassets/3008723517300939267,https://developer.microsoft.com/en-us/dashboard/apps/9WZDNCRDPZNH/submissions/1152921505701756398/listings/1152922700027045655/listingassets/3008723517300939267,https://developer.microsoft.com/en-us/dashboard/apps/9WZDNCRDPZNH/submissions/1152921505701756398/listings/1152922700027045705/listingassets/3008723517300939267,https://developer.microsoft.com/en-us/dashboard/apps/9WZDNCRDPZNH/submissions/1152921505701756398/listings/1152922700027044453/listingassets/3008723517300939267,https://developer.microsoft.com/en-us/dashboard/apps/9WZDNCRDPZNH/submissions/1152921505701756398/listings/1152922700027045732/listingassets/3008723517300939267,https://developer.microsoft.com/en-us/dashboard/apps/9WZDNCRDPZNH/submissions/1152921505701756398/listings/1152922700027045686/listingassets/3008723517300939267,https://developer.microsoft.com/en-us/dashboard/apps/9WZDNCRDPZNH/submissions/1152921505701756398/listings/1152922700027045795/listingassets/3008723517300939267,https://developer.microsoft.com/en-us/dashboard/apps/9WZDNCRDPZNH/submissions/1152921505701756398/listings/1152922700027045749/listingassets/3008723517300939267,https://developer.microsoft.com/en-us/dashboard/apps/9WZDNCRDPZNH/submissions/1152921505701756398/listings/1152922700027045876/listingassets/3008723517300939267,https://developer.microsoft.com/en-us/dashboard/apps/9WZDNCRDPZNH/submissions/1152921505701756398/listings/1152922700027045890/listingassets/3008723517300939267,https://developer.microsoft.com/en-us/dashboard/apps/9WZDNCRDPZNH/submissions/1152921505701756398/listings/1152922700027045821/listingassets/3008723517300939267,https://developer.microsoft.com/en-us/dashboard/apps/9WZDNCRDPZNH/submissions/1152921505701756398/listings/1152922700027045846/listingassets/3008723517300939267,https://developer.microsoft.com/en-us/dashboard/apps/9WZDNCRDPZNH/submissions/1152921505701756398/listings/1152922700027045912/listingassets/3008723517300939267,https://developer.microsoft.com/en-us/dashboard/apps/9WZDNCRDPZNH/submissions/1152921505701756398/listings/1152922700027045999/listingassets/3008723517300939267,https://developer.microsoft.com/en-us/dashboard/apps/9WZDNCRDPZNH/submissions/1152921505701756398/listings/1152922700027045991/listingassets/3008723517300939267,https://developer.microsoft.com/en-us/dashboard/apps/9WZDNCRDPZNH/submissions/1152921505701756398/listings/1152922700027045958/listingassets/3008723517300939267,https://developer.microsoft.com/en-us/dashboard/apps/9WZDNCRDPZNH/submissions/1152921505701756398/listings/1152922700027046020/listingassets/3008723517300939267,https://developer.microsoft.com/en-us/dashboard/apps/9WZDNCRDPZNH/submissions/1152921505701756398/listings/1152922700027046067/listingassets/3008723517300939267
DesktopScreenshot9,108,Relative path (or URL to file in Partner Center),,,,,,,,,,,,,,,,,,,,,,,,,,,,,,,,,,,,,,,,,,,,,,,,,,,,,,,,,,,,,,,,
DesktopScreenshot10,109,Relative path (or URL to file in Partner Center),,,,,,,,,,,,,,,,,,,,,,,,,,,,,,,,,,,,,,,,,,,,,,,,,,,,,,,,,,,,,,,,
DesktopScreenshot11,110,Relative path (or URL to file in Partner Center),,,,,,,,,,,,,,,,,,,,,,,,,,,,,,,,,,,,,,,,,,,,,,,,,,,,,,,,,,,,,,,,
DesktopScreenshot12,111,Relative path (or URL to file in Partner Center),,,,,,,,,,,,,,,,,,,,,,,,,,,,,,,,,,,,,,,,,,,,,,,,,,,,,,,,,,,,,,,,
DesktopScreenshot13,112,Relative path (or URL to file in Partner Center),,,,,,,,,,,,,,,,,,,,,,,,,,,,,,,,,,,,,,,,,,,,,,,,,,,,,,,,,,,,,,,,
DesktopScreenshot14,113,Relative path (or URL to file in Partner Center),,,,,,,,,,,,,,,,,,,,,,,,,,,,,,,,,,,,,,,,,,,,,,,,,,,,,,,,,,,,,,,,
DesktopScreenshot15,114,Relative path (or URL to file in Partner Center),,,,,,,,,,,,,,,,,,,,,,,,,,,,,,,,,,,,,,,,,,,,,,,,,,,,,,,,,,,,,,,,
DesktopScreenshot16,115,Relative path (or URL to file in Partner Center),,,,,,,,,,,,,,,,,,,,,,,,,,,,,,,,,,,,,,,,,,,,,,,,,,,,,,,,,,,,,,,,
DesktopScreenshot17,116,Relative path (or URL to file in Partner Center),,,,,,,,,,,,,,,,,,,,,,,,,,,,,,,,,,,,,,,,,,,,,,,,,,,,,,,,,,,,,,,,
DesktopScreenshot18,117,Relative path (or URL to file in Partner Center),,,,,,,,,,,,,,,,,,,,,,,,,,,,,,,,,,,,,,,,,,,,,,,,,,,,,,,,,,,,,,,,
DesktopScreenshot19,118,Relative path (or URL to file in Partner Center),,,,,,,,,,,,,,,,,,,,,,,,,,,,,,,,,,,,,,,,,,,,,,,,,,,,,,,,,,,,,,,,
DesktopScreenshot20,119,Relative path (or URL to file in Partner Center),,,,,,,,,,,,,,,,,,,,,,,,,,,,,,,,,,,,,,,,,,,,,,,,,,,,,,,,,,,,,,,,
DesktopScreenshot21,120,Relative path (or URL to file in Partner Center),,,,,,,,,,,,,,,,,,,,,,,,,,,,,,,,,,,,,,,,,,,,,,,,,,,,,,,,,,,,,,,,
DesktopScreenshot22,121,Relative path (or URL to file in Partner Center),,,,,,,,,,,,,,,,,,,,,,,,,,,,,,,,,,,,,,,,,,,,,,,,,,,,,,,,,,,,,,,,
DesktopScreenshot23,122,Relative path (or URL to file in Partner Center),,,,,,,,,,,,,,,,,,,,,,,,,,,,,,,,,,,,,,,,,,,,,,,,,,,,,,,,,,,,,,,,
DesktopScreenshot24,123,Relative path (or URL to file in Partner Center),,,,,,,,,,,,,,,,,,,,,,,,,,,,,,,,,,,,,,,,,,,,,,,,,,,,,,,,,,,,,,,,
DesktopScreenshot25,124,Relative path (or URL to file in Partner Center),,,,,,,,,,,,,,,,,,,,,,,,,,,,,,,,,,,,,,,,,,,,,,,,,,,,,,,,,,,,,,,,
DesktopScreenshot26,125,Relative path (or URL to file in Partner Center),,,,,,,,,,,,,,,,,,,,,,,,,,,,,,,,,,,,,,,,,,,,,,,,,,,,,,,,,,,,,,,,
DesktopScreenshot27,126,Relative path (or URL to file in Partner Center),,,,,,,,,,,,,,,,,,,,,,,,,,,,,,,,,,,,,,,,,,,,,,,,,,,,,,,,,,,,,,,,
DesktopScreenshot28,127,Relative path (or URL to file in Partner Center),,,,,,,,,,,,,,,,,,,,,,,,,,,,,,,,,,,,,,,,,,,,,,,,,,,,,,,,,,,,,,,,
DesktopScreenshot29,128,Relative path (or URL to file in Partner Center),,,,,,,,,,,,,,,,,,,,,,,,,,,,,,,,,,,,,,,,,,,,,,,,,,,,,,,,,,,,,,,,
DesktopScreenshot30,129,Relative path (or URL to file in Partner Center),,,,,,,,,,,,,,,,,,,,,,,,,,,,,,,,,,,,,,,,,,,,,,,,,,,,,,,,,,,,,,,,
DesktopScreenshotCaption1,150,Text,,,,,,,,,,,,,,,,,,,,,,,,,,,,,,,,,,,,,,,,,,,,,,,,,,,,,,,,,,,,,,,,
DesktopScreenshotCaption2,151,Text,,,,,,,,,,,,,,,,,,,,,,,,,,,,,,,,,,,,,,,,,,,,,,,,,,,,,,,,,,,,,,,,
DesktopScreenshotCaption3,152,Text,,,,,,,,,,,,,,,,,,,,,,,,,,,,,,,,,,,,,,,,,,,,,,,,,,,,,,,,,,,,,,,,
DesktopScreenshotCaption4,153,Text,,,,,,,,,,,,,,,,,,,,,,,,,,,,,,,,,,,,,,,,,,,,,,,,,,,,,,,,,,,,,,,,
DesktopScreenshotCaption5,154,Text,,,,,,,,,,,,,,,,,,,,,,,,,,,,,,,,,,,,,,,,,,,,,,,,,,,,,,,,,,,,,,,,
DesktopScreenshotCaption6,155,Text,,,,,,,,,,,,,,,,,,,,,,,,,,,,,,,,,,,,,,,,,,,,,,,,,,,,,,,,,,,,,,,,
DesktopScreenshotCaption7,156,Text,,,,,,,,,,,,,,,,,,,,,,,,,,,,,,,,,,,,,,,,,,,,,,,,,,,,,,,,,,,,,,,,
DesktopScreenshotCaption8,157,Text,,,,,,,,,,,,,,,,,,,,,,,,,,,,,,,,,,,,,,,,,,,,,,,,,,,,,,,,,,,,,,,,
DesktopScreenshotCaption9,158,Text,,,,,,,,,,,,,,,,,,,,,,,,,,,,,,,,,,,,,,,,,,,,,,,,,,,,,,,,,,,,,,,,
DesktopScreenshotCaption10,159,Text,,,,,,,,,,,,,,,,,,,,,,,,,,,,,,,,,,,,,,,,,,,,,,,,,,,,,,,,,,,,,,,,
DesktopScreenshotCaption11,160,Text,,,,,,,,,,,,,,,,,,,,,,,,,,,,,,,,,,,,,,,,,,,,,,,,,,,,,,,,,,,,,,,,
DesktopScreenshotCaption12,161,Text,,,,,,,,,,,,,,,,,,,,,,,,,,,,,,,,,,,,,,,,,,,,,,,,,,,,,,,,,,,,,,,,
DesktopScreenshotCaption13,162,Text,,,,,,,,,,,,,,,,,,,,,,,,,,,,,,,,,,,,,,,,,,,,,,,,,,,,,,,,,,,,,,,,
DesktopScreenshotCaption14,163,Text,,,,,,,,,,,,,,,,,,,,,,,,,,,,,,,,,,,,,,,,,,,,,,,,,,,,,,,,,,,,,,,,
DesktopScreenshotCaption15,164,Text,,,,,,,,,,,,,,,,,,,,,,,,,,,,,,,,,,,,,,,,,,,,,,,,,,,,,,,,,,,,,,,,
DesktopScreenshotCaption16,165,Text,,,,,,,,,,,,,,,,,,,,,,,,,,,,,,,,,,,,,,,,,,,,,,,,,,,,,,,,,,,,,,,,
DesktopScreenshotCaption17,166,Text,,,,,,,,,,,,,,,,,,,,,,,,,,,,,,,,,,,,,,,,,,,,,,,,,,,,,,,,,,,,,,,,
DesktopScreenshotCaption18,167,Text,,,,,,,,,,,,,,,,,,,,,,,,,,,,,,,,,,,,,,,,,,,,,,,,,,,,,,,,,,,,,,,,
DesktopScreenshotCaption19,168,Text,,,,,,,,,,,,,,,,,,,,,,,,,,,,,,,,,,,,,,,,,,,,,,,,,,,,,,,,,,,,,,,,
DesktopScreenshotCaption20,169,Text,,,,,,,,,,,,,,,,,,,,,,,,,,,,,,,,,,,,,,,,,,,,,,,,,,,,,,,,,,,,,,,,
DesktopScreenshotCaption21,170,Text,,,,,,,,,,,,,,,,,,,,,,,,,,,,,,,,,,,,,,,,,,,,,,,,,,,,,,,,,,,,,,,,
DesktopScreenshotCaption22,171,Text,,,,,,,,,,,,,,,,,,,,,,,,,,,,,,,,,,,,,,,,,,,,,,,,,,,,,,,,,,,,,,,,
DesktopScreenshotCaption23,172,Text,,,,,,,,,,,,,,,,,,,,,,,,,,,,,,,,,,,,,,,,,,,,,,,,,,,,,,,,,,,,,,,,
DesktopScreenshotCaption24,173,Text,,,,,,,,,,,,,,,,,,,,,,,,,,,,,,,,,,,,,,,,,,,,,,,,,,,,,,,,,,,,,,,,
DesktopScreenshotCaption25,174,Text,,,,,,,,,,,,,,,,,,,,,,,,,,,,,,,,,,,,,,,,,,,,,,,,,,,,,,,,,,,,,,,,
DesktopScreenshotCaption26,175,Text,,,,,,,,,,,,,,,,,,,,,,,,,,,,,,,,,,,,,,,,,,,,,,,,,,,,,,,,,,,,,,,,
DesktopScreenshotCaption27,176,Text,,,,,,,,,,,,,,,,,,,,,,,,,,,,,,,,,,,,,,,,,,,,,,,,,,,,,,,,,,,,,,,,
DesktopScreenshotCaption28,177,Text,,,,,,,,,,,,,,,,,,,,,,,,,,,,,,,,,,,,,,,,,,,,,,,,,,,,,,,,,,,,,,,,
DesktopScreenshotCaption29,178,Text,,,,,,,,,,,,,,,,,,,,,,,,,,,,,,,,,,,,,,,,,,,,,,,,,,,,,,,,,,,,,,,,
DesktopScreenshotCaption30,179,Text,,,,,,,,,,,,,,,,,,,,,,,,,,,,,,,,,,,,,,,,,,,,,,,,,,,,,,,,,,,,,,,,
MobileScreenshot1,200,Relative path (or URL to file in Partner Center),,https://developer.microsoft.com/en-us/dashboard/apps/9WZDNCRDPZNH/submissions/1152921505701756398/listings/1152921504649329823/listingassets/1152921504614296977,https://developer.microsoft.com/en-us/dashboard/apps/9WZDNCRDPZNH/submissions/1152921505701756398/listings/1152922700027044575/listingassets/1152921504614296977,https://developer.microsoft.com/en-us/dashboard/apps/9WZDNCRDPZNH/submissions/1152921505701756398/listings/1152922700027044656/listingassets/1152921504614297060,https://developer.microsoft.com/en-us/dashboard/apps/9WZDNCRDPZNH/submissions/1152921505701756398/listings/1152922700027044707/listingassets/1152921504614296977,https://developer.microsoft.com/en-us/dashboard/apps/9WZDNCRDPZNH/submissions/1152921505701756398/listings/1152922700027044701/listingassets/1152921504614296977,https://developer.microsoft.com/en-us/dashboard/apps/9WZDNCRDPZNH/submissions/1152921505701756398/listings/1152922700027044736/listingassets/1152921504614296977,https://developer.microsoft.com/en-us/dashboard/apps/9WZDNCRDPZNH/submissions/1152921505701756398/listings/1152922700027044748/listingassets/1152921504614296977,https://developer.microsoft.com/en-us/dashboard/apps/9WZDNCRDPZNH/submissions/1152921505701756398/listings/1152922700027044796/listingassets/1152921504614296977,https://developer.microsoft.com/en-us/dashboard/apps/9WZDNCRDPZNH/submissions/1152921505701756398/listings/1152922700027044530/listingassets/1152921504614296977,https://developer.microsoft.com/en-us/dashboard/apps/9WZDNCRDPZNH/submissions/1152921505701756398/listings/1152922700027044784/listingassets/1152921504614296977,https://developer.microsoft.com/en-us/dashboard/apps/9WZDNCRDPZNH/submissions/1152921505701756398/listings/1152922700027044815/listingassets/1152921504614297060,https://developer.microsoft.com/en-us/dashboard/apps/9WZDNCRDPZNH/submissions/1152921505701756398/listings/1152922700027044620/listingassets/1152921504614296977,https://developer.microsoft.com/en-us/dashboard/apps/9WZDNCRDPZNH/submissions/1152921505701756398/listings/1152922700027044643/listingassets/1152921504614297060,https://developer.microsoft.com/en-us/dashboard/apps/9WZDNCRDPZNH/submissions/1152921505701756398/listings/1152922700027044857/listingassets/1152921504614296977,https://developer.microsoft.com/en-us/dashboard/apps/9WZDNCRDPZNH/submissions/1152921505701756398/listings/1152922700027044893/listingassets/1152921504614296977,https://developer.microsoft.com/en-us/dashboard/apps/9WZDNCRDPZNH/submissions/1152921505701756398/listings/1152922700027044553/listingassets/1152921504614296977,https://developer.microsoft.com/en-us/dashboard/apps/9WZDNCRDPZNH/submissions/1152921505701756398/listings/1152922700027044950/listingassets/1152921504614296977,https://developer.microsoft.com/en-us/dashboard/apps/9WZDNCRDPZNH/submissions/1152921505701756398/listings/1152922700027044974/listingassets/1152921504614296977,https://developer.microsoft.com/en-us/dashboard/apps/9WZDNCRDPZNH/submissions/1152921505701756398/listings/1152922700027044993/listingassets/1152921504614297013,https://developer.microsoft.com/en-us/dashboard/apps/9WZDNCRDPZNH/submissions/1152921505701756398/listings/1152922700027045018/listingassets/1152921504614296977,https://developer.microsoft.com/en-us/dashboard/apps/9WZDNCRDPZNH/submissions/1152921505701756398/listings/1152922700027044875/listingassets/1152921504614296977,https://developer.microsoft.com/en-us/dashboard/apps/9WZDNCRDPZNH/submissions/1152921505701756398/listings/1152922700027045042/listingassets/1152921504614296977,https://developer.microsoft.com/en-us/dashboard/apps/9WZDNCRDPZNH/submissions/1152921505701756398/listings/1152922700027045064/listingassets/1152921504614296977,https://developer.microsoft.com/en-us/dashboard/apps/9WZDNCRDPZNH/submissions/1152921505701756398/listings/1152922700027045077/listingassets/1152921504614296977,https://developer.microsoft.com/en-us/dashboard/apps/9WZDNCRDPZNH/submissions/1152921505701756398/listings/1152922700027045112/listingassets/1152921504614296977,https://developer.microsoft.com/en-us/dashboard/apps/9WZDNCRDPZNH/submissions/1152921505701756398/listings/1152922700027045132/listingassets/1152921504614296977,https://developer.microsoft.com/en-us/dashboard/apps/9WZDNCRDPZNH/submissions/1152921505701756398/listings/1152922700027045183/listingassets/1152921504614296977,https://developer.microsoft.com/en-us/dashboard/apps/9WZDNCRDPZNH/submissions/1152921505701756398/listings/1152922700027045192/listingassets/1152921504614296977,https://developer.microsoft.com/en-us/dashboard/apps/9WZDNCRDPZNH/submissions/1152921505701756398/listings/1152922700027045155/listingassets/1152921504614296977,https://developer.microsoft.com/en-us/dashboard/apps/9WZDNCRDPZNH/submissions/1152921505701756398/listings/1152922700027045209/listingassets/1152921504614296977,https://developer.microsoft.com/en-us/dashboard/apps/9WZDNCRDPZNH/submissions/1152921505701756398/listings/1152922700027044932/listingassets/1152921504614296977,https://developer.microsoft.com/en-us/dashboard/apps/9WZDNCRDPZNH/submissions/1152921505701756398/listings/1152922700027045270/listingassets/1152921504614296977,https://developer.microsoft.com/en-us/dashboard/apps/9WZDNCRDPZNH/submissions/1152921505701756398/listings/1152922700027045239/listingassets/1152921504614296977,https://developer.microsoft.com/en-us/dashboard/apps/9WZDNCRDPZNH/submissions/1152921505701756398/listings/1152922700027045348/listingassets/1152921504614296977,https://developer.microsoft.com/en-us/dashboard/apps/9WZDNCRDPZNH/submissions/1152921505701756398/listings/1152922700027045373/listingassets/1152921504614296977,https://developer.microsoft.com/en-us/dashboard/apps/9WZDNCRDPZNH/submissions/1152921505701756398/listings/1152922700027045335/listingassets/1152921504614296977,https://developer.microsoft.com/en-us/dashboard/apps/9WZDNCRDPZNH/submissions/1152921505701756398/listings/1152922700027045404/listingassets/1152921504614296977,https://developer.microsoft.com/en-us/dashboard/apps/9WZDNCRDPZNH/submissions/1152921505701756398/listings/1152922700027045459/listingassets/1152921504614296977,https://developer.microsoft.com/en-us/dashboard/apps/9WZDNCRDPZNH/submissions/1152921505701756398/listings/1152922700027045451/listingassets/1152921504614296977,https://developer.microsoft.com/en-us/dashboard/apps/9WZDNCRDPZNH/submissions/1152921505701756398/listings/1152922700027045496/listingassets/1152921504614296977,https://developer.microsoft.com/en-us/dashboard/apps/9WZDNCRDPZNH/submissions/1152921505701756398/listings/1152922700027045528/listingassets/1152921504614296977,https://developer.microsoft.com/en-us/dashboard/apps/9WZDNCRDPZNH/submissions/1152921505701756398/listings/1152922700027045550/listingassets/1152921504614296977,https://developer.microsoft.com/en-us/dashboard/apps/9WZDNCRDPZNH/submissions/1152921505701756398/listings/1152922700027045292/listingassets/1152921504614296977,https://developer.microsoft.com/en-us/dashboard/apps/9WZDNCRDPZNH/submissions/1152921505701756398/listings/1152922700027045572/listingassets/1152921504614296977,https://developer.microsoft.com/en-us/dashboard/apps/9WZDNCRDPZNH/submissions/1152921505701756398/listings/1152922700027045580/listingassets/1152921504614296977,https://developer.microsoft.com/en-us/dashboard/apps/9WZDNCRDPZNH/submissions/1152921505701756398/listings/1152922700027045603/listingassets/1152921504614296977,https://developer.microsoft.com/en-us/dashboard/apps/9WZDNCRDPZNH/submissions/1152921505701756398/listings/1152922700027045655/listingassets/1152921504614296977,https://developer.microsoft.com/en-us/dashboard/apps/9WZDNCRDPZNH/submissions/1152921505701756398/listings/1152922700027045705/listingassets/1152921504614296977,https://developer.microsoft.com/en-us/dashboard/apps/9WZDNCRDPZNH/submissions/1152921505701756398/listings/1152922700027044453/listingassets/1152921504614296977,https://developer.microsoft.com/en-us/dashboard/apps/9WZDNCRDPZNH/submissions/1152921505701756398/listings/1152922700027045732/listingassets/1152921504614296977,https://developer.microsoft.com/en-us/dashboard/apps/9WZDNCRDPZNH/submissions/1152921505701756398/listings/1152922700027045686/listingassets/1152921504614296977,https://developer.microsoft.com/en-us/dashboard/apps/9WZDNCRDPZNH/submissions/1152921505701756398/listings/1152922700027045795/listingassets/1152921504614296977,https://developer.microsoft.com/en-us/dashboard/apps/9WZDNCRDPZNH/submissions/1152921505701756398/listings/1152922700027045749/listingassets/1152921504614296977,https://developer.microsoft.com/en-us/dashboard/apps/9WZDNCRDPZNH/submissions/1152921505701756398/listings/1152922700027045876/listingassets/1152921504614296977,https://developer.microsoft.com/en-us/dashboard/apps/9WZDNCRDPZNH/submissions/1152921505701756398/listings/1152922700027045890/listingassets/1152921504614296977,https://developer.microsoft.com/en-us/dashboard/apps/9WZDNCRDPZNH/submissions/1152921505701756398/listings/1152922700027045821/listingassets/1152921504614296977,https://developer.microsoft.com/en-us/dashboard/apps/9WZDNCRDPZNH/submissions/1152921505701756398/listings/1152922700027045846/listingassets/1152921504614296977,https://developer.microsoft.com/en-us/dashboard/apps/9WZDNCRDPZNH/submissions/1152921505701756398/listings/1152922700027045912/listingassets/1152921504614296977,https://developer.microsoft.com/en-us/dashboard/apps/9WZDNCRDPZNH/submissions/1152921505701756398/listings/1152922700027045999/listingassets/1152921504614296977,https://developer.microsoft.com/en-us/dashboard/apps/9WZDNCRDPZNH/submissions/1152921505701756398/listings/1152922700027045991/listingassets/1152921504614296977,https://developer.microsoft.com/en-us/dashboard/apps/9WZDNCRDPZNH/submissions/1152921505701756398/listings/1152922700027045958/listingassets/1152921504614296977,https://developer.microsoft.com/en-us/dashboard/apps/9WZDNCRDPZNH/submissions/1152921505701756398/listings/1152922700027046020/listingassets/1152921504614296977,https://developer.microsoft.com/en-us/dashboard/apps/9WZDNCRDPZNH/submissions/1152921505701756398/listings/1152922700027046067/listingassets/1152921504614296977
MobileScreenshot2,201,Relative path (or URL to file in Partner Center),,https://developer.microsoft.com/en-us/dashboard/apps/9WZDNCRDPZNH/submissions/1152921505701756398/listings/1152921504649329823/listingassets/1152921504614297006,https://developer.microsoft.com/en-us/dashboard/apps/9WZDNCRDPZNH/submissions/1152921505701756398/listings/1152922700027044575/listingassets/1152921504614297006,https://developer.microsoft.com/en-us/dashboard/apps/9WZDNCRDPZNH/submissions/1152921505701756398/listings/1152922700027044656/listingassets/1152921504614296977,https://developer.microsoft.com/en-us/dashboard/apps/9WZDNCRDPZNH/submissions/1152921505701756398/listings/1152922700027044707/listingassets/1152921504614297006,https://developer.microsoft.com/en-us/dashboard/apps/9WZDNCRDPZNH/submissions/1152921505701756398/listings/1152922700027044701/listingassets/1152921504614297006,https://developer.microsoft.com/en-us/dashboard/apps/9WZDNCRDPZNH/submissions/1152921505701756398/listings/1152922700027044736/listingassets/1152921504614297006,https://developer.microsoft.com/en-us/dashboard/apps/9WZDNCRDPZNH/submissions/1152921505701756398/listings/1152922700027044748/listingassets/1152921504614297006,https://developer.microsoft.com/en-us/dashboard/apps/9WZDNCRDPZNH/submissions/1152921505701756398/listings/1152922700027044796/listingassets/1152921504614297006,https://developer.microsoft.com/en-us/dashboard/apps/9WZDNCRDPZNH/submissions/1152921505701756398/listings/1152922700027044530/listingassets/1152921504614297006,https://developer.microsoft.com/en-us/dashboard/apps/9WZDNCRDPZNH/submissions/1152921505701756398/listings/1152922700027044784/listingassets/1152921504614297006,https://developer.microsoft.com/en-us/dashboard/apps/9WZDNCRDPZNH/submissions/1152921505701756398/listings/1152922700027044815/listingassets/1152921504614296977,https://developer.microsoft.com/en-us/dashboard/apps/9WZDNCRDPZNH/submissions/1152921505701756398/listings/1152922700027044620/listingassets/1152921504614297006,https://developer.microsoft.com/en-us/dashboard/apps/9WZDNCRDPZNH/submissions/1152921505701756398/listings/1152922700027044643/listingassets/1152921504614296977,https://developer.microsoft.com/en-us/dashboard/apps/9WZDNCRDPZNH/submissions/1152921505701756398/listings/1152922700027044857/listingassets/1152921504614297006,https://developer.microsoft.com/en-us/dashboard/apps/9WZDNCRDPZNH/submissions/1152921505701756398/listings/1152922700027044893/listingassets/1152921504614297006,https://developer.microsoft.com/en-us/dashboard/apps/9WZDNCRDPZNH/submissions/1152921505701756398/listings/1152922700027044553/listingassets/1152921504614297060,https://developer.microsoft.com/en-us/dashboard/apps/9WZDNCRDPZNH/submissions/1152921505701756398/listings/1152922700027044950/listingassets/1152921504614297060,https://developer.microsoft.com/en-us/dashboard/apps/9WZDNCRDPZNH/submissions/1152921505701756398/listings/1152922700027044974/listingassets/1152921504614297060,https://developer.microsoft.com/en-us/dashboard/apps/9WZDNCRDPZNH/submissions/1152921505701756398/listings/1152922700027044993/listingassets/1152921504614296977,https://developer.microsoft.com/en-us/dashboard/apps/9WZDNCRDPZNH/submissions/1152921505701756398/listings/1152922700027045018/listingassets/1152921504614297006,https://developer.microsoft.com/en-us/dashboard/apps/9WZDNCRDPZNH/submissions/1152921505701756398/listings/1152922700027044875/listingassets/1152921504614297060,https://developer.microsoft.com/en-us/dashboard/apps/9WZDNCRDPZNH/submissions/1152921505701756398/listings/1152922700027045042/listingassets/1152921504614297006,https://developer.microsoft.com/en-us/dashboard/apps/9WZDNCRDPZNH/submissions/1152921505701756398/listings/1152922700027045064/listingassets/1152921504614297006,https://developer.microsoft.com/en-us/dashboard/apps/9WZDNCRDPZNH/submissions/1152921505701756398/listings/1152922700027045077/listingassets/1152921504614297006,https://developer.microsoft.com/en-us/dashboard/apps/9WZDNCRDPZNH/submissions/1152921505701756398/listings/1152922700027045112/listingassets/1152921504614297060,https://developer.microsoft.com/en-us/dashboard/apps/9WZDNCRDPZNH/submissions/1152921505701756398/listings/1152922700027045132/listingassets/1152921504614297006,https://developer.microsoft.com/en-us/dashboard/apps/9WZDNCRDPZNH/submissions/1152921505701756398/listings/1152922700027045183/listingassets/1152921504614297006,https://developer.microsoft.com/en-us/dashboard/apps/9WZDNCRDPZNH/submissions/1152921505701756398/listings/1152922700027045192/listingassets/1152921504614297006,https://developer.microsoft.com/en-us/dashboard/apps/9WZDNCRDPZNH/submissions/1152921505701756398/listings/1152922700027045155/listingassets/1152921504614297006,https://developer.microsoft.com/en-us/dashboard/apps/9WZDNCRDPZNH/submissions/1152921505701756398/listings/1152922700027045209/listingassets/1152921504614297006,https://developer.microsoft.com/en-us/dashboard/apps/9WZDNCRDPZNH/submissions/1152921505701756398/listings/1152922700027044932/listingassets/1152921504614297006,https://developer.microsoft.com/en-us/dashboard/apps/9WZDNCRDPZNH/submissions/1152921505701756398/listings/1152922700027045270/listingassets/1152921504614297006,https://developer.microsoft.com/en-us/dashboard/apps/9WZDNCRDPZNH/submissions/1152921505701756398/listings/1152922700027045239/listingassets/1152921504614297006,https://developer.microsoft.com/en-us/dashboard/apps/9WZDNCRDPZNH/submissions/1152921505701756398/listings/1152922700027045348/listingassets/1152921504614297006,https://developer.microsoft.com/en-us/dashboard/apps/9WZDNCRDPZNH/submissions/1152921505701756398/listings/1152922700027045373/listingassets/1152921504614297006,https://developer.microsoft.com/en-us/dashboard/apps/9WZDNCRDPZNH/submissions/1152921505701756398/listings/1152922700027045335/listingassets/1152921504614297006,https://developer.microsoft.com/en-us/dashboard/apps/9WZDNCRDPZNH/submissions/1152921505701756398/listings/1152922700027045404/listingassets/1152921504614297006,https://developer.microsoft.com/en-us/dashboard/apps/9WZDNCRDPZNH/submissions/1152921505701756398/listings/1152922700027045459/listingassets/1152921504614297006,https://developer.microsoft.com/en-us/dashboard/apps/9WZDNCRDPZNH/submissions/1152921505701756398/listings/1152922700027045451/listingassets/1152921504614297006,https://developer.microsoft.com/en-us/dashboard/apps/9WZDNCRDPZNH/submissions/1152921505701756398/listings/1152922700027045496/listingassets/1152921504614297006,https://developer.microsoft.com/en-us/dashboard/apps/9WZDNCRDPZNH/submissions/1152921505701756398/listings/1152922700027045528/listingassets/1152921504614297006,https://developer.microsoft.com/en-us/dashboard/apps/9WZDNCRDPZNH/submissions/1152921505701756398/listings/1152922700027045550/listingassets/1152921504614297006,https://developer.microsoft.com/en-us/dashboard/apps/9WZDNCRDPZNH/submissions/1152921505701756398/listings/1152922700027045292/listingassets/1152921504614297006,https://developer.microsoft.com/en-us/dashboard/apps/9WZDNCRDPZNH/submissions/1152921505701756398/listings/1152922700027045572/listingassets/1152921504614297006,https://developer.microsoft.com/en-us/dashboard/apps/9WZDNCRDPZNH/submissions/1152921505701756398/listings/1152922700027045580/listingassets/1152921504614297006,https://developer.microsoft.com/en-us/dashboard/apps/9WZDNCRDPZNH/submissions/1152921505701756398/listings/1152922700027045603/listingassets/1152921504614297006,https://developer.microsoft.com/en-us/dashboard/apps/9WZDNCRDPZNH/submissions/1152921505701756398/listings/1152922700027045655/listingassets/1152921504614297006,https://developer.microsoft.com/en-us/dashboard/apps/9WZDNCRDPZNH/submissions/1152921505701756398/listings/1152922700027045705/listingassets/1152921504614297006,https://developer.microsoft.com/en-us/dashboard/apps/9WZDNCRDPZNH/submissions/1152921505701756398/listings/1152922700027044453/listingassets/1152921504614297006,https://developer.microsoft.com/en-us/dashboard/apps/9WZDNCRDPZNH/submissions/1152921505701756398/listings/1152922700027045732/listingassets/1152921504614297006,https://developer.microsoft.com/en-us/dashboard/apps/9WZDNCRDPZNH/submissions/1152921505701756398/listings/1152922700027045686/listingassets/1152921504614297006,https://developer.microsoft.com/en-us/dashboard/apps/9WZDNCRDPZNH/submissions/1152921505701756398/listings/1152922700027045795/listingassets/1152921504614297006,https://developer.microsoft.com/en-us/dashboard/apps/9WZDNCRDPZNH/submissions/1152921505701756398/listings/1152922700027045749/listingassets/1152921504614297006,https://developer.microsoft.com/en-us/dashboard/apps/9WZDNCRDPZNH/submissions/1152921505701756398/listings/1152922700027045876/listingassets/1152921504614297006,https://developer.microsoft.com/en-us/dashboard/apps/9WZDNCRDPZNH/submissions/1152921505701756398/listings/1152922700027045890/listingassets/1152921504614297006,https://developer.microsoft.com/en-us/dashboard/apps/9WZDNCRDPZNH/submissions/1152921505701756398/listings/1152922700027045821/listingassets/1152921504614297006,https://developer.microsoft.com/en-us/dashboard/apps/9WZDNCRDPZNH/submissions/1152921505701756398/listings/1152922700027045846/listingassets/1152921504614297006,https://developer.microsoft.com/en-us/dashboard/apps/9WZDNCRDPZNH/submissions/1152921505701756398/listings/1152922700027045912/listingassets/1152921504614297006,https://developer.microsoft.com/en-us/dashboard/apps/9WZDNCRDPZNH/submissions/1152921505701756398/listings/1152922700027045999/listingassets/1152921504614297006,https://developer.microsoft.com/en-us/dashboard/apps/9WZDNCRDPZNH/submissions/1152921505701756398/listings/1152922700027045991/listingassets/1152921504614297006,https://developer.microsoft.com/en-us/dashboard/apps/9WZDNCRDPZNH/submissions/1152921505701756398/listings/1152922700027045958/listingassets/1152921504614297006,https://developer.microsoft.com/en-us/dashboard/apps/9WZDNCRDPZNH/submissions/1152921505701756398/listings/1152922700027046020/listingassets/1152921504614297006,https://developer.microsoft.com/en-us/dashboard/apps/9WZDNCRDPZNH/submissions/1152921505701756398/listings/1152922700027046067/listingassets/1152921504614297006
MobileScreenshot3,202,Relative path (or URL to file in Partner Center),,https://developer.microsoft.com/en-us/dashboard/apps/9WZDNCRDPZNH/submissions/1152921505701756398/listings/1152921504649329823/listingassets/1152921504614297013,https://developer.microsoft.com/en-us/dashboard/apps/9WZDNCRDPZNH/submissions/1152921505701756398/listings/1152922700027044575/listingassets/1152921504614297013,https://developer.microsoft.com/en-us/dashboard/apps/9WZDNCRDPZNH/submissions/1152921505701756398/listings/1152922700027044656/listingassets/1152921504614297006,https://developer.microsoft.com/en-us/dashboard/apps/9WZDNCRDPZNH/submissions/1152921505701756398/listings/1152922700027044707/listingassets/1152921504614297013,https://developer.microsoft.com/en-us/dashboard/apps/9WZDNCRDPZNH/submissions/1152921505701756398/listings/1152922700027044701/listingassets/1152921504614297013,https://developer.microsoft.com/en-us/dashboard/apps/9WZDNCRDPZNH/submissions/1152921505701756398/listings/1152922700027044736/listingassets/1152921504614297060,https://developer.microsoft.com/en-us/dashboard/apps/9WZDNCRDPZNH/submissions/1152921505701756398/listings/1152922700027044748/listingassets/1152921504614297013,https://developer.microsoft.com/en-us/dashboard/apps/9WZDNCRDPZNH/submissions/1152921505701756398/listings/1152922700027044796/listingassets/1152921504614297013,https://developer.microsoft.com/en-us/dashboard/apps/9WZDNCRDPZNH/submissions/1152921505701756398/listings/1152922700027044530/listingassets/1152921504614297013,https://developer.microsoft.com/en-us/dashboard/apps/9WZDNCRDPZNH/submissions/1152921505701756398/listings/1152922700027044784/listingassets/1152921504614297013,https://developer.microsoft.com/en-us/dashboard/apps/9WZDNCRDPZNH/submissions/1152921505701756398/listings/1152922700027044815/listingassets/1152921504614297006,https://developer.microsoft.com/en-us/dashboard/apps/9WZDNCRDPZNH/submissions/1152921505701756398/listings/1152922700027044620/listingassets/1152921504614297013,https://developer.microsoft.com/en-us/dashboard/apps/9WZDNCRDPZNH/submissions/1152921505701756398/listings/1152922700027044643/listingassets/1152921504614297006,https://developer.microsoft.com/en-us/dashboard/apps/9WZDNCRDPZNH/submissions/1152921505701756398/listings/1152922700027044857/listingassets/1152921504614297013,https://developer.microsoft.com/en-us/dashboard/apps/9WZDNCRDPZNH/submissions/1152921505701756398/listings/1152922700027044893/listingassets/1152921504614297013,https://developer.microsoft.com/en-us/dashboard/apps/9WZDNCRDPZNH/submissions/1152921505701756398/listings/1152922700027044553/listingassets/1152921504614297058,https://developer.microsoft.com/en-us/dashboard/apps/9WZDNCRDPZNH/submissions/1152921505701756398/listings/1152922700027044950/listingassets/1152921504614297058,https://developer.microsoft.com/en-us/dashboard/apps/9WZDNCRDPZNH/submissions/1152921505701756398/listings/1152922700027044974/listingassets/1152921504614297006,https://developer.microsoft.com/en-us/dashboard/apps/9WZDNCRDPZNH/submissions/1152921505701756398/listings/1152922700027044993/listingassets/1152921504614297006,https://developer.microsoft.com/en-us/dashboard/apps/9WZDNCRDPZNH/submissions/1152921505701756398/listings/1152922700027045018/listingassets/1152921504614297013,https://developer.microsoft.com/en-us/dashboard/apps/9WZDNCRDPZNH/submissions/1152921505701756398/listings/1152922700027044875/listingassets/1152921504614297006,https://developer.microsoft.com/en-us/dashboard/apps/9WZDNCRDPZNH/submissions/1152921505701756398/listings/1152922700027045042/listingassets/1152921504614297013,https://developer.microsoft.com/en-us/dashboard/apps/9WZDNCRDPZNH/submissions/1152921505701756398/listings/1152922700027045064/listingassets/1152921504614297013,https://developer.microsoft.com/en-us/dashboard/apps/9WZDNCRDPZNH/submissions/1152921505701756398/listings/1152922700027045077/listingassets/1152921504614297013,https://developer.microsoft.com/en-us/dashboard/apps/9WZDNCRDPZNH/submissions/1152921505701756398/listings/1152922700027045112/listingassets/1152921504614297058,https://developer.microsoft.com/en-us/dashboard/apps/9WZDNCRDPZNH/submissions/1152921505701756398/listings/1152922700027045132/listingassets/1152921504614297013,https://developer.microsoft.com/en-us/dashboard/apps/9WZDNCRDPZNH/submissions/1152921505701756398/listings/1152922700027045183/listingassets/1152921504614297013,https://developer.microsoft.com/en-us/dashboard/apps/9WZDNCRDPZNH/submissions/1152921505701756398/listings/1152922700027045192/listingassets/1152921504614297013,https://developer.microsoft.com/en-us/dashboard/apps/9WZDNCRDPZNH/submissions/1152921505701756398/listings/1152922700027045155/listingassets/1152921504614297013,https://developer.microsoft.com/en-us/dashboard/apps/9WZDNCRDPZNH/submissions/1152921505701756398/listings/1152922700027045209/listingassets/1152921504614297013,https://developer.microsoft.com/en-us/dashboard/apps/9WZDNCRDPZNH/submissions/1152921505701756398/listings/1152922700027044932/listingassets/1152921504614297013,https://developer.microsoft.com/en-us/dashboard/apps/9WZDNCRDPZNH/submissions/1152921505701756398/listings/1152922700027045270/listingassets/1152921504614297013,https://developer.microsoft.com/en-us/dashboard/apps/9WZDNCRDPZNH/submissions/1152921505701756398/listings/1152922700027045239/listingassets/1152921504614297013,https://developer.microsoft.com/en-us/dashboard/apps/9WZDNCRDPZNH/submissions/1152921505701756398/listings/1152922700027045348/listingassets/1152921504614297013,https://developer.microsoft.com/en-us/dashboard/apps/9WZDNCRDPZNH/submissions/1152921505701756398/listings/1152922700027045373/listingassets/1152921504614297013,https://developer.microsoft.com/en-us/dashboard/apps/9WZDNCRDPZNH/submissions/1152921505701756398/listings/1152922700027045335/listingassets/1152921504614297013,https://developer.microsoft.com/en-us/dashboard/apps/9WZDNCRDPZNH/submissions/1152921505701756398/listings/1152922700027045404/listingassets/1152921504614297013,https://developer.microsoft.com/en-us/dashboard/apps/9WZDNCRDPZNH/submissions/1152921505701756398/listings/1152922700027045459/listingassets/1152921504614297013,https://developer.microsoft.com/en-us/dashboard/apps/9WZDNCRDPZNH/submissions/1152921505701756398/listings/1152922700027045451/listingassets/1152921504614297013,https://developer.microsoft.com/en-us/dashboard/apps/9WZDNCRDPZNH/submissions/1152921505701756398/listings/1152922700027045496/listingassets/1152921504614297013,https://developer.microsoft.com/en-us/dashboard/apps/9WZDNCRDPZNH/submissions/1152921505701756398/listings/1152922700027045528/listingassets/1152921504614297013,https://developer.microsoft.com/en-us/dashboard/apps/9WZDNCRDPZNH/submissions/1152921505701756398/listings/1152922700027045550/listingassets/1152921504614297013,https://developer.microsoft.com/en-us/dashboard/apps/9WZDNCRDPZNH/submissions/1152921505701756398/listings/1152922700027045292/listingassets/1152921504614297013,https://developer.microsoft.com/en-us/dashboard/apps/9WZDNCRDPZNH/submissions/1152921505701756398/listings/1152922700027045572/listingassets/1152921504614297013,https://developer.microsoft.com/en-us/dashboard/apps/9WZDNCRDPZNH/submissions/1152921505701756398/listings/1152922700027045580/listingassets/1152921504614297013,https://developer.microsoft.com/en-us/dashboard/apps/9WZDNCRDPZNH/submissions/1152921505701756398/listings/1152922700027045603/listingassets/1152921504614297013,https://developer.microsoft.com/en-us/dashboard/apps/9WZDNCRDPZNH/submissions/1152921505701756398/listings/1152922700027045655/listingassets/1152921504614297013,https://developer.microsoft.com/en-us/dashboard/apps/9WZDNCRDPZNH/submissions/1152921505701756398/listings/1152922700027045705/listingassets/1152921504614297013,https://developer.microsoft.com/en-us/dashboard/apps/9WZDNCRDPZNH/submissions/1152921505701756398/listings/1152922700027044453/listingassets/1152921504614297013,https://developer.microsoft.com/en-us/dashboard/apps/9WZDNCRDPZNH/submissions/1152921505701756398/listings/1152922700027045732/listingassets/1152921504614297013,https://developer.microsoft.com/en-us/dashboard/apps/9WZDNCRDPZNH/submissions/1152921505701756398/listings/1152922700027045686/listingassets/1152921504614297013,https://developer.microsoft.com/en-us/dashboard/apps/9WZDNCRDPZNH/submissions/1152921505701756398/listings/1152922700027045795/listingassets/1152921504614297013,https://developer.microsoft.com/en-us/dashboard/apps/9WZDNCRDPZNH/submissions/1152921505701756398/listings/1152922700027045749/listingassets/1152921504614297013,https://developer.microsoft.com/en-us/dashboard/apps/9WZDNCRDPZNH/submissions/1152921505701756398/listings/1152922700027045876/listingassets/1152921504614297013,https://developer.microsoft.com/en-us/dashboard/apps/9WZDNCRDPZNH/submissions/1152921505701756398/listings/1152922700027045890/listingassets/1152921504614297013,https://developer.microsoft.com/en-us/dashboard/apps/9WZDNCRDPZNH/submissions/1152921505701756398/listings/1152922700027045821/listingassets/1152921504614297013,https://developer.microsoft.com/en-us/dashboard/apps/9WZDNCRDPZNH/submissions/1152921505701756398/listings/1152922700027045846/listingassets/1152921504614297013,https://developer.microsoft.com/en-us/dashboard/apps/9WZDNCRDPZNH/submissions/1152921505701756398/listings/1152922700027045912/listingassets/1152921504614297013,https://developer.microsoft.com/en-us/dashboard/apps/9WZDNCRDPZNH/submissions/1152921505701756398/listings/1152922700027045999/listingassets/1152921504614297013,https://developer.microsoft.com/en-us/dashboard/apps/9WZDNCRDPZNH/submissions/1152921505701756398/listings/1152922700027045991/listingassets/1152921504614297013,https://developer.microsoft.com/en-us/dashboard/apps/9WZDNCRDPZNH/submissions/1152921505701756398/listings/1152922700027045958/listingassets/1152921504614297013,https://developer.microsoft.com/en-us/dashboard/apps/9WZDNCRDPZNH/submissions/1152921505701756398/listings/1152922700027046020/listingassets/1152921504614297013,https://developer.microsoft.com/en-us/dashboard/apps/9WZDNCRDPZNH/submissions/1152921505701756398/listings/1152922700027046067/listingassets/1152921504614297013
MobileScreenshot4,203,Relative path (or URL to file in Partner Center),,https://developer.microsoft.com/en-us/dashboard/apps/9WZDNCRDPZNH/submissions/1152921505701756398/listings/1152921504649329823/listingassets/1152921504614297037,https://developer.microsoft.com/en-us/dashboard/apps/9WZDNCRDPZNH/submissions/1152921505701756398/listings/1152922700027044575/listingassets/1152921504614297037,https://developer.microsoft.com/en-us/dashboard/apps/9WZDNCRDPZNH/submissions/1152921505701756398/listings/1152922700027044656/listingassets/1152921504614297058,https://developer.microsoft.com/en-us/dashboard/apps/9WZDNCRDPZNH/submissions/1152921505701756398/listings/1152922700027044707/listingassets/1152921504614297037,https://developer.microsoft.com/en-us/dashboard/apps/9WZDNCRDPZNH/submissions/1152921505701756398/listings/1152922700027044701/listingassets/1152921504614297060,https://developer.microsoft.com/en-us/dashboard/apps/9WZDNCRDPZNH/submissions/1152921505701756398/listings/1152922700027044736/listingassets/1152921504614297058,https://developer.microsoft.com/en-us/dashboard/apps/9WZDNCRDPZNH/submissions/1152921505701756398/listings/1152922700027044748/listingassets/1152921504614297037,https://developer.microsoft.com/en-us/dashboard/apps/9WZDNCRDPZNH/submissions/1152921505701756398/listings/1152922700027044796/listingassets/1152921504614297060,https://developer.microsoft.com/en-us/dashboard/apps/9WZDNCRDPZNH/submissions/1152921505701756398/listings/1152922700027044530/listingassets/1152921504614297037,https://developer.microsoft.com/en-us/dashboard/apps/9WZDNCRDPZNH/submissions/1152921505701756398/listings/1152922700027044784/listingassets/1152921504614297037,https://developer.microsoft.com/en-us/dashboard/apps/9WZDNCRDPZNH/submissions/1152921505701756398/listings/1152922700027044815/listingassets/1152921504614297013,https://developer.microsoft.com/en-us/dashboard/apps/9WZDNCRDPZNH/submissions/1152921505701756398/listings/1152922700027044620/listingassets/1152921504614297037,https://developer.microsoft.com/en-us/dashboard/apps/9WZDNCRDPZNH/submissions/1152921505701756398/listings/1152922700027044643/listingassets/1152921504614297013,https://developer.microsoft.com/en-us/dashboard/apps/9WZDNCRDPZNH/submissions/1152921505701756398/listings/1152922700027044857/listingassets/1152921504614297037,https://developer.microsoft.com/en-us/dashboard/apps/9WZDNCRDPZNH/submissions/1152921505701756398/listings/1152922700027044893/listingassets/1152921504614297060,https://developer.microsoft.com/en-us/dashboard/apps/9WZDNCRDPZNH/submissions/1152921505701756398/listings/1152922700027044553/listingassets/1152921504614297006,https://developer.microsoft.com/en-us/dashboard/apps/9WZDNCRDPZNH/submissions/1152921505701756398/listings/1152922700027044950/listingassets/1152921504614297006,https://developer.microsoft.com/en-us/dashboard/apps/9WZDNCRDPZNH/submissions/1152921505701756398/listings/1152922700027044974/listingassets/1152921504614297013,https://developer.microsoft.com/en-us/dashboard/apps/9WZDNCRDPZNH/submissions/1152921505701756398/listings/1152922700027044993/listingassets/1152921504614297060,https://developer.microsoft.com/en-us/dashboard/apps/9WZDNCRDPZNH/submissions/1152921505701756398/listings/1152922700027045018/listingassets/1152921504614297037,https://developer.microsoft.com/en-us/dashboard/apps/9WZDNCRDPZNH/submissions/1152921505701756398/listings/1152922700027044875/listingassets/1152921504614297013,https://developer.microsoft.com/en-us/dashboard/apps/9WZDNCRDPZNH/submissions/1152921505701756398/listings/1152922700027045042/listingassets/1152921504614297037,https://developer.microsoft.com/en-us/dashboard/apps/9WZDNCRDPZNH/submissions/1152921505701756398/listings/1152922700027045064/listingassets/1152921504614297060,https://developer.microsoft.com/en-us/dashboard/apps/9WZDNCRDPZNH/submissions/1152921505701756398/listings/1152922700027045077/listingassets/1152921504614297037,https://developer.microsoft.com/en-us/dashboard/apps/9WZDNCRDPZNH/submissions/1152921505701756398/listings/1152922700027045112/listingassets/1152921504614297043,https://developer.microsoft.com/en-us/dashboard/apps/9WZDNCRDPZNH/submissions/1152921505701756398/listings/1152922700027045132/listingassets/1152921504614297037,https://developer.microsoft.com/en-us/dashboard/apps/9WZDNCRDPZNH/submissions/1152921505701756398/listings/1152922700027045183/listingassets/1152921504614297037,https://developer.microsoft.com/en-us/dashboard/apps/9WZDNCRDPZNH/submissions/1152921505701756398/listings/1152922700027045192/listingassets/1152921504614297037,https://developer.microsoft.com/en-us/dashboard/apps/9WZDNCRDPZNH/submissions/1152921505701756398/listings/1152922700027045155/listingassets/1152921504614297037,https://developer.microsoft.com/en-us/dashboard/apps/9WZDNCRDPZNH/submissions/1152921505701756398/listings/1152922700027045209/listingassets/1152921504614297037,https://developer.microsoft.com/en-us/dashboard/apps/9WZDNCRDPZNH/submissions/1152921505701756398/listings/1152922700027044932/listingassets/1152921504614297037,https://developer.microsoft.com/en-us/dashboard/apps/9WZDNCRDPZNH/submissions/1152921505701756398/listings/1152922700027045270/listingassets/1152921504614297037,https://developer.microsoft.com/en-us/dashboard/apps/9WZDNCRDPZNH/submissions/1152921505701756398/listings/1152922700027045239/listingassets/1152921504614297037,https://developer.microsoft.com/en-us/dashboard/apps/9WZDNCRDPZNH/submissions/1152921505701756398/listings/1152922700027045348/listingassets/1152921504614297037,https://developer.microsoft.com/en-us/dashboard/apps/9WZDNCRDPZNH/submissions/1152921505701756398/listings/1152922700027045373/listingassets/1152921504614297037,https://developer.microsoft.com/en-us/dashboard/apps/9WZDNCRDPZNH/submissions/1152921505701756398/listings/1152922700027045335/listingassets/1152921504614297037,https://developer.microsoft.com/en-us/dashboard/apps/9WZDNCRDPZNH/submissions/1152921505701756398/listings/1152922700027045404/listingassets/1152921504614297037,https://developer.microsoft.com/en-us/dashboard/apps/9WZDNCRDPZNH/submissions/1152921505701756398/listings/1152922700027045459/listingassets/1152921504614297037,https://developer.microsoft.com/en-us/dashboard/apps/9WZDNCRDPZNH/submissions/1152921505701756398/listings/1152922700027045451/listingassets/1152921504614297037,https://developer.microsoft.com/en-us/dashboard/apps/9WZDNCRDPZNH/submissions/1152921505701756398/listings/1152922700027045496/listingassets/1152921504614297037,https://developer.microsoft.com/en-us/dashboard/apps/9WZDNCRDPZNH/submissions/1152921505701756398/listings/1152922700027045528/listingassets/1152921504614297037,https://developer.microsoft.com/en-us/dashboard/apps/9WZDNCRDPZNH/submissions/1152921505701756398/listings/1152922700027045550/listingassets/1152921504614297037,https://developer.microsoft.com/en-us/dashboard/apps/9WZDNCRDPZNH/submissions/1152921505701756398/listings/1152922700027045292/listingassets/1152921504614297037,https://developer.microsoft.com/en-us/dashboard/apps/9WZDNCRDPZNH/submissions/1152921505701756398/listings/1152922700027045572/listingassets/1152921504614297037,https://developer.microsoft.com/en-us/dashboard/apps/9WZDNCRDPZNH/submissions/1152921505701756398/listings/1152922700027045580/listingassets/1152921504614297037,https://developer.microsoft.com/en-us/dashboard/apps/9WZDNCRDPZNH/submissions/1152921505701756398/listings/1152922700027045603/listingassets/1152921504614297037,https://developer.microsoft.com/en-us/dashboard/apps/9WZDNCRDPZNH/submissions/1152921505701756398/listings/1152922700027045655/listingassets/1152921504614297037,https://developer.microsoft.com/en-us/dashboard/apps/9WZDNCRDPZNH/submissions/1152921505701756398/listings/1152922700027045705/listingassets/1152921504614297037,https://developer.microsoft.com/en-us/dashboard/apps/9WZDNCRDPZNH/submissions/1152921505701756398/listings/1152922700027044453/listingassets/1152921504614297037,https://developer.microsoft.com/en-us/dashboard/apps/9WZDNCRDPZNH/submissions/1152921505701756398/listings/1152922700027045732/listingassets/1152921504614297037,https://developer.microsoft.com/en-us/dashboard/apps/9WZDNCRDPZNH/submissions/1152921505701756398/listings/1152922700027045686/listingassets/1152921504614297037,https://developer.microsoft.com/en-us/dashboard/apps/9WZDNCRDPZNH/submissions/1152921505701756398/listings/1152922700027045795/listingassets/1152921504614297037,https://developer.microsoft.com/en-us/dashboard/apps/9WZDNCRDPZNH/submissions/1152921505701756398/listings/1152922700027045749/listingassets/1152921504614297037,https://developer.microsoft.com/en-us/dashboard/apps/9WZDNCRDPZNH/submissions/1152921505701756398/listings/1152922700027045876/listingassets/1152921504614297037,https://developer.microsoft.com/en-us/dashboard/apps/9WZDNCRDPZNH/submissions/1152921505701756398/listings/1152922700027045890/listingassets/1152921504614297037,https://developer.microsoft.com/en-us/dashboard/apps/9WZDNCRDPZNH/submissions/1152921505701756398/listings/1152922700027045821/listingassets/1152921504614297037,https://developer.microsoft.com/en-us/dashboard/apps/9WZDNCRDPZNH/submissions/1152921505701756398/listings/1152922700027045846/listingassets/1152921504614297037,https://developer.microsoft.com/en-us/dashboard/apps/9WZDNCRDPZNH/submissions/1152921505701756398/listings/1152922700027045912/listingassets/1152921504614297037,https://developer.microsoft.com/en-us/dashboard/apps/9WZDNCRDPZNH/submissions/1152921505701756398/listings/1152922700027045999/listingassets/1152921504614297037,https://developer.microsoft.com/en-us/dashboard/apps/9WZDNCRDPZNH/submissions/1152921505701756398/listings/1152922700027045991/listingassets/1152921504614297037,https://developer.microsoft.com/en-us/dashboard/apps/9WZDNCRDPZNH/submissions/1152921505701756398/listings/1152922700027045958/listingassets/1152921504614297037,https://developer.microsoft.com/en-us/dashboard/apps/9WZDNCRDPZNH/submissions/1152921505701756398/listings/1152922700027046020/listingassets/1152921504614297037,https://developer.microsoft.com/en-us/dashboard/apps/9WZDNCRDPZNH/submissions/1152921505701756398/listings/1152922700027046067/listingassets/1152921504614297037
MobileScreenshot5,204,Relative path (or URL to file in Partner Center),,https://developer.microsoft.com/en-us/dashboard/apps/9WZDNCRDPZNH/submissions/1152921505701756398/listings/1152921504649329823/listingassets/1152921504614297040,https://developer.microsoft.com/en-us/dashboard/apps/9WZDNCRDPZNH/submissions/1152921505701756398/listings/1152922700027044575/listingassets/1152921504614297060,https://developer.microsoft.com/en-us/dashboard/apps/9WZDNCRDPZNH/submissions/1152921505701756398/listings/1152922700027044656/listingassets/1152921504614297013,https://developer.microsoft.com/en-us/dashboard/apps/9WZDNCRDPZNH/submissions/1152921505701756398/listings/1152922700027044707/listingassets/1152921504614297040,https://developer.microsoft.com/en-us/dashboard/apps/9WZDNCRDPZNH/submissions/1152921505701756398/listings/1152922700027044701/listingassets/1152921504614297037,https://developer.microsoft.com/en-us/dashboard/apps/9WZDNCRDPZNH/submissions/1152921505701756398/listings/1152922700027044736/listingassets/1152921504614297013,https://developer.microsoft.com/en-us/dashboard/apps/9WZDNCRDPZNH/submissions/1152921505701756398/listings/1152922700027044748/listingassets/1152921504614297040,https://developer.microsoft.com/en-us/dashboard/apps/9WZDNCRDPZNH/submissions/1152921505701756398/listings/1152922700027044796/listingassets/1152921504614297037,https://developer.microsoft.com/en-us/dashboard/apps/9WZDNCRDPZNH/submissions/1152921505701756398/listings/1152922700027044530/listingassets/1152921504614297040,https://developer.microsoft.com/en-us/dashboard/apps/9WZDNCRDPZNH/submissions/1152921505701756398/listings/1152922700027044784/listingassets/1152921504614297040,https://developer.microsoft.com/en-us/dashboard/apps/9WZDNCRDPZNH/submissions/1152921505701756398/listings/1152922700027044815/listingassets/1152921504614297037,https://developer.microsoft.com/en-us/dashboard/apps/9WZDNCRDPZNH/submissions/1152921505701756398/listings/1152922700027044620/listingassets/1152921504614297040,https://developer.microsoft.com/en-us/dashboard/apps/9WZDNCRDPZNH/submissions/1152921505701756398/listings/1152922700027044643/listingassets/1152921504614297037,https://developer.microsoft.com/en-us/dashboard/apps/9WZDNCRDPZNH/submissions/1152921505701756398/listings/1152922700027044857/listingassets/1152921504614297058,https://developer.microsoft.com/en-us/dashboard/apps/9WZDNCRDPZNH/submissions/1152921505701756398/listings/1152922700027044893/listingassets/1152921504614297058,https://developer.microsoft.com/en-us/dashboard/apps/9WZDNCRDPZNH/submissions/1152921505701756398/listings/1152922700027044553/listingassets/1152921504614297043,https://developer.microsoft.com/en-us/dashboard/apps/9WZDNCRDPZNH/submissions/1152921505701756398/listings/1152922700027044950/listingassets/1152921504614297013,https://developer.microsoft.com/en-us/dashboard/apps/9WZDNCRDPZNH/submissions/1152921505701756398/listings/1152922700027044974/listingassets/1152921504614297037,https://developer.microsoft.com/en-us/dashboard/apps/9WZDNCRDPZNH/submissions/1152921505701756398/listings/1152922700027044993/listingassets/1152921504614297037,https://developer.microsoft.com/en-us/dashboard/apps/9WZDNCRDPZNH/submissions/1152921505701756398/listings/1152922700027045018/listingassets/1152921504614297040,https://developer.microsoft.com/en-us/dashboard/apps/9WZDNCRDPZNH/submissions/1152921505701756398/listings/1152922700027044875/listingassets/1152921504614297037,https://developer.microsoft.com/en-us/dashboard/apps/9WZDNCRDPZNH/submissions/1152921505701756398/listings/1152922700027045042/listingassets/1152921504614297040,https://developer.microsoft.com/en-us/dashboard/apps/9WZDNCRDPZNH/submissions/1152921505701756398/listings/1152922700027045064/listingassets/1152921504614297037,https://developer.microsoft.com/en-us/dashboard/apps/9WZDNCRDPZNH/submissions/1152921505701756398/listings/1152922700027045077/listingassets/1152921504614297040,https://developer.microsoft.com/en-us/dashboard/apps/9WZDNCRDPZNH/submissions/1152921505701756398/listings/1152922700027045112/listingassets/1152921504614297006,https://developer.microsoft.com/en-us/dashboard/apps/9WZDNCRDPZNH/submissions/1152921505701756398/listings/1152922700027045132/listingassets/1152921504614297040,https://developer.microsoft.com/en-us/dashboard/apps/9WZDNCRDPZNH/submissions/1152921505701756398/listings/1152922700027045183/listingassets/1152921504614297040,https://developer.microsoft.com/en-us/dashboard/apps/9WZDNCRDPZNH/submissions/1152921505701756398/listings/1152922700027045192/listingassets/1152921504614297060,https://developer.microsoft.com/en-us/dashboard/apps/9WZDNCRDPZNH/submissions/1152921505701756398/listings/1152922700027045155/listingassets/1152921504614297040,https://developer.microsoft.com/en-us/dashboard/apps/9WZDNCRDPZNH/submissions/1152921505701756398/listings/1152922700027045209/listingassets/1152921504614297040,https://developer.microsoft.com/en-us/dashboard/apps/9WZDNCRDPZNH/submissions/1152921505701756398/listings/1152922700027044932/listingassets/1152921504614297040,https://developer.microsoft.com/en-us/dashboard/apps/9WZDNCRDPZNH/submissions/1152921505701756398/listings/1152922700027045270/listingassets/1152921504614297040,https://developer.microsoft.com/en-us/dashboard/apps/9WZDNCRDPZNH/submissions/1152921505701756398/listings/1152922700027045239/listingassets/1152921504614297040,https://developer.microsoft.com/en-us/dashboard/apps/9WZDNCRDPZNH/submissions/1152921505701756398/listings/1152922700027045348/listingassets/1152921504614297040,https://developer.microsoft.com/en-us/dashboard/apps/9WZDNCRDPZNH/submissions/1152921505701756398/listings/1152922700027045373/listingassets/1152921504614297040,https://developer.microsoft.com/en-us/dashboard/apps/9WZDNCRDPZNH/submissions/1152921505701756398/listings/1152922700027045335/listingassets/1152921504614297040,https://developer.microsoft.com/en-us/dashboard/apps/9WZDNCRDPZNH/submissions/1152921505701756398/listings/1152922700027045404/listingassets/1152921504614297040,https://developer.microsoft.com/en-us/dashboard/apps/9WZDNCRDPZNH/submissions/1152921505701756398/listings/1152922700027045459/listingassets/1152921504614297040,https://developer.microsoft.com/en-us/dashboard/apps/9WZDNCRDPZNH/submissions/1152921505701756398/listings/1152922700027045451/listingassets/1152921504614297040,https://developer.microsoft.com/en-us/dashboard/apps/9WZDNCRDPZNH/submissions/1152921505701756398/listings/1152922700027045496/listingassets/1152921504614297040,https://developer.microsoft.com/en-us/dashboard/apps/9WZDNCRDPZNH/submissions/1152921505701756398/listings/1152922700027045528/listingassets/1152921504614297040,https://developer.microsoft.com/en-us/dashboard/apps/9WZDNCRDPZNH/submissions/1152921505701756398/listings/1152922700027045550/listingassets/1152921504614297040,https://developer.microsoft.com/en-us/dashboard/apps/9WZDNCRDPZNH/submissions/1152921505701756398/listings/1152922700027045292/listingassets/1152921504614297040,https://developer.microsoft.com/en-us/dashboard/apps/9WZDNCRDPZNH/submissions/1152921505701756398/listings/1152922700027045572/listingassets/1152921504614297040,https://developer.microsoft.com/en-us/dashboard/apps/9WZDNCRDPZNH/submissions/1152921505701756398/listings/1152922700027045580/listingassets/1152921504614297040,https://developer.microsoft.com/en-us/dashboard/apps/9WZDNCRDPZNH/submissions/1152921505701756398/listings/1152922700027045603/listingassets/1152921504614297040,https://developer.microsoft.com/en-us/dashboard/apps/9WZDNCRDPZNH/submissions/1152921505701756398/listings/1152922700027045655/listingassets/1152921504614297040,https://developer.microsoft.com/en-us/dashboard/apps/9WZDNCRDPZNH/submissions/1152921505701756398/listings/1152922700027045705/listingassets/1152921504614297040,https://developer.microsoft.com/en-us/dashboard/apps/9WZDNCRDPZNH/submissions/1152921505701756398/listings/1152922700027044453/listingassets/1152921504614297040,https://developer.microsoft.com/en-us/dashboard/apps/9WZDNCRDPZNH/submissions/1152921505701756398/listings/1152922700027045732/listingassets/1152921504614297040,https://developer.microsoft.com/en-us/dashboard/apps/9WZDNCRDPZNH/submissions/1152921505701756398/listings/1152922700027045686/listingassets/1152921504614297040,https://developer.microsoft.com/en-us/dashboard/apps/9WZDNCRDPZNH/submissions/1152921505701756398/listings/1152922700027045795/listingassets/1152921504614297040,https://developer.microsoft.com/en-us/dashboard/apps/9WZDNCRDPZNH/submissions/1152921505701756398/listings/1152922700027045749/listingassets/1152921504614297040,https://developer.microsoft.com/en-us/dashboard/apps/9WZDNCRDPZNH/submissions/1152921505701756398/listings/1152922700027045876/listingassets/1152921504614297040,https://developer.microsoft.com/en-us/dashboard/apps/9WZDNCRDPZNH/submissions/1152921505701756398/listings/1152922700027045890/listingassets/1152921504614297040,https://developer.microsoft.com/en-us/dashboard/apps/9WZDNCRDPZNH/submissions/1152921505701756398/listings/1152922700027045821/listingassets/1152921504614297040,https://developer.microsoft.com/en-us/dashboard/apps/9WZDNCRDPZNH/submissions/1152921505701756398/listings/1152922700027045846/listingassets/1152921504614297040,https://developer.microsoft.com/en-us/dashboard/apps/9WZDNCRDPZNH/submissions/1152921505701756398/listings/1152922700027045912/listingassets/1152921504614297040,https://developer.microsoft.com/en-us/dashboard/apps/9WZDNCRDPZNH/submissions/1152921505701756398/listings/1152922700027045999/listingassets/1152921504614297040,https://developer.microsoft.com/en-us/dashboard/apps/9WZDNCRDPZNH/submissions/1152921505701756398/listings/1152922700027045991/listingassets/1152921504614297040,https://developer.microsoft.com/en-us/dashboard/apps/9WZDNCRDPZNH/submissions/1152921505701756398/listings/1152922700027045958/listingassets/1152921504614297040,https://developer.microsoft.com/en-us/dashboard/apps/9WZDNCRDPZNH/submissions/1152921505701756398/listings/1152922700027046020/listingassets/1152921504614297040,https://developer.microsoft.com/en-us/dashboard/apps/9WZDNCRDPZNH/submissions/1152921505701756398/listings/1152922700027046067/listingassets/1152921504614297040
MobileScreenshot6,205,Relative path (or URL to file in Partner Center),,https://developer.microsoft.com/en-us/dashboard/apps/9WZDNCRDPZNH/submissions/1152921505701756398/listings/1152921504649329823/listingassets/1152921504614297043,https://developer.microsoft.com/en-us/dashboard/apps/9WZDNCRDPZNH/submissions/1152921505701756398/listings/1152922700027044575/listingassets/1152921504614297058,https://developer.microsoft.com/en-us/dashboard/apps/9WZDNCRDPZNH/submissions/1152921505701756398/listings/1152922700027044656/listingassets/1152921504614297037,https://developer.microsoft.com/en-us/dashboard/apps/9WZDNCRDPZNH/submissions/1152921505701756398/listings/1152922700027044707/listingassets/1152921504614297043,https://developer.microsoft.com/en-us/dashboard/apps/9WZDNCRDPZNH/submissions/1152921505701756398/listings/1152922700027044701/listingassets/1152921504614297058,https://developer.microsoft.com/en-us/dashboard/apps/9WZDNCRDPZNH/submissions/1152921505701756398/listings/1152922700027044736/listingassets/1152921504614297037,https://developer.microsoft.com/en-us/dashboard/apps/9WZDNCRDPZNH/submissions/1152921505701756398/listings/1152922700027044748/listingassets/1152921504614297043,https://developer.microsoft.com/en-us/dashboard/apps/9WZDNCRDPZNH/submissions/1152921505701756398/listings/1152922700027044796/listingassets/1152921504614297040,https://developer.microsoft.com/en-us/dashboard/apps/9WZDNCRDPZNH/submissions/1152921505701756398/listings/1152922700027044530/listingassets/1152921504614297043,https://developer.microsoft.com/en-us/dashboard/apps/9WZDNCRDPZNH/submissions/1152921505701756398/listings/1152922700027044784/listingassets/1152921504614297043,https://developer.microsoft.com/en-us/dashboard/apps/9WZDNCRDPZNH/submissions/1152921505701756398/listings/1152922700027044815/listingassets/1152921504614297040,https://developer.microsoft.com/en-us/dashboard/apps/9WZDNCRDPZNH/submissions/1152921505701756398/listings/1152922700027044620/listingassets/1152921504614297043,https://developer.microsoft.com/en-us/dashboard/apps/9WZDNCRDPZNH/submissions/1152921505701756398/listings/1152922700027044643/listingassets/1152921504614297040,https://developer.microsoft.com/en-us/dashboard/apps/9WZDNCRDPZNH/submissions/1152921505701756398/listings/1152922700027044857/listingassets/1152921504614297043,https://developer.microsoft.com/en-us/dashboard/apps/9WZDNCRDPZNH/submissions/1152921505701756398/listings/1152922700027044893/listingassets/1152921504614297043,https://developer.microsoft.com/en-us/dashboard/apps/9WZDNCRDPZNH/submissions/1152921505701756398/listings/1152922700027044553/listingassets/1152921504614297040,https://developer.microsoft.com/en-us/dashboard/apps/9WZDNCRDPZNH/submissions/1152921505701756398/listings/1152922700027044950/listingassets/1152921504614297037,https://developer.microsoft.com/en-us/dashboard/apps/9WZDNCRDPZNH/submissions/1152921505701756398/listings/1152922700027044974/listingassets/1152921504614297058,https://developer.microsoft.com/en-us/dashboard/apps/9WZDNCRDPZNH/submissions/1152921505701756398/listings/1152922700027044993/listingassets/1152921504614297040,https://developer.microsoft.com/en-us/dashboard/apps/9WZDNCRDPZNH/submissions/1152921505701756398/listings/1152922700027045018/listingassets/1152921504614297043,https://developer.microsoft.com/en-us/dashboard/apps/9WZDNCRDPZNH/submissions/1152921505701756398/listings/1152922700027044875/listingassets/1152921504614297040,https://developer.microsoft.com/en-us/dashboard/apps/9WZDNCRDPZNH/submissions/1152921505701756398/listings/1152922700027045042/listingassets/1152921504614297043,https://developer.microsoft.com/en-us/dashboard/apps/9WZDNCRDPZNH/submissions/1152921505701756398/listings/1152922700027045064/listingassets/1152921504614297058,https://developer.microsoft.com/en-us/dashboard/apps/9WZDNCRDPZNH/submissions/1152921505701756398/listings/1152922700027045077/listingassets/1152921504614297043,https://developer.microsoft.com/en-us/dashboard/apps/9WZDNCRDPZNH/submissions/1152921505701756398/listings/1152922700027045112/listingassets/1152921504614297040,https://developer.microsoft.com/en-us/dashboard/apps/9WZDNCRDPZNH/submissions/1152921505701756398/listings/1152922700027045132/listingassets/1152921504614297043,https://developer.microsoft.com/en-us/dashboard/apps/9WZDNCRDPZNH/submissions/1152921505701756398/listings/1152922700027045183/listingassets/1152921504614297043,https://developer.microsoft.com/en-us/dashboard/apps/9WZDNCRDPZNH/submissions/1152921505701756398/listings/1152922700027045192/listingassets/1152921504614297058,https://developer.microsoft.com/en-us/dashboard/apps/9WZDNCRDPZNH/submissions/1152921505701756398/listings/1152922700027045155/listingassets/1152921504614297043,https://developer.microsoft.com/en-us/dashboard/apps/9WZDNCRDPZNH/submissions/1152921505701756398/listings/1152922700027045209/listingassets/1152921504614297043,https://developer.microsoft.com/en-us/dashboard/apps/9WZDNCRDPZNH/submissions/1152921505701756398/listings/1152922700027044932/listingassets/1152921504614297043,https://developer.microsoft.com/en-us/dashboard/apps/9WZDNCRDPZNH/submissions/1152921505701756398/listings/1152922700027045270/listingassets/1152921504614297043,https://developer.microsoft.com/en-us/dashboard/apps/9WZDNCRDPZNH/submissions/1152921505701756398/listings/1152922700027045239/listingassets/1152921504614297043,https://developer.microsoft.com/en-us/dashboard/apps/9WZDNCRDPZNH/submissions/1152921505701756398/listings/1152922700027045348/listingassets/1152921504614297043,https://developer.microsoft.com/en-us/dashboard/apps/9WZDNCRDPZNH/submissions/1152921505701756398/listings/1152922700027045373/listingassets/1152921504614297043,https://developer.microsoft.com/en-us/dashboard/apps/9WZDNCRDPZNH/submissions/1152921505701756398/listings/1152922700027045335/listingassets/1152921504614297043,https://developer.microsoft.com/en-us/dashboard/apps/9WZDNCRDPZNH/submissions/1152921505701756398/listings/1152922700027045404/listingassets/1152921504614297043,https://developer.microsoft.com/en-us/dashboard/apps/9WZDNCRDPZNH/submissions/1152921505701756398/listings/1152922700027045459/listingassets/1152921504614297043,https://developer.microsoft.com/en-us/dashboard/apps/9WZDNCRDPZNH/submissions/1152921505701756398/listings/1152922700027045451/listingassets/1152921504614297043,https://developer.microsoft.com/en-us/dashboard/apps/9WZDNCRDPZNH/submissions/1152921505701756398/listings/1152922700027045496/listingassets/1152921504614297043,https://developer.microsoft.com/en-us/dashboard/apps/9WZDNCRDPZNH/submissions/1152921505701756398/listings/1152922700027045528/listingassets/1152921504614297043,https://developer.microsoft.com/en-us/dashboard/apps/9WZDNCRDPZNH/submissions/1152921505701756398/listings/1152922700027045550/listingassets/1152921504614297043,https://developer.microsoft.com/en-us/dashboard/apps/9WZDNCRDPZNH/submissions/1152921505701756398/listings/1152922700027045292/listingassets/1152921504614297043,https://developer.microsoft.com/en-us/dashboard/apps/9WZDNCRDPZNH/submissions/1152921505701756398/listings/1152922700027045572/listingassets/1152921504614297043,https://developer.microsoft.com/en-us/dashboard/apps/9WZDNCRDPZNH/submissions/1152921505701756398/listings/1152922700027045580/listingassets/1152921504614297043,https://developer.microsoft.com/en-us/dashboard/apps/9WZDNCRDPZNH/submissions/1152921505701756398/listings/1152922700027045603/listingassets/1152921504614297043,https://developer.microsoft.com/en-us/dashboard/apps/9WZDNCRDPZNH/submissions/1152921505701756398/listings/1152922700027045655/listingassets/1152921504614297043,https://developer.microsoft.com/en-us/dashboard/apps/9WZDNCRDPZNH/submissions/1152921505701756398/listings/1152922700027045705/listingassets/1152921504614297043,https://developer.microsoft.com/en-us/dashboard/apps/9WZDNCRDPZNH/submissions/1152921505701756398/listings/1152922700027044453/listingassets/1152921504614297043,https://developer.microsoft.com/en-us/dashboard/apps/9WZDNCRDPZNH/submissions/1152921505701756398/listings/1152922700027045732/listingassets/1152921504614297043,https://developer.microsoft.com/en-us/dashboard/apps/9WZDNCRDPZNH/submissions/1152921505701756398/listings/1152922700027045686/listingassets/1152921504614297043,https://developer.microsoft.com/en-us/dashboard/apps/9WZDNCRDPZNH/submissions/1152921505701756398/listings/1152922700027045795/listingassets/1152921504614297043,https://developer.microsoft.com/en-us/dashboard/apps/9WZDNCRDPZNH/submissions/1152921505701756398/listings/1152922700027045749/listingassets/1152921504614297043,https://developer.microsoft.com/en-us/dashboard/apps/9WZDNCRDPZNH/submissions/1152921505701756398/listings/1152922700027045876/listingassets/1152921504614297043,https://developer.microsoft.com/en-us/dashboard/apps/9WZDNCRDPZNH/submissions/1152921505701756398/listings/1152922700027045890/listingassets/1152921504614297043,https://developer.microsoft.com/en-us/dashboard/apps/9WZDNCRDPZNH/submissions/1152921505701756398/listings/1152922700027045821/listingassets/1152921504614297043,https://developer.microsoft.com/en-us/dashboard/apps/9WZDNCRDPZNH/submissions/1152921505701756398/listings/1152922700027045846/listingassets/1152921504614297043,https://developer.microsoft.com/en-us/dashboard/apps/9WZDNCRDPZNH/submissions/1152921505701756398/listings/1152922700027045912/listingassets/1152921504614297043,https://developer.microsoft.com/en-us/dashboard/apps/9WZDNCRDPZNH/submissions/1152921505701756398/listings/1152922700027045999/listingassets/1152921504614297043,https://developer.microsoft.com/en-us/dashboard/apps/9WZDNCRDPZNH/submissions/1152921505701756398/listings/1152922700027045991/listingassets/1152921504614297043,https://developer.microsoft.com/en-us/dashboard/apps/9WZDNCRDPZNH/submissions/1152921505701756398/listings/1152922700027045958/listingassets/1152921504614297043,https://developer.microsoft.com/en-us/dashboard/apps/9WZDNCRDPZNH/submissions/1152921505701756398/listings/1152922700027046020/listingassets/1152921504614297043,https://developer.microsoft.com/en-us/dashboard/apps/9WZDNCRDPZNH/submissions/1152921505701756398/listings/1152922700027046067/listingassets/1152921504614297043
MobileScreenshot7,206,Relative path (or URL to file in Partner Center),,https://developer.microsoft.com/en-us/dashboard/apps/9WZDNCRDPZNH/submissions/1152921505701756398/listings/1152921504649329823/listingassets/1152921504614297058,https://developer.microsoft.com/en-us/dashboard/apps/9WZDNCRDPZNH/submissions/1152921505701756398/listings/1152922700027044575/listingassets/1152921504614297040,https://developer.microsoft.com/en-us/dashboard/apps/9WZDNCRDPZNH/submissions/1152921505701756398/listings/1152922700027044656/listingassets/1152921504614297040,https://developer.microsoft.com/en-us/dashboard/apps/9WZDNCRDPZNH/submissions/1152921505701756398/listings/1152922700027044707/listingassets/1152921504614297058,https://developer.microsoft.com/en-us/dashboard/apps/9WZDNCRDPZNH/submissions/1152921505701756398/listings/1152922700027044701/listingassets/1152921504614297040,https://developer.microsoft.com/en-us/dashboard/apps/9WZDNCRDPZNH/submissions/1152921505701756398/listings/1152922700027044736/listingassets/1152921504614297040,https://developer.microsoft.com/en-us/dashboard/apps/9WZDNCRDPZNH/submissions/1152921505701756398/listings/1152922700027044748/listingassets/1152921504614297058,https://developer.microsoft.com/en-us/dashboard/apps/9WZDNCRDPZNH/submissions/1152921505701756398/listings/1152922700027044796/listingassets/1152921504614297058,https://developer.microsoft.com/en-us/dashboard/apps/9WZDNCRDPZNH/submissions/1152921505701756398/listings/1152922700027044530/listingassets/1152921504614297058,https://developer.microsoft.com/en-us/dashboard/apps/9WZDNCRDPZNH/submissions/1152921505701756398/listings/1152922700027044784/listingassets/1152921504614297058,https://developer.microsoft.com/en-us/dashboard/apps/9WZDNCRDPZNH/submissions/1152921505701756398/listings/1152922700027044815/listingassets/1152921504614297043,https://developer.microsoft.com/en-us/dashboard/apps/9WZDNCRDPZNH/submissions/1152921505701756398/listings/1152922700027044620/listingassets/1152921504614297058,https://developer.microsoft.com/en-us/dashboard/apps/9WZDNCRDPZNH/submissions/1152921505701756398/listings/1152922700027044643/listingassets/1152921504614297043,https://developer.microsoft.com/en-us/dashboard/apps/9WZDNCRDPZNH/submissions/1152921505701756398/listings/1152922700027044857/listingassets/1152921504614297040,https://developer.microsoft.com/en-us/dashboard/apps/9WZDNCRDPZNH/submissions/1152921505701756398/listings/1152922700027044893/listingassets/1152921504614297040,https://developer.microsoft.com/en-us/dashboard/apps/9WZDNCRDPZNH/submissions/1152921505701756398/listings/1152922700027044553/listingassets/1152921504614297037,https://developer.microsoft.com/en-us/dashboard/apps/9WZDNCRDPZNH/submissions/1152921505701756398/listings/1152922700027044950/listingassets/1152921504614297040,https://developer.microsoft.com/en-us/dashboard/apps/9WZDNCRDPZNH/submissions/1152921505701756398/listings/1152922700027044974/listingassets/1152921504614297040,https://developer.microsoft.com/en-us/dashboard/apps/9WZDNCRDPZNH/submissions/1152921505701756398/listings/1152922700027044993/listingassets/1152921504614297043,https://developer.microsoft.com/en-us/dashboard/apps/9WZDNCRDPZNH/submissions/1152921505701756398/listings/1152922700027045018/listingassets/1152921504614297060,https://developer.microsoft.com/en-us/dashboard/apps/9WZDNCRDPZNH/submissions/1152921505701756398/listings/1152922700027044875/listingassets/1152921504614297058,https://developer.microsoft.com/en-us/dashboard/apps/9WZDNCRDPZNH/submissions/1152921505701756398/listings/1152922700027045042/listingassets/1152921504614297058,https://developer.microsoft.com/en-us/dashboard/apps/9WZDNCRDPZNH/submissions/1152921505701756398/listings/1152922700027045064/listingassets/1152921504614297040,https://developer.microsoft.com/en-us/dashboard/apps/9WZDNCRDPZNH/submissions/1152921505701756398/listings/1152922700027045077/listingassets/1152921504614297058,https://developer.microsoft.com/en-us/dashboard/apps/9WZDNCRDPZNH/submissions/1152921505701756398/listings/1152922700027045112/listingassets/1152921504614297037,https://developer.microsoft.com/en-us/dashboard/apps/9WZDNCRDPZNH/submissions/1152921505701756398/listings/1152922700027045132/listingassets/1152921504614297058,https://developer.microsoft.com/en-us/dashboard/apps/9WZDNCRDPZNH/submissions/1152921505701756398/listings/1152922700027045183/listingassets/1152921504614297058,https://developer.microsoft.com/en-us/dashboard/apps/9WZDNCRDPZNH/submissions/1152921505701756398/listings/1152922700027045192/listingassets/1152921504614297040,https://developer.microsoft.com/en-us/dashboard/apps/9WZDNCRDPZNH/submissions/1152921505701756398/listings/1152922700027045155/listingassets/1152921504614297058,https://developer.microsoft.com/en-us/dashboard/apps/9WZDNCRDPZNH/submissions/1152921505701756398/listings/1152922700027045209/listingassets/1152921504614297058,https://developer.microsoft.com/en-us/dashboard/apps/9WZDNCRDPZNH/submissions/1152921505701756398/listings/1152922700027044932/listingassets/1152921504614297058,https://developer.microsoft.com/en-us/dashboard/apps/9WZDNCRDPZNH/submissions/1152921505701756398/listings/1152922700027045270/listingassets/1152921504614297058,https://developer.microsoft.com/en-us/dashboard/apps/9WZDNCRDPZNH/submissions/1152921505701756398/listings/1152922700027045239/listingassets/1152921504614297058,https://developer.microsoft.com/en-us/dashboard/apps/9WZDNCRDPZNH/submissions/1152921505701756398/listings/1152922700027045348/listingassets/1152921504614297058,https://developer.microsoft.com/en-us/dashboard/apps/9WZDNCRDPZNH/submissions/1152921505701756398/listings/1152922700027045373/listingassets/1152921504614297058,https://developer.microsoft.com/en-us/dashboard/apps/9WZDNCRDPZNH/submissions/1152921505701756398/listings/1152922700027045335/listingassets/1152921504614297058,https://developer.microsoft.com/en-us/dashboard/apps/9WZDNCRDPZNH/submissions/1152921505701756398/listings/1152922700027045404/listingassets/1152921504614297058,https://developer.microsoft.com/en-us/dashboard/apps/9WZDNCRDPZNH/submissions/1152921505701756398/listings/1152922700027045459/listingassets/1152921504614297058,https://developer.microsoft.com/en-us/dashboard/apps/9WZDNCRDPZNH/submissions/1152921505701756398/listings/1152922700027045451/listingassets/1152921504614297058,https://developer.microsoft.com/en-us/dashboard/apps/9WZDNCRDPZNH/submissions/1152921505701756398/listings/1152922700027045496/listingassets/1152921504614297058,https://developer.microsoft.com/en-us/dashboard/apps/9WZDNCRDPZNH/submissions/1152921505701756398/listings/1152922700027045528/listingassets/1152921504614297058,https://developer.microsoft.com/en-us/dashboard/apps/9WZDNCRDPZNH/submissions/1152921505701756398/listings/1152922700027045550/listingassets/1152921504614297058,https://developer.microsoft.com/en-us/dashboard/apps/9WZDNCRDPZNH/submissions/1152921505701756398/listings/1152922700027045292/listingassets/1152921504614297058,https://developer.microsoft.com/en-us/dashboard/apps/9WZDNCRDPZNH/submissions/1152921505701756398/listings/1152922700027045572/listingassets/1152921504614297058,https://developer.microsoft.com/en-us/dashboard/apps/9WZDNCRDPZNH/submissions/1152921505701756398/listings/1152922700027045580/listingassets/1152921504614297058,https://developer.microsoft.com/en-us/dashboard/apps/9WZDNCRDPZNH/submissions/1152921505701756398/listings/1152922700027045603/listingassets/1152921504614297058,https://developer.microsoft.com/en-us/dashboard/apps/9WZDNCRDPZNH/submissions/1152921505701756398/listings/1152922700027045655/listingassets/1152921504614297058,https://developer.microsoft.com/en-us/dashboard/apps/9WZDNCRDPZNH/submissions/1152921505701756398/listings/1152922700027045705/listingassets/1152921504614297058,https://developer.microsoft.com/en-us/dashboard/apps/9WZDNCRDPZNH/submissions/1152921505701756398/listings/1152922700027044453/listingassets/1152921504614297058,https://developer.microsoft.com/en-us/dashboard/apps/9WZDNCRDPZNH/submissions/1152921505701756398/listings/1152922700027045732/listingassets/1152921504614297058,https://developer.microsoft.com/en-us/dashboard/apps/9WZDNCRDPZNH/submissions/1152921505701756398/listings/1152922700027045686/listingassets/1152921504614297058,https://developer.microsoft.com/en-us/dashboard/apps/9WZDNCRDPZNH/submissions/1152921505701756398/listings/1152922700027045795/listingassets/1152921504614297058,https://developer.microsoft.com/en-us/dashboard/apps/9WZDNCRDPZNH/submissions/1152921505701756398/listings/1152922700027045749/listingassets/1152921504614297058,https://developer.microsoft.com/en-us/dashboard/apps/9WZDNCRDPZNH/submissions/1152921505701756398/listings/1152922700027045876/listingassets/1152921504614297058,https://developer.microsoft.com/en-us/dashboard/apps/9WZDNCRDPZNH/submissions/1152921505701756398/listings/1152922700027045890/listingassets/1152921504614297058,https://developer.microsoft.com/en-us/dashboard/apps/9WZDNCRDPZNH/submissions/1152921505701756398/listings/1152922700027045821/listingassets/1152921504614297058,https://developer.microsoft.com/en-us/dashboard/apps/9WZDNCRDPZNH/submissions/1152921505701756398/listings/1152922700027045846/listingassets/1152921504614297058,https://developer.microsoft.com/en-us/dashboard/apps/9WZDNCRDPZNH/submissions/1152921505701756398/listings/1152922700027045912/listingassets/1152921504614297058,https://developer.microsoft.com/en-us/dashboard/apps/9WZDNCRDPZNH/submissions/1152921505701756398/listings/1152922700027045999/listingassets/1152921504614297058,https://developer.microsoft.com/en-us/dashboard/apps/9WZDNCRDPZNH/submissions/1152921505701756398/listings/1152922700027045991/listingassets/1152921504614297058,https://developer.microsoft.com/en-us/dashboard/apps/9WZDNCRDPZNH/submissions/1152921505701756398/listings/1152922700027045958/listingassets/1152921504614297058,https://developer.microsoft.com/en-us/dashboard/apps/9WZDNCRDPZNH/submissions/1152921505701756398/listings/1152922700027046020/listingassets/1152921504614297058,https://developer.microsoft.com/en-us/dashboard/apps/9WZDNCRDPZNH/submissions/1152921505701756398/listings/1152922700027046067/listingassets/1152921504614297058
MobileScreenshot8,207,Relative path (or URL to file in Partner Center),,https://developer.microsoft.com/en-us/dashboard/apps/9WZDNCRDPZNH/submissions/1152921505701756398/listings/1152921504649329823/listingassets/1152921504614297060,https://developer.microsoft.com/en-us/dashboard/apps/9WZDNCRDPZNH/submissions/1152921505701756398/listings/1152922700027044575/listingassets/1152921504614297043,https://developer.microsoft.com/en-us/dashboard/apps/9WZDNCRDPZNH/submissions/1152921505701756398/listings/1152922700027044656/listingassets/1152921504614297043,https://developer.microsoft.com/en-us/dashboard/apps/9WZDNCRDPZNH/submissions/1152921505701756398/listings/1152922700027044707/listingassets/1152921504614297060,https://developer.microsoft.com/en-us/dashboard/apps/9WZDNCRDPZNH/submissions/1152921505701756398/listings/1152922700027044701/listingassets/1152921504614297043,https://developer.microsoft.com/en-us/dashboard/apps/9WZDNCRDPZNH/submissions/1152921505701756398/listings/1152922700027044736/listingassets/1152921504614297043,https://developer.microsoft.com/en-us/dashboard/apps/9WZDNCRDPZNH/submissions/1152921505701756398/listings/1152922700027044748/listingassets/1152921504614297060,https://developer.microsoft.com/en-us/dashboard/apps/9WZDNCRDPZNH/submissions/1152921505701756398/listings/1152922700027044796/listingassets/1152921504614297043,https://developer.microsoft.com/en-us/dashboard/apps/9WZDNCRDPZNH/submissions/1152921505701756398/listings/1152922700027044530/listingassets/1152921504614297060,https://developer.microsoft.com/en-us/dashboard/apps/9WZDNCRDPZNH/submissions/1152921505701756398/listings/1152922700027044784/listingassets/1152921504614297060,https://developer.microsoft.com/en-us/dashboard/apps/9WZDNCRDPZNH/submissions/1152921505701756398/listings/1152922700027044815/listingassets/1152921504614297058,https://developer.microsoft.com/en-us/dashboard/apps/9WZDNCRDPZNH/submissions/1152921505701756398/listings/1152922700027044620/listingassets/1152921504614297060,https://developer.microsoft.com/en-us/dashboard/apps/9WZDNCRDPZNH/submissions/1152921505701756398/listings/1152922700027044643/listingassets/1152921504614297058,https://developer.microsoft.com/en-us/dashboard/apps/9WZDNCRDPZNH/submissions/1152921505701756398/listings/1152922700027044857/listingassets/1152921504614297060,https://developer.microsoft.com/en-us/dashboard/apps/9WZDNCRDPZNH/submissions/1152921505701756398/listings/1152922700027044893/listingassets/1152921504614297037,https://developer.microsoft.com/en-us/dashboard/apps/9WZDNCRDPZNH/submissions/1152921505701756398/listings/1152922700027044553/listingassets/1152921504614297013,https://developer.microsoft.com/en-us/dashboard/apps/9WZDNCRDPZNH/submissions/1152921505701756398/listings/1152922700027044950/listingassets/1152921504614297043,https://developer.microsoft.com/en-us/dashboard/apps/9WZDNCRDPZNH/submissions/1152921505701756398/listings/1152922700027044974/listingassets/1152921504614297043,https://developer.microsoft.com/en-us/dashboard/apps/9WZDNCRDPZNH/submissions/1152921505701756398/listings/1152922700027044993/listingassets/1152921504614297058,https://developer.microsoft.com/en-us/dashboard/apps/9WZDNCRDPZNH/submissions/1152921505701756398/listings/1152922700027045018/listingassets/1152921504614297058,https://developer.microsoft.com/en-us/dashboard/apps/9WZDNCRDPZNH/submissions/1152921505701756398/listings/1152922700027044875/listingassets/1152921504614297043,https://developer.microsoft.com/en-us/dashboard/apps/9WZDNCRDPZNH/submissions/1152921505701756398/listings/1152922700027045042/listingassets/1152921504614297060,https://developer.microsoft.com/en-us/dashboard/apps/9WZDNCRDPZNH/submissions/1152921505701756398/listings/1152922700027045064/listingassets/1152921504614297043,https://developer.microsoft.com/en-us/dashboard/apps/9WZDNCRDPZNH/submissions/1152921505701756398/listings/1152922700027045077/listingassets/1152921504614297060,https://developer.microsoft.com/en-us/dashboard/apps/9WZDNCRDPZNH/submissions/1152921505701756398/listings/1152922700027045112/listingassets/1152921504614297013,https://developer.microsoft.com/en-us/dashboard/apps/9WZDNCRDPZNH/submissions/1152921505701756398/listings/1152922700027045132/listingassets/1152921504614297060,https://developer.microsoft.com/en-us/dashboard/apps/9WZDNCRDPZNH/submissions/1152921505701756398/listings/1152922700027045183/listingassets/1152921504614297060,https://developer.microsoft.com/en-us/dashboard/apps/9WZDNCRDPZNH/submissions/1152921505701756398/listings/1152922700027045192/listingassets/1152921504614297043,https://developer.microsoft.com/en-us/dashboard/apps/9WZDNCRDPZNH/submissions/1152921505701756398/listings/1152922700027045155/listingassets/1152921504614297060,https://developer.microsoft.com/en-us/dashboard/apps/9WZDNCRDPZNH/submissions/1152921505701756398/listings/1152922700027045209/listingassets/1152921504614297060,https://developer.microsoft.com/en-us/dashboard/apps/9WZDNCRDPZNH/submissions/1152921505701756398/listings/1152922700027044932/listingassets/1152921504614297060,https://developer.microsoft.com/en-us/dashboard/apps/9WZDNCRDPZNH/submissions/1152921505701756398/listings/1152922700027045270/listingassets/1152921504614297060,https://developer.microsoft.com/en-us/dashboard/apps/9WZDNCRDPZNH/submissions/1152921505701756398/listings/1152922700027045239/listingassets/1152921504614297060,https://developer.microsoft.com/en-us/dashboard/apps/9WZDNCRDPZNH/submissions/1152921505701756398/listings/1152922700027045348/listingassets/1152921504614297060,https://developer.microsoft.com/en-us/dashboard/apps/9WZDNCRDPZNH/submissions/1152921505701756398/listings/1152922700027045373/listingassets/1152921504614297060,https://developer.microsoft.com/en-us/dashboard/apps/9WZDNCRDPZNH/submissions/1152921505701756398/listings/1152922700027045335/listingassets/1152921504614297060,https://developer.microsoft.com/en-us/dashboard/apps/9WZDNCRDPZNH/submissions/1152921505701756398/listings/1152922700027045404/listingassets/1152921504614297060,https://developer.microsoft.com/en-us/dashboard/apps/9WZDNCRDPZNH/submissions/1152921505701756398/listings/1152922700027045459/listingassets/1152921504614297060,https://developer.microsoft.com/en-us/dashboard/apps/9WZDNCRDPZNH/submissions/1152921505701756398/listings/1152922700027045451/listingassets/1152921504614297060,https://developer.microsoft.com/en-us/dashboard/apps/9WZDNCRDPZNH/submissions/1152921505701756398/listings/1152922700027045496/listingassets/1152921504614297060,https://developer.microsoft.com/en-us/dashboard/apps/9WZDNCRDPZNH/submissions/1152921505701756398/listings/1152922700027045528/listingassets/1152921504614297060,https://developer.microsoft.com/en-us/dashboard/apps/9WZDNCRDPZNH/submissions/1152921505701756398/listings/1152922700027045550/listingassets/1152921504614297060,https://developer.microsoft.com/en-us/dashboard/apps/9WZDNCRDPZNH/submissions/1152921505701756398/listings/1152922700027045292/listingassets/1152921504614297060,https://developer.microsoft.com/en-us/dashboard/apps/9WZDNCRDPZNH/submissions/1152921505701756398/listings/1152922700027045572/listingassets/1152921504614297060,https://developer.microsoft.com/en-us/dashboard/apps/9WZDNCRDPZNH/submissions/1152921505701756398/listings/1152922700027045580/listingassets/1152921504614297060,https://developer.microsoft.com/en-us/dashboard/apps/9WZDNCRDPZNH/submissions/1152921505701756398/listings/1152922700027045603/listingassets/1152921504614297060,https://developer.microsoft.com/en-us/dashboard/apps/9WZDNCRDPZNH/submissions/1152921505701756398/listings/1152922700027045655/listingassets/1152921504614297060,https://developer.microsoft.com/en-us/dashboard/apps/9WZDNCRDPZNH/submissions/1152921505701756398/listings/1152922700027045705/listingassets/1152921504614297060,https://developer.microsoft.com/en-us/dashboard/apps/9WZDNCRDPZNH/submissions/1152921505701756398/listings/1152922700027044453/listingassets/1152921504614297060,https://developer.microsoft.com/en-us/dashboard/apps/9WZDNCRDPZNH/submissions/1152921505701756398/listings/1152922700027045732/listingassets/1152921504614297060,https://developer.microsoft.com/en-us/dashboard/apps/9WZDNCRDPZNH/submissions/1152921505701756398/listings/1152922700027045686/listingassets/1152921504614297060,https://developer.microsoft.com/en-us/dashboard/apps/9WZDNCRDPZNH/submissions/1152921505701756398/listings/1152922700027045795/listingassets/1152921504614297060,https://developer.microsoft.com/en-us/dashboard/apps/9WZDNCRDPZNH/submissions/1152921505701756398/listings/1152922700027045749/listingassets/1152921504614297060,https://developer.microsoft.com/en-us/dashboard/apps/9WZDNCRDPZNH/submissions/1152921505701756398/listings/1152922700027045876/listingassets/1152921504614297060,https://developer.microsoft.com/en-us/dashboard/apps/9WZDNCRDPZNH/submissions/1152921505701756398/listings/1152922700027045890/listingassets/1152921504614297060,https://developer.microsoft.com/en-us/dashboard/apps/9WZDNCRDPZNH/submissions/1152921505701756398/listings/1152922700027045821/listingassets/1152921504614297060,https://developer.microsoft.com/en-us/dashboard/apps/9WZDNCRDPZNH/submissions/1152921505701756398/listings/1152922700027045846/listingassets/1152921504614297060,https://developer.microsoft.com/en-us/dashboard/apps/9WZDNCRDPZNH/submissions/1152921505701756398/listings/1152922700027045912/listingassets/1152921504614297060,https://developer.microsoft.com/en-us/dashboard/apps/9WZDNCRDPZNH/submissions/1152921505701756398/listings/1152922700027045999/listingassets/1152921504614297060,https://developer.microsoft.com/en-us/dashboard/apps/9WZDNCRDPZNH/submissions/1152921505701756398/listings/1152922700027045991/listingassets/1152921504614297060,https://developer.microsoft.com/en-us/dashboard/apps/9WZDNCRDPZNH/submissions/1152921505701756398/listings/1152922700027045958/listingassets/1152921504614297060,https://developer.microsoft.com/en-us/dashboard/apps/9WZDNCRDPZNH/submissions/1152921505701756398/listings/1152922700027046020/listingassets/1152921504614297060,https://developer.microsoft.com/en-us/dashboard/apps/9WZDNCRDPZNH/submissions/1152921505701756398/listings/1152922700027046067/listingassets/1152921504614297060
MobileScreenshot9,208,Relative path (or URL to file in Partner Center),,,,,,,,,,,,,,,,,,,,,,,,,,,,,,,,,,,,,,,,,,,,,,,,,,,,,,,,,,,,,,,,
MobileScreenshot10,209,Relative path (or URL to file in Partner Center),,,,,,,,,,,,,,,,,,,,,,,,,,,,,,,,,,,,,,,,,,,,,,,,,,,,,,,,,,,,,,,,
MobileScreenshot11,210,Relative path (or URL to file in Partner Center),,,,,,,,,,,,,,,,,,,,,,,,,,,,,,,,,,,,,,,,,,,,,,,,,,,,,,,,,,,,,,,,
MobileScreenshot12,211,Relative path (or URL to file in Partner Center),,,,,,,,,,,,,,,,,,,,,,,,,,,,,,,,,,,,,,,,,,,,,,,,,,,,,,,,,,,,,,,,
MobileScreenshot13,212,Relative path (or URL to file in Partner Center),,,,,,,,,,,,,,,,,,,,,,,,,,,,,,,,,,,,,,,,,,,,,,,,,,,,,,,,,,,,,,,,
MobileScreenshot14,213,Relative path (or URL to file in Partner Center),,,,,,,,,,,,,,,,,,,,,,,,,,,,,,,,,,,,,,,,,,,,,,,,,,,,,,,,,,,,,,,,
MobileScreenshot15,214,Relative path (or URL to file in Partner Center),,,,,,,,,,,,,,,,,,,,,,,,,,,,,,,,,,,,,,,,,,,,,,,,,,,,,,,,,,,,,,,,
MobileScreenshot16,215,Relative path (or URL to file in Partner Center),,,,,,,,,,,,,,,,,,,,,,,,,,,,,,,,,,,,,,,,,,,,,,,,,,,,,,,,,,,,,,,,
MobileScreenshot17,216,Relative path (or URL to file in Partner Center),,,,,,,,,,,,,,,,,,,,,,,,,,,,,,,,,,,,,,,,,,,,,,,,,,,,,,,,,,,,,,,,
MobileScreenshot18,217,Relative path (or URL to file in Partner Center),,,,,,,,,,,,,,,,,,,,,,,,,,,,,,,,,,,,,,,,,,,,,,,,,,,,,,,,,,,,,,,,
MobileScreenshot19,218,Relative path (or URL to file in Partner Center),,,,,,,,,,,,,,,,,,,,,,,,,,,,,,,,,,,,,,,,,,,,,,,,,,,,,,,,,,,,,,,,
MobileScreenshot20,219,Relative path (or URL to file in Partner Center),,,,,,,,,,,,,,,,,,,,,,,,,,,,,,,,,,,,,,,,,,,,,,,,,,,,,,,,,,,,,,,,
MobileScreenshot21,220,Relative path (or URL to file in Partner Center),,,,,,,,,,,,,,,,,,,,,,,,,,,,,,,,,,,,,,,,,,,,,,,,,,,,,,,,,,,,,,,,
MobileScreenshot22,221,Relative path (or URL to file in Partner Center),,,,,,,,,,,,,,,,,,,,,,,,,,,,,,,,,,,,,,,,,,,,,,,,,,,,,,,,,,,,,,,,
MobileScreenshot23,222,Relative path (or URL to file in Partner Center),,,,,,,,,,,,,,,,,,,,,,,,,,,,,,,,,,,,,,,,,,,,,,,,,,,,,,,,,,,,,,,,
MobileScreenshot24,223,Relative path (or URL to file in Partner Center),,,,,,,,,,,,,,,,,,,,,,,,,,,,,,,,,,,,,,,,,,,,,,,,,,,,,,,,,,,,,,,,
MobileScreenshot25,224,Relative path (or URL to file in Partner Center),,,,,,,,,,,,,,,,,,,,,,,,,,,,,,,,,,,,,,,,,,,,,,,,,,,,,,,,,,,,,,,,
MobileScreenshot26,225,Relative path (or URL to file in Partner Center),,,,,,,,,,,,,,,,,,,,,,,,,,,,,,,,,,,,,,,,,,,,,,,,,,,,,,,,,,,,,,,,
MobileScreenshot27,226,Relative path (or URL to file in Partner Center),,,,,,,,,,,,,,,,,,,,,,,,,,,,,,,,,,,,,,,,,,,,,,,,,,,,,,,,,,,,,,,,
MobileScreenshot28,227,Relative path (or URL to file in Partner Center),,,,,,,,,,,,,,,,,,,,,,,,,,,,,,,,,,,,,,,,,,,,,,,,,,,,,,,,,,,,,,,,
MobileScreenshot29,228,Relative path (or URL to file in Partner Center),,,,,,,,,,,,,,,,,,,,,,,,,,,,,,,,,,,,,,,,,,,,,,,,,,,,,,,,,,,,,,,,
MobileScreenshot30,229,Relative path (or URL to file in Partner Center),,,,,,,,,,,,,,,,,,,,,,,,,,,,,,,,,,,,,,,,,,,,,,,,,,,,,,,,,,,,,,,,
MobileScreenshotCaption1,250,Text,,,,,,,,,,,,,,,,,,,,,,,,,,,,,,,,,,,,,,,,,,,,,,,,,,,,,,,,,,,,,,,,
MobileScreenshotCaption2,251,Text,,,,,,,,,,,,,,,,,,,,,,,,,,,,,,,,,,,,,,,,,,,,,,,,,,,,,,,,,,,,,,,,
MobileScreenshotCaption3,252,Text,,,,,,,,,,,,,,,,,,,,,,,,,,,,,,,,,,,,,,,,,,,,,,,,,,,,,,,,,,,,,,,,
MobileScreenshotCaption4,253,Text,,,,,,,,,,,,,,,,,,,,,,,,,,,,,,,,,,,,,,,,,,,,,,,,,,,,,,,,,,,,,,,,
MobileScreenshotCaption5,254,Text,,,,,,,,,,,,,,,,,,,,,,,,,,,,,,,,,,,,,,,,,,,,,,,,,,,,,,,,,,,,,,,,
MobileScreenshotCaption6,255,Text,,,,,,,,,,,,,,,,,,,,,,,,,,,,,,,,,,,,,,,,,,,,,,,,,,,,,,,,,,,,,,,,
MobileScreenshotCaption7,256,Text,,,,,,,,,,,,,,,,,,,,,,,,,,,,,,,,,,,,,,,,,,,,,,,,,,,,,,,,,,,,,,,,
MobileScreenshotCaption8,257,Text,,,,,,,,,,,,,,,,,,,,,,,,,,,,,,,,,,,,,,,,,,,,,,,,,,,,,,,,,,,,,,,,
MobileScreenshotCaption9,258,Text,,,,,,,,,,,,,,,,,,,,,,,,,,,,,,,,,,,,,,,,,,,,,,,,,,,,,,,,,,,,,,,,
MobileScreenshotCaption10,259,Text,,,,,,,,,,,,,,,,,,,,,,,,,,,,,,,,,,,,,,,,,,,,,,,,,,,,,,,,,,,,,,,,
MobileScreenshotCaption11,260,Text,,,,,,,,,,,,,,,,,,,,,,,,,,,,,,,,,,,,,,,,,,,,,,,,,,,,,,,,,,,,,,,,
MobileScreenshotCaption12,261,Text,,,,,,,,,,,,,,,,,,,,,,,,,,,,,,,,,,,,,,,,,,,,,,,,,,,,,,,,,,,,,,,,
MobileScreenshotCaption13,262,Text,,,,,,,,,,,,,,,,,,,,,,,,,,,,,,,,,,,,,,,,,,,,,,,,,,,,,,,,,,,,,,,,
MobileScreenshotCaption14,263,Text,,,,,,,,,,,,,,,,,,,,,,,,,,,,,,,,,,,,,,,,,,,,,,,,,,,,,,,,,,,,,,,,
MobileScreenshotCaption15,264,Text,,,,,,,,,,,,,,,,,,,,,,,,,,,,,,,,,,,,,,,,,,,,,,,,,,,,,,,,,,,,,,,,
MobileScreenshotCaption16,265,Text,,,,,,,,,,,,,,,,,,,,,,,,,,,,,,,,,,,,,,,,,,,,,,,,,,,,,,,,,,,,,,,,
MobileScreenshotCaption17,266,Text,,,,,,,,,,,,,,,,,,,,,,,,,,,,,,,,,,,,,,,,,,,,,,,,,,,,,,,,,,,,,,,,
MobileScreenshotCaption18,267,Text,,,,,,,,,,,,,,,,,,,,,,,,,,,,,,,,,,,,,,,,,,,,,,,,,,,,,,,,,,,,,,,,
MobileScreenshotCaption19,268,Text,,,,,,,,,,,,,,,,,,,,,,,,,,,,,,,,,,,,,,,,,,,,,,,,,,,,,,,,,,,,,,,,
MobileScreenshotCaption20,269,Text,,,,,,,,,,,,,,,,,,,,,,,,,,,,,,,,,,,,,,,,,,,,,,,,,,,,,,,,,,,,,,,,
MobileScreenshotCaption21,270,Text,,,,,,,,,,,,,,,,,,,,,,,,,,,,,,,,,,,,,,,,,,,,,,,,,,,,,,,,,,,,,,,,
MobileScreenshotCaption22,271,Text,,,,,,,,,,,,,,,,,,,,,,,,,,,,,,,,,,,,,,,,,,,,,,,,,,,,,,,,,,,,,,,,
MobileScreenshotCaption23,272,Text,,,,,,,,,,,,,,,,,,,,,,,,,,,,,,,,,,,,,,,,,,,,,,,,,,,,,,,,,,,,,,,,
MobileScreenshotCaption24,273,Text,,,,,,,,,,,,,,,,,,,,,,,,,,,,,,,,,,,,,,,,,,,,,,,,,,,,,,,,,,,,,,,,
MobileScreenshotCaption25,274,Text,,,,,,,,,,,,,,,,,,,,,,,,,,,,,,,,,,,,,,,,,,,,,,,,,,,,,,,,,,,,,,,,
MobileScreenshotCaption26,275,Text,,,,,,,,,,,,,,,,,,,,,,,,,,,,,,,,,,,,,,,,,,,,,,,,,,,,,,,,,,,,,,,,
MobileScreenshotCaption27,276,Text,,,,,,,,,,,,,,,,,,,,,,,,,,,,,,,,,,,,,,,,,,,,,,,,,,,,,,,,,,,,,,,,
MobileScreenshotCaption28,277,Text,,,,,,,,,,,,,,,,,,,,,,,,,,,,,,,,,,,,,,,,,,,,,,,,,,,,,,,,,,,,,,,,
MobileScreenshotCaption29,278,Text,,,,,,,,,,,,,,,,,,,,,,,,,,,,,,,,,,,,,,,,,,,,,,,,,,,,,,,,,,,,,,,,
MobileScreenshotCaption30,279,Text,,,,,,,,,,,,,,,,,,,,,,,,,,,,,,,,,,,,,,,,,,,,,,,,,,,,,,,,,,,,,,,,
XboxScreenshot1,300,Relative path (or URL to file in Partner Center),,,,,,,,,,,,,,,,,,,,,,,,,,,,,,,,,,,,,,,,,,,,,,,,,,,,,,,,,,,,,,,,
XboxScreenshot2,301,Relative path (or URL to file in Partner Center),,,,,,,,,,,,,,,,,,,,,,,,,,,,,,,,,,,,,,,,,,,,,,,,,,,,,,,,,,,,,,,,
XboxScreenshot3,302,Relative path (or URL to file in Partner Center),,,,,,,,,,,,,,,,,,,,,,,,,,,,,,,,,,,,,,,,,,,,,,,,,,,,,,,,,,,,,,,,
XboxScreenshot4,303,Relative path (or URL to file in Partner Center),,,,,,,,,,,,,,,,,,,,,,,,,,,,,,,,,,,,,,,,,,,,,,,,,,,,,,,,,,,,,,,,
XboxScreenshot5,304,Relative path (or URL to file in Partner Center),,,,,,,,,,,,,,,,,,,,,,,,,,,,,,,,,,,,,,,,,,,,,,,,,,,,,,,,,,,,,,,,
XboxScreenshot6,305,Relative path (or URL to file in Partner Center),,,,,,,,,,,,,,,,,,,,,,,,,,,,,,,,,,,,,,,,,,,,,,,,,,,,,,,,,,,,,,,,
XboxScreenshot7,306,Relative path (or URL to file in Partner Center),,,,,,,,,,,,,,,,,,,,,,,,,,,,,,,,,,,,,,,,,,,,,,,,,,,,,,,,,,,,,,,,
XboxScreenshot8,307,Relative path (or URL to file in Partner Center),,,,,,,,,,,,,,,,,,,,,,,,,,,,,,,,,,,,,,,,,,,,,,,,,,,,,,,,,,,,,,,,
XboxScreenshot9,308,Relative path (or URL to file in Partner Center),,,,,,,,,,,,,,,,,,,,,,,,,,,,,,,,,,,,,,,,,,,,,,,,,,,,,,,,,,,,,,,,
XboxScreenshot10,309,Relative path (or URL to file in Partner Center),,,,,,,,,,,,,,,,,,,,,,,,,,,,,,,,,,,,,,,,,,,,,,,,,,,,,,,,,,,,,,,,
XboxScreenshot11,310,Relative path (or URL to file in Partner Center),,,,,,,,,,,,,,,,,,,,,,,,,,,,,,,,,,,,,,,,,,,,,,,,,,,,,,,,,,,,,,,,
XboxScreenshot12,311,Relative path (or URL to file in Partner Center),,,,,,,,,,,,,,,,,,,,,,,,,,,,,,,,,,,,,,,,,,,,,,,,,,,,,,,,,,,,,,,,
XboxScreenshot13,312,Relative path (or URL to file in Partner Center),,,,,,,,,,,,,,,,,,,,,,,,,,,,,,,,,,,,,,,,,,,,,,,,,,,,,,,,,,,,,,,,
XboxScreenshot14,313,Relative path (or URL to file in Partner Center),,,,,,,,,,,,,,,,,,,,,,,,,,,,,,,,,,,,,,,,,,,,,,,,,,,,,,,,,,,,,,,,
XboxScreenshot15,314,Relative path (or URL to file in Partner Center),,,,,,,,,,,,,,,,,,,,,,,,,,,,,,,,,,,,,,,,,,,,,,,,,,,,,,,,,,,,,,,,
XboxScreenshot16,315,Relative path (or URL to file in Partner Center),,,,,,,,,,,,,,,,,,,,,,,,,,,,,,,,,,,,,,,,,,,,,,,,,,,,,,,,,,,,,,,,
XboxScreenshot17,316,Relative path (or URL to file in Partner Center),,,,,,,,,,,,,,,,,,,,,,,,,,,,,,,,,,,,,,,,,,,,,,,,,,,,,,,,,,,,,,,,
XboxScreenshot18,317,Relative path (or URL to file in Partner Center),,,,,,,,,,,,,,,,,,,,,,,,,,,,,,,,,,,,,,,,,,,,,,,,,,,,,,,,,,,,,,,,
XboxScreenshot19,318,Relative path (or URL to file in Partner Center),,,,,,,,,,,,,,,,,,,,,,,,,,,,,,,,,,,,,,,,,,,,,,,,,,,,,,,,,,,,,,,,
XboxScreenshot20,319,Relative path (or URL to file in Partner Center),,,,,,,,,,,,,,,,,,,,,,,,,,,,,,,,,,,,,,,,,,,,,,,,,,,,,,,,,,,,,,,,
XboxScreenshot21,320,Relative path (or URL to file in Partner Center),,,,,,,,,,,,,,,,,,,,,,,,,,,,,,,,,,,,,,,,,,,,,,,,,,,,,,,,,,,,,,,,
XboxScreenshot22,321,Relative path (or URL to file in Partner Center),,,,,,,,,,,,,,,,,,,,,,,,,,,,,,,,,,,,,,,,,,,,,,,,,,,,,,,,,,,,,,,,
XboxScreenshot23,322,Relative path (or URL to file in Partner Center),,,,,,,,,,,,,,,,,,,,,,,,,,,,,,,,,,,,,,,,,,,,,,,,,,,,,,,,,,,,,,,,
XboxScreenshot24,323,Relative path (or URL to file in Partner Center),,,,,,,,,,,,,,,,,,,,,,,,,,,,,,,,,,,,,,,,,,,,,,,,,,,,,,,,,,,,,,,,
XboxScreenshot25,324,Relative path (or URL to file in Partner Center),,,,,,,,,,,,,,,,,,,,,,,,,,,,,,,,,,,,,,,,,,,,,,,,,,,,,,,,,,,,,,,,
XboxScreenshot26,325,Relative path (or URL to file in Partner Center),,,,,,,,,,,,,,,,,,,,,,,,,,,,,,,,,,,,,,,,,,,,,,,,,,,,,,,,,,,,,,,,
XboxScreenshot27,326,Relative path (or URL to file in Partner Center),,,,,,,,,,,,,,,,,,,,,,,,,,,,,,,,,,,,,,,,,,,,,,,,,,,,,,,,,,,,,,,,
XboxScreenshot28,327,Relative path (or URL to file in Partner Center),,,,,,,,,,,,,,,,,,,,,,,,,,,,,,,,,,,,,,,,,,,,,,,,,,,,,,,,,,,,,,,,
XboxScreenshot29,328,Relative path (or URL to file in Partner Center),,,,,,,,,,,,,,,,,,,,,,,,,,,,,,,,,,,,,,,,,,,,,,,,,,,,,,,,,,,,,,,,
XboxScreenshot30,329,Relative path (or URL to file in Partner Center),,,,,,,,,,,,,,,,,,,,,,,,,,,,,,,,,,,,,,,,,,,,,,,,,,,,,,,,,,,,,,,,
XboxScreenshotCaption1,350,Text,,,,,,,,,,,,,,,,,,,,,,,,,,,,,,,,,,,,,,,,,,,,,,,,,,,,,,,,,,,,,,,,
XboxScreenshotCaption2,351,Text,,,,,,,,,,,,,,,,,,,,,,,,,,,,,,,,,,,,,,,,,,,,,,,,,,,,,,,,,,,,,,,,
XboxScreenshotCaption3,352,Text,,,,,,,,,,,,,,,,,,,,,,,,,,,,,,,,,,,,,,,,,,,,,,,,,,,,,,,,,,,,,,,,
XboxScreenshotCaption4,353,Text,,,,,,,,,,,,,,,,,,,,,,,,,,,,,,,,,,,,,,,,,,,,,,,,,,,,,,,,,,,,,,,,
XboxScreenshotCaption5,354,Text,,,,,,,,,,,,,,,,,,,,,,,,,,,,,,,,,,,,,,,,,,,,,,,,,,,,,,,,,,,,,,,,
XboxScreenshotCaption6,355,Text,,,,,,,,,,,,,,,,,,,,,,,,,,,,,,,,,,,,,,,,,,,,,,,,,,,,,,,,,,,,,,,,
XboxScreenshotCaption7,356,Text,,,,,,,,,,,,,,,,,,,,,,,,,,,,,,,,,,,,,,,,,,,,,,,,,,,,,,,,,,,,,,,,
XboxScreenshotCaption8,357,Text,,,,,,,,,,,,,,,,,,,,,,,,,,,,,,,,,,,,,,,,,,,,,,,,,,,,,,,,,,,,,,,,
XboxScreenshotCaption9,358,Text,,,,,,,,,,,,,,,,,,,,,,,,,,,,,,,,,,,,,,,,,,,,,,,,,,,,,,,,,,,,,,,,
XboxScreenshotCaption10,359,Text,,,,,,,,,,,,,,,,,,,,,,,,,,,,,,,,,,,,,,,,,,,,,,,,,,,,,,,,,,,,,,,,
XboxScreenshotCaption11,360,Text,,,,,,,,,,,,,,,,,,,,,,,,,,,,,,,,,,,,,,,,,,,,,,,,,,,,,,,,,,,,,,,,
XboxScreenshotCaption12,361,Text,,,,,,,,,,,,,,,,,,,,,,,,,,,,,,,,,,,,,,,,,,,,,,,,,,,,,,,,,,,,,,,,
XboxScreenshotCaption13,362,Text,,,,,,,,,,,,,,,,,,,,,,,,,,,,,,,,,,,,,,,,,,,,,,,,,,,,,,,,,,,,,,,,
XboxScreenshotCaption14,363,Text,,,,,,,,,,,,,,,,,,,,,,,,,,,,,,,,,,,,,,,,,,,,,,,,,,,,,,,,,,,,,,,,
XboxScreenshotCaption15,364,Text,,,,,,,,,,,,,,,,,,,,,,,,,,,,,,,,,,,,,,,,,,,,,,,,,,,,,,,,,,,,,,,,
XboxScreenshotCaption16,365,Text,,,,,,,,,,,,,,,,,,,,,,,,,,,,,,,,,,,,,,,,,,,,,,,,,,,,,,,,,,,,,,,,
XboxScreenshotCaption17,366,Text,,,,,,,,,,,,,,,,,,,,,,,,,,,,,,,,,,,,,,,,,,,,,,,,,,,,,,,,,,,,,,,,
XboxScreenshotCaption18,367,Text,,,,,,,,,,,,,,,,,,,,,,,,,,,,,,,,,,,,,,,,,,,,,,,,,,,,,,,,,,,,,,,,
XboxScreenshotCaption19,368,Text,,,,,,,,,,,,,,,,,,,,,,,,,,,,,,,,,,,,,,,,,,,,,,,,,,,,,,,,,,,,,,,,
XboxScreenshotCaption20,369,Text,,,,,,,,,,,,,,,,,,,,,,,,,,,,,,,,,,,,,,,,,,,,,,,,,,,,,,,,,,,,,,,,
XboxScreenshotCaption21,370,Text,,,,,,,,,,,,,,,,,,,,,,,,,,,,,,,,,,,,,,,,,,,,,,,,,,,,,,,,,,,,,,,,
XboxScreenshotCaption22,371,Text,,,,,,,,,,,,,,,,,,,,,,,,,,,,,,,,,,,,,,,,,,,,,,,,,,,,,,,,,,,,,,,,
XboxScreenshotCaption23,372,Text,,,,,,,,,,,,,,,,,,,,,,,,,,,,,,,,,,,,,,,,,,,,,,,,,,,,,,,,,,,,,,,,
XboxScreenshotCaption24,373,Text,,,,,,,,,,,,,,,,,,,,,,,,,,,,,,,,,,,,,,,,,,,,,,,,,,,,,,,,,,,,,,,,
XboxScreenshotCaption25,374,Text,,,,,,,,,,,,,,,,,,,,,,,,,,,,,,,,,,,,,,,,,,,,,,,,,,,,,,,,,,,,,,,,
XboxScreenshotCaption26,375,Text,,,,,,,,,,,,,,,,,,,,,,,,,,,,,,,,,,,,,,,,,,,,,,,,,,,,,,,,,,,,,,,,
XboxScreenshotCaption27,376,Text,,,,,,,,,,,,,,,,,,,,,,,,,,,,,,,,,,,,,,,,,,,,,,,,,,,,,,,,,,,,,,,,
XboxScreenshotCaption28,377,Text,,,,,,,,,,,,,,,,,,,,,,,,,,,,,,,,,,,,,,,,,,,,,,,,,,,,,,,,,,,,,,,,
XboxScreenshotCaption29,378,Text,,,,,,,,,,,,,,,,,,,,,,,,,,,,,,,,,,,,,,,,,,,,,,,,,,,,,,,,,,,,,,,,
XboxScreenshotCaption30,379,Text,,,,,,,,,,,,,,,,,,,,,,,,,,,,,,,,,,,,,,,,,,,,,,,,,,,,,,,,,,,,,,,,
HolographicScreenshot1,400,Relative path (or URL to file in Partner Center),,,,,,,,,,,,,,,,,,,,,,,,,,,,,,,,,,,,,,,,,,,,,,,,,,,,,,,,,,,,,,,,
HolographicScreenshot2,401,Relative path (or URL to file in Partner Center),,,,,,,,,,,,,,,,,,,,,,,,,,,,,,,,,,,,,,,,,,,,,,,,,,,,,,,,,,,,,,,,
HolographicScreenshot3,402,Relative path (or URL to file in Partner Center),,,,,,,,,,,,,,,,,,,,,,,,,,,,,,,,,,,,,,,,,,,,,,,,,,,,,,,,,,,,,,,,
HolographicScreenshot4,403,Relative path (or URL to file in Partner Center),,,,,,,,,,,,,,,,,,,,,,,,,,,,,,,,,,,,,,,,,,,,,,,,,,,,,,,,,,,,,,,,
HolographicScreenshot5,404,Relative path (or URL to file in Partner Center),,,,,,,,,,,,,,,,,,,,,,,,,,,,,,,,,,,,,,,,,,,,,,,,,,,,,,,,,,,,,,,,
HolographicScreenshot6,405,Relative path (or URL to file in Partner Center),,,,,,,,,,,,,,,,,,,,,,,,,,,,,,,,,,,,,,,,,,,,,,,,,,,,,,,,,,,,,,,,
HolographicScreenshot7,406,Relative path (or URL to file in Partner Center),,,,,,,,,,,,,,,,,,,,,,,,,,,,,,,,,,,,,,,,,,,,,,,,,,,,,,,,,,,,,,,,
HolographicScreenshot8,407,Relative path (or URL to file in Partner Center),,,,,,,,,,,,,,,,,,,,,,,,,,,,,,,,,,,,,,,,,,,,,,,,,,,,,,,,,,,,,,,,
HolographicScreenshot9,408,Relative path (or URL to file in Partner Center),,,,,,,,,,,,,,,,,,,,,,,,,,,,,,,,,,,,,,,,,,,,,,,,,,,,,,,,,,,,,,,,
HolographicScreenshot10,409,Relative path (or URL to file in Partner Center),,,,,,,,,,,,,,,,,,,,,,,,,,,,,,,,,,,,,,,,,,,,,,,,,,,,,,,,,,,,,,,,
HolographicScreenshot11,410,Relative path (or URL to file in Partner Center),,,,,,,,,,,,,,,,,,,,,,,,,,,,,,,,,,,,,,,,,,,,,,,,,,,,,,,,,,,,,,,,
HolographicScreenshot12,411,Relative path (or URL to file in Partner Center),,,,,,,,,,,,,,,,,,,,,,,,,,,,,,,,,,,,,,,,,,,,,,,,,,,,,,,,,,,,,,,,
HolographicScreenshot13,412,Relative path (or URL to file in Partner Center),,,,,,,,,,,,,,,,,,,,,,,,,,,,,,,,,,,,,,,,,,,,,,,,,,,,,,,,,,,,,,,,
HolographicScreenshot14,413,Relative path (or URL to file in Partner Center),,,,,,,,,,,,,,,,,,,,,,,,,,,,,,,,,,,,,,,,,,,,,,,,,,,,,,,,,,,,,,,,
HolographicScreenshot15,414,Relative path (or URL to file in Partner Center),,,,,,,,,,,,,,,,,,,,,,,,,,,,,,,,,,,,,,,,,,,,,,,,,,,,,,,,,,,,,,,,
HolographicScreenshot16,415,Relative path (or URL to file in Partner Center),,,,,,,,,,,,,,,,,,,,,,,,,,,,,,,,,,,,,,,,,,,,,,,,,,,,,,,,,,,,,,,,
HolographicScreenshot17,416,Relative path (or URL to file in Partner Center),,,,,,,,,,,,,,,,,,,,,,,,,,,,,,,,,,,,,,,,,,,,,,,,,,,,,,,,,,,,,,,,
HolographicScreenshot18,417,Relative path (or URL to file in Partner Center),,,,,,,,,,,,,,,,,,,,,,,,,,,,,,,,,,,,,,,,,,,,,,,,,,,,,,,,,,,,,,,,
HolographicScreenshot19,418,Relative path (or URL to file in Partner Center),,,,,,,,,,,,,,,,,,,,,,,,,,,,,,,,,,,,,,,,,,,,,,,,,,,,,,,,,,,,,,,,
HolographicScreenshot20,419,Relative path (or URL to file in Partner Center),,,,,,,,,,,,,,,,,,,,,,,,,,,,,,,,,,,,,,,,,,,,,,,,,,,,,,,,,,,,,,,,
HolographicScreenshot21,420,Relative path (or URL to file in Partner Center),,,,,,,,,,,,,,,,,,,,,,,,,,,,,,,,,,,,,,,,,,,,,,,,,,,,,,,,,,,,,,,,
HolographicScreenshot22,421,Relative path (or URL to file in Partner Center),,,,,,,,,,,,,,,,,,,,,,,,,,,,,,,,,,,,,,,,,,,,,,,,,,,,,,,,,,,,,,,,
HolographicScreenshot23,422,Relative path (or URL to file in Partner Center),,,,,,,,,,,,,,,,,,,,,,,,,,,,,,,,,,,,,,,,,,,,,,,,,,,,,,,,,,,,,,,,
HolographicScreenshot24,423,Relative path (or URL to file in Partner Center),,,,,,,,,,,,,,,,,,,,,,,,,,,,,,,,,,,,,,,,,,,,,,,,,,,,,,,,,,,,,,,,
HolographicScreenshot25,424,Relative path (or URL to file in Partner Center),,,,,,,,,,,,,,,,,,,,,,,,,,,,,,,,,,,,,,,,,,,,,,,,,,,,,,,,,,,,,,,,
HolographicScreenshot26,425,Relative path (or URL to file in Partner Center),,,,,,,,,,,,,,,,,,,,,,,,,,,,,,,,,,,,,,,,,,,,,,,,,,,,,,,,,,,,,,,,
HolographicScreenshot27,426,Relative path (or URL to file in Partner Center),,,,,,,,,,,,,,,,,,,,,,,,,,,,,,,,,,,,,,,,,,,,,,,,,,,,,,,,,,,,,,,,
HolographicScreenshot28,427,Relative path (or URL to file in Partner Center),,,,,,,,,,,,,,,,,,,,,,,,,,,,,,,,,,,,,,,,,,,,,,,,,,,,,,,,,,,,,,,,
HolographicScreenshot29,428,Relative path (or URL to file in Partner Center),,,,,,,,,,,,,,,,,,,,,,,,,,,,,,,,,,,,,,,,,,,,,,,,,,,,,,,,,,,,,,,,
HolographicScreenshot30,429,Relative path (or URL to file in Partner Center),,,,,,,,,,,,,,,,,,,,,,,,,,,,,,,,,,,,,,,,,,,,,,,,,,,,,,,,,,,,,,,,
HolographicScreenshotCaption1,450,Text,,,,,,,,,,,,,,,,,,,,,,,,,,,,,,,,,,,,,,,,,,,,,,,,,,,,,,,,,,,,,,,,
HolographicScreenshotCaption2,451,Text,,,,,,,,,,,,,,,,,,,,,,,,,,,,,,,,,,,,,,,,,,,,,,,,,,,,,,,,,,,,,,,,
HolographicScreenshotCaption3,452,Text,,,,,,,,,,,,,,,,,,,,,,,,,,,,,,,,,,,,,,,,,,,,,,,,,,,,,,,,,,,,,,,,
HolographicScreenshotCaption4,453,Text,,,,,,,,,,,,,,,,,,,,,,,,,,,,,,,,,,,,,,,,,,,,,,,,,,,,,,,,,,,,,,,,
HolographicScreenshotCaption5,454,Text,,,,,,,,,,,,,,,,,,,,,,,,,,,,,,,,,,,,,,,,,,,,,,,,,,,,,,,,,,,,,,,,
HolographicScreenshotCaption6,455,Text,,,,,,,,,,,,,,,,,,,,,,,,,,,,,,,,,,,,,,,,,,,,,,,,,,,,,,,,,,,,,,,,
HolographicScreenshotCaption7,456,Text,,,,,,,,,,,,,,,,,,,,,,,,,,,,,,,,,,,,,,,,,,,,,,,,,,,,,,,,,,,,,,,,
HolographicScreenshotCaption8,457,Text,,,,,,,,,,,,,,,,,,,,,,,,,,,,,,,,,,,,,,,,,,,,,,,,,,,,,,,,,,,,,,,,
HolographicScreenshotCaption9,458,Text,,,,,,,,,,,,,,,,,,,,,,,,,,,,,,,,,,,,,,,,,,,,,,,,,,,,,,,,,,,,,,,,
HolographicScreenshotCaption10,459,Text,,,,,,,,,,,,,,,,,,,,,,,,,,,,,,,,,,,,,,,,,,,,,,,,,,,,,,,,,,,,,,,,
HolographicScreenshotCaption11,460,Text,,,,,,,,,,,,,,,,,,,,,,,,,,,,,,,,,,,,,,,,,,,,,,,,,,,,,,,,,,,,,,,,
HolographicScreenshotCaption12,461,Text,,,,,,,,,,,,,,,,,,,,,,,,,,,,,,,,,,,,,,,,,,,,,,,,,,,,,,,,,,,,,,,,
HolographicScreenshotCaption13,462,Text,,,,,,,,,,,,,,,,,,,,,,,,,,,,,,,,,,,,,,,,,,,,,,,,,,,,,,,,,,,,,,,,
HolographicScreenshotCaption14,463,Text,,,,,,,,,,,,,,,,,,,,,,,,,,,,,,,,,,,,,,,,,,,,,,,,,,,,,,,,,,,,,,,,
HolographicScreenshotCaption15,464,Text,,,,,,,,,,,,,,,,,,,,,,,,,,,,,,,,,,,,,,,,,,,,,,,,,,,,,,,,,,,,,,,,
HolographicScreenshotCaption16,465,Text,,,,,,,,,,,,,,,,,,,,,,,,,,,,,,,,,,,,,,,,,,,,,,,,,,,,,,,,,,,,,,,,
HolographicScreenshotCaption17,466,Text,,,,,,,,,,,,,,,,,,,,,,,,,,,,,,,,,,,,,,,,,,,,,,,,,,,,,,,,,,,,,,,,
HolographicScreenshotCaption18,467,Text,,,,,,,,,,,,,,,,,,,,,,,,,,,,,,,,,,,,,,,,,,,,,,,,,,,,,,,,,,,,,,,,
HolographicScreenshotCaption19,468,Text,,,,,,,,,,,,,,,,,,,,,,,,,,,,,,,,,,,,,,,,,,,,,,,,,,,,,,,,,,,,,,,,
HolographicScreenshotCaption20,469,Text,,,,,,,,,,,,,,,,,,,,,,,,,,,,,,,,,,,,,,,,,,,,,,,,,,,,,,,,,,,,,,,,
HolographicScreenshotCaption21,470,Text,,,,,,,,,,,,,,,,,,,,,,,,,,,,,,,,,,,,,,,,,,,,,,,,,,,,,,,,,,,,,,,,
HolographicScreenshotCaption22,471,Text,,,,,,,,,,,,,,,,,,,,,,,,,,,,,,,,,,,,,,,,,,,,,,,,,,,,,,,,,,,,,,,,
HolographicScreenshotCaption23,472,Text,,,,,,,,,,,,,,,,,,,,,,,,,,,,,,,,,,,,,,,,,,,,,,,,,,,,,,,,,,,,,,,,
HolographicScreenshotCaption24,473,Text,,,,,,,,,,,,,,,,,,,,,,,,,,,,,,,,,,,,,,,,,,,,,,,,,,,,,,,,,,,,,,,,
HolographicScreenshotCaption25,474,Text,,,,,,,,,,,,,,,,,,,,,,,,,,,,,,,,,,,,,,,,,,,,,,,,,,,,,,,,,,,,,,,,
HolographicScreenshotCaption26,475,Text,,,,,,,,,,,,,,,,,,,,,,,,,,,,,,,,,,,,,,,,,,,,,,,,,,,,,,,,,,,,,,,,
HolographicScreenshotCaption27,476,Text,,,,,,,,,,,,,,,,,,,,,,,,,,,,,,,,,,,,,,,,,,,,,,,,,,,,,,,,,,,,,,,,
HolographicScreenshotCaption28,477,Text,,,,,,,,,,,,,,,,,,,,,,,,,,,,,,,,,,,,,,,,,,,,,,,,,,,,,,,,,,,,,,,,
HolographicScreenshotCaption29,478,Text,,,,,,,,,,,,,,,,,,,,,,,,,,,,,,,,,,,,,,,,,,,,,,,,,,,,,,,,,,,,,,,,
HolographicScreenshotCaption30,479,Text,,,,,,,,,,,,,,,,,,,,,,,,,,,,,,,,,,,,,,,,,,,,,,,,,,,,,,,,,,,,,,,,
SurfaceHubScreenshot11,510,Relative path (or URL to file in Partner Center),,,,,,,,,,,,,,,,,,,,,,,,,,,,,,,,,,,,,,,,,,,,,,,,,,,,,,,,,,,,,,,,
SurfaceHubScreenshot12,511,Relative path (or URL to file in Partner Center),,,,,,,,,,,,,,,,,,,,,,,,,,,,,,,,,,,,,,,,,,,,,,,,,,,,,,,,,,,,,,,,
SurfaceHubScreenshot13,512,Relative path (or URL to file in Partner Center),,,,,,,,,,,,,,,,,,,,,,,,,,,,,,,,,,,,,,,,,,,,,,,,,,,,,,,,,,,,,,,,
SurfaceHubScreenshot14,513,Relative path (or URL to file in Partner Center),,,,,,,,,,,,,,,,,,,,,,,,,,,,,,,,,,,,,,,,,,,,,,,,,,,,,,,,,,,,,,,,
SurfaceHubScreenshot15,514,Relative path (or URL to file in Partner Center),,,,,,,,,,,,,,,,,,,,,,,,,,,,,,,,,,,,,,,,,,,,,,,,,,,,,,,,,,,,,,,,
SurfaceHubScreenshot16,515,Relative path (or URL to file in Partner Center),,,,,,,,,,,,,,,,,,,,,,,,,,,,,,,,,,,,,,,,,,,,,,,,,,,,,,,,,,,,,,,,
SurfaceHubScreenshot17,516,Relative path (or URL to file in Partner Center),,,,,,,,,,,,,,,,,,,,,,,,,,,,,,,,,,,,,,,,,,,,,,,,,,,,,,,,,,,,,,,,
SurfaceHubScreenshot18,517,Relative path (or URL to file in Partner Center),,,,,,,,,,,,,,,,,,,,,,,,,,,,,,,,,,,,,,,,,,,,,,,,,,,,,,,,,,,,,,,,
SurfaceHubScreenshot19,518,Relative path (or URL to file in Partner Center),,,,,,,,,,,,,,,,,,,,,,,,,,,,,,,,,,,,,,,,,,,,,,,,,,,,,,,,,,,,,,,,
SurfaceHubScreenshot20,519,Relative path (or URL to file in Partner Center),,,,,,,,,,,,,,,,,,,,,,,,,,,,,,,,,,,,,,,,,,,,,,,,,,,,,,,,,,,,,,,,
SurfaceHubScreenshot21,520,Relative path (or URL to file in Partner Center),,,,,,,,,,,,,,,,,,,,,,,,,,,,,,,,,,,,,,,,,,,,,,,,,,,,,,,,,,,,,,,,
SurfaceHubScreenshot22,521,Relative path (or URL to file in Partner Center),,,,,,,,,,,,,,,,,,,,,,,,,,,,,,,,,,,,,,,,,,,,,,,,,,,,,,,,,,,,,,,,
SurfaceHubScreenshot23,522,Relative path (or URL to file in Partner Center),,,,,,,,,,,,,,,,,,,,,,,,,,,,,,,,,,,,,,,,,,,,,,,,,,,,,,,,,,,,,,,,
SurfaceHubScreenshot24,523,Relative path (or URL to file in Partner Center),,,,,,,,,,,,,,,,,,,,,,,,,,,,,,,,,,,,,,,,,,,,,,,,,,,,,,,,,,,,,,,,
SurfaceHubScreenshot25,524,Relative path (or URL to file in Partner Center),,,,,,,,,,,,,,,,,,,,,,,,,,,,,,,,,,,,,,,,,,,,,,,,,,,,,,,,,,,,,,,,
SurfaceHubScreenshot26,525,Relative path (or URL to file in Partner Center),,,,,,,,,,,,,,,,,,,,,,,,,,,,,,,,,,,,,,,,,,,,,,,,,,,,,,,,,,,,,,,,
SurfaceHubScreenshot27,526,Relative path (or URL to file in Partner Center),,,,,,,,,,,,,,,,,,,,,,,,,,,,,,,,,,,,,,,,,,,,,,,,,,,,,,,,,,,,,,,,
SurfaceHubScreenshot28,527,Relative path (or URL to file in Partner Center),,,,,,,,,,,,,,,,,,,,,,,,,,,,,,,,,,,,,,,,,,,,,,,,,,,,,,,,,,,,,,,,
SurfaceHubScreenshot29,528,Relative path (or URL to file in Partner Center),,,,,,,,,,,,,,,,,,,,,,,,,,,,,,,,,,,,,,,,,,,,,,,,,,,,,,,,,,,,,,,,
SurfaceHubScreenshot30,529,Relative path (or URL to file in Partner Center),,,,,,,,,,,,,,,,,,,,,,,,,,,,,,,,,,,,,,,,,,,,,,,,,,,,,,,,,,,,,,,,
SurfaceHubScreenshotCaption11,560,Text,,,,,,,,,,,,,,,,,,,,,,,,,,,,,,,,,,,,,,,,,,,,,,,,,,,,,,,,,,,,,,,,
SurfaceHubScreenshotCaption12,561,Text,,,,,,,,,,,,,,,,,,,,,,,,,,,,,,,,,,,,,,,,,,,,,,,,,,,,,,,,,,,,,,,,
SurfaceHubScreenshotCaption13,562,Text,,,,,,,,,,,,,,,,,,,,,,,,,,,,,,,,,,,,,,,,,,,,,,,,,,,,,,,,,,,,,,,,
SurfaceHubScreenshotCaption14,563,Text,,,,,,,,,,,,,,,,,,,,,,,,,,,,,,,,,,,,,,,,,,,,,,,,,,,,,,,,,,,,,,,,
SurfaceHubScreenshotCaption15,564,Text,,,,,,,,,,,,,,,,,,,,,,,,,,,,,,,,,,,,,,,,,,,,,,,,,,,,,,,,,,,,,,,,
SurfaceHubScreenshotCaption16,565,Text,,,,,,,,,,,,,,,,,,,,,,,,,,,,,,,,,,,,,,,,,,,,,,,,,,,,,,,,,,,,,,,,
SurfaceHubScreenshotCaption17,566,Text,,,,,,,,,,,,,,,,,,,,,,,,,,,,,,,,,,,,,,,,,,,,,,,,,,,,,,,,,,,,,,,,
SurfaceHubScreenshotCaption18,567,Text,,,,,,,,,,,,,,,,,,,,,,,,,,,,,,,,,,,,,,,,,,,,,,,,,,,,,,,,,,,,,,,,
SurfaceHubScreenshotCaption19,568,Text,,,,,,,,,,,,,,,,,,,,,,,,,,,,,,,,,,,,,,,,,,,,,,,,,,,,,,,,,,,,,,,,
SurfaceHubScreenshotCaption20,569,Text,,,,,,,,,,,,,,,,,,,,,,,,,,,,,,,,,,,,,,,,,,,,,,,,,,,,,,,,,,,,,,,,
SurfaceHubScreenshotCaption21,570,Text,,,,,,,,,,,,,,,,,,,,,,,,,,,,,,,,,,,,,,,,,,,,,,,,,,,,,,,,,,,,,,,,
SurfaceHubScreenshotCaption22,571,Text,,,,,,,,,,,,,,,,,,,,,,,,,,,,,,,,,,,,,,,,,,,,,,,,,,,,,,,,,,,,,,,,
SurfaceHubScreenshotCaption23,572,Text,,,,,,,,,,,,,,,,,,,,,,,,,,,,,,,,,,,,,,,,,,,,,,,,,,,,,,,,,,,,,,,,
SurfaceHubScreenshotCaption24,573,Text,,,,,,,,,,,,,,,,,,,,,,,,,,,,,,,,,,,,,,,,,,,,,,,,,,,,,,,,,,,,,,,,
SurfaceHubScreenshotCaption25,574,Text,,,,,,,,,,,,,,,,,,,,,,,,,,,,,,,,,,,,,,,,,,,,,,,,,,,,,,,,,,,,,,,,
SurfaceHubScreenshotCaption26,575,Text,,,,,,,,,,,,,,,,,,,,,,,,,,,,,,,,,,,,,,,,,,,,,,,,,,,,,,,,,,,,,,,,
SurfaceHubScreenshotCaption27,576,Text,,,,,,,,,,,,,,,,,,,,,,,,,,,,,,,,,,,,,,,,,,,,,,,,,,,,,,,,,,,,,,,,
SurfaceHubScreenshotCaption28,577,Text,,,,,,,,,,,,,,,,,,,,,,,,,,,,,,,,,,,,,,,,,,,,,,,,,,,,,,,,,,,,,,,,
SurfaceHubScreenshotCaption29,578,Text,,,,,,,,,,,,,,,,,,,,,,,,,,,,,,,,,,,,,,,,,,,,,,,,,,,,,,,,,,,,,,,,
SurfaceHubScreenshotCaption30,579,Text,,,,,,,,,,,,,,,,,,,,,,,,,,,,,,,,,,,,,,,,,,,,,,,,,,,,,,,,,,,,,,,,
StoreLogo720x1080,600,Relative path (or URL to file in Partner Center),,https://developer.microsoft.com/en-us/dashboard/apps/9WZDNCRDPZNH/submissions/1152921505701756398/listings/1152921504649329823/listingassets/3066345294734663427,https://developer.microsoft.com/en-us/dashboard/apps/9WZDNCRDPZNH/submissions/1152921505701756398/listings/1152922700027044575/listingassets/3041958436305278285,https://developer.microsoft.com/en-us/dashboard/apps/9WZDNCRDPZNH/submissions/1152921505701756398/listings/1152922700027044656/listingassets/3041958436305278285,https://developer.microsoft.com/en-us/dashboard/apps/9WZDNCRDPZNH/submissions/1152921505701756398/listings/1152922700027044707/listingassets/3041958436305278285,https://developer.microsoft.com/en-us/dashboard/apps/9WZDNCRDPZNH/submissions/1152921505701756398/listings/1152922700027044701/listingassets/3041958436305278285,https://developer.microsoft.com/en-us/dashboard/apps/9WZDNCRDPZNH/submissions/1152921505701756398/listings/1152922700027044736/listingassets/3041958436305278285,https://developer.microsoft.com/en-us/dashboard/apps/9WZDNCRDPZNH/submissions/1152921505701756398/listings/1152922700027044748/listingassets/3041958436305278285,https://developer.microsoft.com/en-us/dashboard/apps/9WZDNCRDPZNH/submissions/1152921505701756398/listings/1152922700027044796/listingassets/3041958436305278285,https://developer.microsoft.com/en-us/dashboard/apps/9WZDNCRDPZNH/submissions/1152921505701756398/listings/1152922700027044530/listingassets/3041958436305278285,https://developer.microsoft.com/en-us/dashboard/apps/9WZDNCRDPZNH/submissions/1152921505701756398/listings/1152922700027044784/listingassets/3041958436305278285,https://developer.microsoft.com/en-us/dashboard/apps/9WZDNCRDPZNH/submissions/1152921505701756398/listings/1152922700027044815/listingassets/3041958436305278285,https://developer.microsoft.com/en-us/dashboard/apps/9WZDNCRDPZNH/submissions/1152921505701756398/listings/1152922700027044620/listingassets/3041958436305278285,https://developer.microsoft.com/en-us/dashboard/apps/9WZDNCRDPZNH/submissions/1152921505701756398/listings/1152922700027044643/listingassets/3041958436305278285,https://developer.microsoft.com/en-us/dashboard/apps/9WZDNCRDPZNH/submissions/1152921505701756398/listings/1152922700027044857/listingassets/3041958436305278285,https://developer.microsoft.com/en-us/dashboard/apps/9WZDNCRDPZNH/submissions/1152921505701756398/listings/1152922700027044893/listingassets/3041958436305278285,https://developer.microsoft.com/en-us/dashboard/apps/9WZDNCRDPZNH/submissions/1152921505701756398/listings/1152922700027044553/listingassets/3041958436305278285,https://developer.microsoft.com/en-us/dashboard/apps/9WZDNCRDPZNH/submissions/1152921505701756398/listings/1152922700027044950/listingassets/3041958436305278285,https://developer.microsoft.com/en-us/dashboard/apps/9WZDNCRDPZNH/submissions/1152921505701756398/listings/1152922700027044974/listingassets/3041958436305278285,https://developer.microsoft.com/en-us/dashboard/apps/9WZDNCRDPZNH/submissions/1152921505701756398/listings/1152922700027044993/listingassets/3041958436305278285,https://developer.microsoft.com/en-us/dashboard/apps/9WZDNCRDPZNH/submissions/1152921505701756398/listings/1152922700027045018/listingassets/3041958436305278285,https://developer.microsoft.com/en-us/dashboard/apps/9WZDNCRDPZNH/submissions/1152921505701756398/listings/1152922700027044875/listingassets/3041958436305278285,https://developer.microsoft.com/en-us/dashboard/apps/9WZDNCRDPZNH/submissions/1152921505701756398/listings/1152922700027045042/listingassets/3041958436305278285,https://developer.microsoft.com/en-us/dashboard/apps/9WZDNCRDPZNH/submissions/1152921505701756398/listings/1152922700027045064/listingassets/3041958436305278285,https://developer.microsoft.com/en-us/dashboard/apps/9WZDNCRDPZNH/submissions/1152921505701756398/listings/1152922700027045077/listingassets/3041958436305278285,https://developer.microsoft.com/en-us/dashboard/apps/9WZDNCRDPZNH/submissions/1152921505701756398/listings/1152922700027045112/listingassets/3041958436305278285,https://developer.microsoft.com/en-us/dashboard/apps/9WZDNCRDPZNH/submissions/1152921505701756398/listings/1152922700027045132/listingassets/3041958436305278285,https://developer.microsoft.com/en-us/dashboard/apps/9WZDNCRDPZNH/submissions/1152921505701756398/listings/1152922700027045183/listingassets/3041958436305278285,https://developer.microsoft.com/en-us/dashboard/apps/9WZDNCRDPZNH/submissions/1152921505701756398/listings/1152922700027045192/listingassets/3041958436305278285,https://developer.microsoft.com/en-us/dashboard/apps/9WZDNCRDPZNH/submissions/1152921505701756398/listings/1152922700027045155/listingassets/3041958436305278285,https://developer.microsoft.com/en-us/dashboard/apps/9WZDNCRDPZNH/submissions/1152921505701756398/listings/1152922700027045209/listingassets/3041958436305278285,https://developer.microsoft.com/en-us/dashboard/apps/9WZDNCRDPZNH/submissions/1152921505701756398/listings/1152922700027044932/listingassets/3041958436305278285,https://developer.microsoft.com/en-us/dashboard/apps/9WZDNCRDPZNH/submissions/1152921505701756398/listings/1152922700027045270/listingassets/3041958436305278285,https://developer.microsoft.com/en-us/dashboard/apps/9WZDNCRDPZNH/submissions/1152921505701756398/listings/1152922700027045239/listingassets/3041958436305278285,https://developer.microsoft.com/en-us/dashboard/apps/9WZDNCRDPZNH/submissions/1152921505701756398/listings/1152922700027045348/listingassets/3041958436305278285,https://developer.microsoft.com/en-us/dashboard/apps/9WZDNCRDPZNH/submissions/1152921505701756398/listings/1152922700027045373/listingassets/3041958436305278285,https://developer.microsoft.com/en-us/dashboard/apps/9WZDNCRDPZNH/submissions/1152921505701756398/listings/1152922700027045335/listingassets/3041958436305278285,https://developer.microsoft.com/en-us/dashboard/apps/9WZDNCRDPZNH/submissions/1152921505701756398/listings/1152922700027045404/listingassets/3041958436305278285,https://developer.microsoft.com/en-us/dashboard/apps/9WZDNCRDPZNH/submissions/1152921505701756398/listings/1152922700027045459/listingassets/3041958436305278285,https://developer.microsoft.com/en-us/dashboard/apps/9WZDNCRDPZNH/submissions/1152921505701756398/listings/1152922700027045451/listingassets/3041958436305278285,https://developer.microsoft.com/en-us/dashboard/apps/9WZDNCRDPZNH/submissions/1152921505701756398/listings/1152922700027045496/listingassets/3041958436305278285,https://developer.microsoft.com/en-us/dashboard/apps/9WZDNCRDPZNH/submissions/1152921505701756398/listings/1152922700027045528/listingassets/3041958436305278285,https://developer.microsoft.com/en-us/dashboard/apps/9WZDNCRDPZNH/submissions/1152921505701756398/listings/1152922700027045550/listingassets/3041958436305278285,https://developer.microsoft.com/en-us/dashboard/apps/9WZDNCRDPZNH/submissions/1152921505701756398/listings/1152922700027045292/listingassets/3041958436305278285,https://developer.microsoft.com/en-us/dashboard/apps/9WZDNCRDPZNH/submissions/1152921505701756398/listings/1152922700027045572/listingassets/3041958436305278285,https://developer.microsoft.com/en-us/dashboard/apps/9WZDNCRDPZNH/submissions/1152921505701756398/listings/1152922700027045580/listingassets/3041958436305278285,https://developer.microsoft.com/en-us/dashboard/apps/9WZDNCRDPZNH/submissions/1152921505701756398/listings/1152922700027045603/listingassets/3041958436305278285,https://developer.microsoft.com/en-us/dashboard/apps/9WZDNCRDPZNH/submissions/1152921505701756398/listings/1152922700027045655/listingassets/3041958436305278285,https://developer.microsoft.com/en-us/dashboard/apps/9WZDNCRDPZNH/submissions/1152921505701756398/listings/1152922700027045705/listingassets/3041958436305278285,https://developer.microsoft.com/en-us/dashboard/apps/9WZDNCRDPZNH/submissions/1152921505701756398/listings/1152922700027044453/listingassets/3041958436305278285,https://developer.microsoft.com/en-us/dashboard/apps/9WZDNCRDPZNH/submissions/1152921505701756398/listings/1152922700027045732/listingassets/3041958436305278285,https://developer.microsoft.com/en-us/dashboard/apps/9WZDNCRDPZNH/submissions/1152921505701756398/listings/1152922700027045686/listingassets/3041958436305278285,https://developer.microsoft.com/en-us/dashboard/apps/9WZDNCRDPZNH/submissions/1152921505701756398/listings/1152922700027045795/listingassets/3041958436305278285,https://developer.microsoft.com/en-us/dashboard/apps/9WZDNCRDPZNH/submissions/1152921505701756398/listings/1152922700027045749/listingassets/3041958436305278285,https://developer.microsoft.com/en-us/dashboard/apps/9WZDNCRDPZNH/submissions/1152921505701756398/listings/1152922700027045876/listingassets/3041958436305278285,https://developer.microsoft.com/en-us/dashboard/apps/9WZDNCRDPZNH/submissions/1152921505701756398/listings/1152922700027045890/listingassets/3041958436305278285,https://developer.microsoft.com/en-us/dashboard/apps/9WZDNCRDPZNH/submissions/1152921505701756398/listings/1152922700027045821/listingassets/3041958436305278285,https://developer.microsoft.com/en-us/dashboard/apps/9WZDNCRDPZNH/submissions/1152921505701756398/listings/1152922700027045846/listingassets/3041958436305278285,https://developer.microsoft.com/en-us/dashboard/apps/9WZDNCRDPZNH/submissions/1152921505701756398/listings/1152922700027045912/listingassets/3041958436305278285,https://developer.microsoft.com/en-us/dashboard/apps/9WZDNCRDPZNH/submissions/1152921505701756398/listings/1152922700027045999/listingassets/3041958436305278285,https://developer.microsoft.com/en-us/dashboard/apps/9WZDNCRDPZNH/submissions/1152921505701756398/listings/1152922700027045991/listingassets/3041958436305278285,https://developer.microsoft.com/en-us/dashboard/apps/9WZDNCRDPZNH/submissions/1152921505701756398/listings/1152922700027045958/listingassets/3041958436305278285,https://developer.microsoft.com/en-us/dashboard/apps/9WZDNCRDPZNH/submissions/1152921505701756398/listings/1152922700027046020/listingassets/3041958436305278285,https://developer.microsoft.com/en-us/dashboard/apps/9WZDNCRDPZNH/submissions/1152921505701756398/listings/1152922700027046067/listingassets/3041958436305278285
StoreLogo1080x1080,601,Relative path (or URL to file in Partner Center),,https://developer.microsoft.com/en-us/dashboard/apps/9WZDNCRDPZNH/submissions/1152921505701756398/listings/1152921504649329823/listingassets/3022233389205467111,https://developer.microsoft.com/en-us/dashboard/apps/9WZDNCRDPZNH/submissions/1152921505701756398/listings/1152922700027044575/listingassets/3047586330873982847,https://developer.microsoft.com/en-us/dashboard/apps/9WZDNCRDPZNH/submissions/1152921505701756398/listings/1152922700027044656/listingassets/3047586330873982847,https://developer.microsoft.com/en-us/dashboard/apps/9WZDNCRDPZNH/submissions/1152921505701756398/listings/1152922700027044707/listingassets/3047586330873982847,https://developer.microsoft.com/en-us/dashboard/apps/9WZDNCRDPZNH/submissions/1152921505701756398/listings/1152922700027044701/listingassets/3047586330873982847,https://developer.microsoft.com/en-us/dashboard/apps/9WZDNCRDPZNH/submissions/1152921505701756398/listings/1152922700027044736/listingassets/3047586330873982847,https://developer.microsoft.com/en-us/dashboard/apps/9WZDNCRDPZNH/submissions/1152921505701756398/listings/1152922700027044748/listingassets/3047586330873982847,https://developer.microsoft.com/en-us/dashboard/apps/9WZDNCRDPZNH/submissions/1152921505701756398/listings/1152922700027044796/listingassets/3047586330873982847,https://developer.microsoft.com/en-us/dashboard/apps/9WZDNCRDPZNH/submissions/1152921505701756398/listings/1152922700027044530/listingassets/3047586330873982847,https://developer.microsoft.com/en-us/dashboard/apps/9WZDNCRDPZNH/submissions/1152921505701756398/listings/1152922700027044784/listingassets/3047586330873982847,https://developer.microsoft.com/en-us/dashboard/apps/9WZDNCRDPZNH/submissions/1152921505701756398/listings/1152922700027044815/listingassets/3047586330873982847,https://developer.microsoft.com/en-us/dashboard/apps/9WZDNCRDPZNH/submissions/1152921505701756398/listings/1152922700027044620/listingassets/3047586330873982847,https://developer.microsoft.com/en-us/dashboard/apps/9WZDNCRDPZNH/submissions/1152921505701756398/listings/1152922700027044643/listingassets/3047586330873982847,https://developer.microsoft.com/en-us/dashboard/apps/9WZDNCRDPZNH/submissions/1152921505701756398/listings/1152922700027044857/listingassets/3047586330873982847,https://developer.microsoft.com/en-us/dashboard/apps/9WZDNCRDPZNH/submissions/1152921505701756398/listings/1152922700027044893/listingassets/3047586330873982847,https://developer.microsoft.com/en-us/dashboard/apps/9WZDNCRDPZNH/submissions/1152921505701756398/listings/1152922700027044553/listingassets/3047586330873982847,https://developer.microsoft.com/en-us/dashboard/apps/9WZDNCRDPZNH/submissions/1152921505701756398/listings/1152922700027044950/listingassets/3047586330873982847,https://developer.microsoft.com/en-us/dashboard/apps/9WZDNCRDPZNH/submissions/1152921505701756398/listings/1152922700027044974/listingassets/3047586330873982847,https://developer.microsoft.com/en-us/dashboard/apps/9WZDNCRDPZNH/submissions/1152921505701756398/listings/1152922700027044993/listingassets/3047586330873982847,https://developer.microsoft.com/en-us/dashboard/apps/9WZDNCRDPZNH/submissions/1152921505701756398/listings/1152922700027045018/listingassets/3047586330873982847,https://developer.microsoft.com/en-us/dashboard/apps/9WZDNCRDPZNH/submissions/1152921505701756398/listings/1152922700027044875/listingassets/3047586330873982847,https://developer.microsoft.com/en-us/dashboard/apps/9WZDNCRDPZNH/submissions/1152921505701756398/listings/1152922700027045042/listingassets/3047586330873982847,https://developer.microsoft.com/en-us/dashboard/apps/9WZDNCRDPZNH/submissions/1152921505701756398/listings/1152922700027045064/listingassets/3047586330873982847,https://developer.microsoft.com/en-us/dashboard/apps/9WZDNCRDPZNH/submissions/1152921505701756398/listings/1152922700027045077/listingassets/3047586330873982847,https://developer.microsoft.com/en-us/dashboard/apps/9WZDNCRDPZNH/submissions/1152921505701756398/listings/1152922700027045112/listingassets/3047586330873982847,https://developer.microsoft.com/en-us/dashboard/apps/9WZDNCRDPZNH/submissions/1152921505701756398/listings/1152922700027045132/listingassets/3047586330873982847,https://developer.microsoft.com/en-us/dashboard/apps/9WZDNCRDPZNH/submissions/1152921505701756398/listings/1152922700027045183/listingassets/3047586330873982847,https://developer.microsoft.com/en-us/dashboard/apps/9WZDNCRDPZNH/submissions/1152921505701756398/listings/1152922700027045192/listingassets/3047586330873982847,https://developer.microsoft.com/en-us/dashboard/apps/9WZDNCRDPZNH/submissions/1152921505701756398/listings/1152922700027045155/listingassets/3047586330873982847,https://developer.microsoft.com/en-us/dashboard/apps/9WZDNCRDPZNH/submissions/1152921505701756398/listings/1152922700027045209/listingassets/3047586330873982847,https://developer.microsoft.com/en-us/dashboard/apps/9WZDNCRDPZNH/submissions/1152921505701756398/listings/1152922700027044932/listingassets/3047586330873982847,https://developer.microsoft.com/en-us/dashboard/apps/9WZDNCRDPZNH/submissions/1152921505701756398/listings/1152922700027045270/listingassets/3047586330873982847,https://developer.microsoft.com/en-us/dashboard/apps/9WZDNCRDPZNH/submissions/1152921505701756398/listings/1152922700027045239/listingassets/3047586330873982847,https://developer.microsoft.com/en-us/dashboard/apps/9WZDNCRDPZNH/submissions/1152921505701756398/listings/1152922700027045348/listingassets/3047586330873982847,https://developer.microsoft.com/en-us/dashboard/apps/9WZDNCRDPZNH/submissions/1152921505701756398/listings/1152922700027045373/listingassets/3047586330873982847,https://developer.microsoft.com/en-us/dashboard/apps/9WZDNCRDPZNH/submissions/1152921505701756398/listings/1152922700027045335/listingassets/3047586330873982847,https://developer.microsoft.com/en-us/dashboard/apps/9WZDNCRDPZNH/submissions/1152921505701756398/listings/1152922700027045404/listingassets/3047586330873982847,https://developer.microsoft.com/en-us/dashboard/apps/9WZDNCRDPZNH/submissions/1152921505701756398/listings/1152922700027045459/listingassets/3047586330873982847,https://developer.microsoft.com/en-us/dashboard/apps/9WZDNCRDPZNH/submissions/1152921505701756398/listings/1152922700027045451/listingassets/3047586330873982847,https://developer.microsoft.com/en-us/dashboard/apps/9WZDNCRDPZNH/submissions/1152921505701756398/listings/1152922700027045496/listingassets/3047586330873982847,https://developer.microsoft.com/en-us/dashboard/apps/9WZDNCRDPZNH/submissions/1152921505701756398/listings/1152922700027045528/listingassets/3047586330873982847,https://developer.microsoft.com/en-us/dashboard/apps/9WZDNCRDPZNH/submissions/1152921505701756398/listings/1152922700027045550/listingassets/3047586330873982847,https://developer.microsoft.com/en-us/dashboard/apps/9WZDNCRDPZNH/submissions/1152921505701756398/listings/1152922700027045292/listingassets/3047586330873982847,https://developer.microsoft.com/en-us/dashboard/apps/9WZDNCRDPZNH/submissions/1152921505701756398/listings/1152922700027045572/listingassets/3047586330873982847,https://developer.microsoft.com/en-us/dashboard/apps/9WZDNCRDPZNH/submissions/1152921505701756398/listings/1152922700027045580/listingassets/3047586330873982847,https://developer.microsoft.com/en-us/dashboard/apps/9WZDNCRDPZNH/submissions/1152921505701756398/listings/1152922700027045603/listingassets/3047586330873982847,https://developer.microsoft.com/en-us/dashboard/apps/9WZDNCRDPZNH/submissions/1152921505701756398/listings/1152922700027045655/listingassets/3047586330873982847,https://developer.microsoft.com/en-us/dashboard/apps/9WZDNCRDPZNH/submissions/1152921505701756398/listings/1152922700027045705/listingassets/3047586330873982847,https://developer.microsoft.com/en-us/dashboard/apps/9WZDNCRDPZNH/submissions/1152921505701756398/listings/1152922700027044453/listingassets/3047586330873982847,https://developer.microsoft.com/en-us/dashboard/apps/9WZDNCRDPZNH/submissions/1152921505701756398/listings/1152922700027045732/listingassets/3047586330873982847,https://developer.microsoft.com/en-us/dashboard/apps/9WZDNCRDPZNH/submissions/1152921505701756398/listings/1152922700027045686/listingassets/3047586330873982847,https://developer.microsoft.com/en-us/dashboard/apps/9WZDNCRDPZNH/submissions/1152921505701756398/listings/1152922700027045795/listingassets/3047586330873982847,https://developer.microsoft.com/en-us/dashboard/apps/9WZDNCRDPZNH/submissions/1152921505701756398/listings/1152922700027045749/listingassets/3047586330873982847,https://developer.microsoft.com/en-us/dashboard/apps/9WZDNCRDPZNH/submissions/1152921505701756398/listings/1152922700027045876/listingassets/3047586330873982847,https://developer.microsoft.com/en-us/dashboard/apps/9WZDNCRDPZNH/submissions/1152921505701756398/listings/1152922700027045890/listingassets/3047586330873982847,https://developer.microsoft.com/en-us/dashboard/apps/9WZDNCRDPZNH/submissions/1152921505701756398/listings/1152922700027045821/listingassets/3047586330873982847,https://developer.microsoft.com/en-us/dashboard/apps/9WZDNCRDPZNH/submissions/1152921505701756398/listings/1152922700027045846/listingassets/3047586330873982847,https://developer.microsoft.com/en-us/dashboard/apps/9WZDNCRDPZNH/submissions/1152921505701756398/listings/1152922700027045912/listingassets/3047586330873982847,https://developer.microsoft.com/en-us/dashboard/apps/9WZDNCRDPZNH/submissions/1152921505701756398/listings/1152922700027045999/listingassets/3047586330873982847,https://developer.microsoft.com/en-us/dashboard/apps/9WZDNCRDPZNH/submissions/1152921505701756398/listings/1152922700027045991/listingassets/3047586330873982847,https://developer.microsoft.com/en-us/dashboard/apps/9WZDNCRDPZNH/submissions/1152921505701756398/listings/1152922700027045958/listingassets/3047586330873982847,https://developer.microsoft.com/en-us/dashboard/apps/9WZDNCRDPZNH/submissions/1152921505701756398/listings/1152922700027046020/listingassets/3047586330873982847,https://developer.microsoft.com/en-us/dashboard/apps/9WZDNCRDPZNH/submissions/1152921505701756398/listings/1152922700027046067/listingassets/3047586330873982847
StoreLogo300x300,602,Relative path (or URL to file in Partner Center),,https://developer.microsoft.com/en-us/dashboard/apps/9WZDNCRDPZNH/submissions/1152921505701756398/listings/1152921504649329823/listingassets/1152921504614296942,https://developer.microsoft.com/en-us/dashboard/apps/9WZDNCRDPZNH/submissions/1152921505701756398/listings/1152922700027044575/listingassets/1152921504614296942,https://developer.microsoft.com/en-us/dashboard/apps/9WZDNCRDPZNH/submissions/1152921505701756398/listings/1152922700027044656/listingassets/1152921504614296942,https://developer.microsoft.com/en-us/dashboard/apps/9WZDNCRDPZNH/submissions/1152921505701756398/listings/1152922700027044707/listingassets/1152921504614296942,https://developer.microsoft.com/en-us/dashboard/apps/9WZDNCRDPZNH/submissions/1152921505701756398/listings/1152922700027044701/listingassets/1152921504614296942,https://developer.microsoft.com/en-us/dashboard/apps/9WZDNCRDPZNH/submissions/1152921505701756398/listings/1152922700027044736/listingassets/1152921504614296942,https://developer.microsoft.com/en-us/dashboard/apps/9WZDNCRDPZNH/submissions/1152921505701756398/listings/1152922700027044748/listingassets/1152921504614296942,https://developer.microsoft.com/en-us/dashboard/apps/9WZDNCRDPZNH/submissions/1152921505701756398/listings/1152922700027044796/listingassets/1152921504614296942,https://developer.microsoft.com/en-us/dashboard/apps/9WZDNCRDPZNH/submissions/1152921505701756398/listings/1152922700027044530/listingassets/1152921504614296942,https://developer.microsoft.com/en-us/dashboard/apps/9WZDNCRDPZNH/submissions/1152921505701756398/listings/1152922700027044784/listingassets/1152921504614296942,https://developer.microsoft.com/en-us/dashboard/apps/9WZDNCRDPZNH/submissions/1152921505701756398/listings/1152922700027044815/listingassets/1152921504614296942,https://developer.microsoft.com/en-us/dashboard/apps/9WZDNCRDPZNH/submissions/1152921505701756398/listings/1152922700027044620/listingassets/1152921504614296942,https://developer.microsoft.com/en-us/dashboard/apps/9WZDNCRDPZNH/submissions/1152921505701756398/listings/1152922700027044643/listingassets/1152921504614296942,https://developer.microsoft.com/en-us/dashboard/apps/9WZDNCRDPZNH/submissions/1152921505701756398/listings/1152922700027044857/listingassets/1152921504614296942,https://developer.microsoft.com/en-us/dashboard/apps/9WZDNCRDPZNH/submissions/1152921505701756398/listings/1152922700027044893/listingassets/1152921504614296942,https://developer.microsoft.com/en-us/dashboard/apps/9WZDNCRDPZNH/submissions/1152921505701756398/listings/1152922700027044553/listingassets/1152921504614296942,https://developer.microsoft.com/en-us/dashboard/apps/9WZDNCRDPZNH/submissions/1152921505701756398/listings/1152922700027044950/listingassets/1152921504614296942,https://developer.microsoft.com/en-us/dashboard/apps/9WZDNCRDPZNH/submissions/1152921505701756398/listings/1152922700027044974/listingassets/1152921504614296942,https://developer.microsoft.com/en-us/dashboard/apps/9WZDNCRDPZNH/submissions/1152921505701756398/listings/1152922700027044993/listingassets/1152921504614296942,https://developer.microsoft.com/en-us/dashboard/apps/9WZDNCRDPZNH/submissions/1152921505701756398/listings/1152922700027045018/listingassets/1152921504614296942,https://developer.microsoft.com/en-us/dashboard/apps/9WZDNCRDPZNH/submissions/1152921505701756398/listings/1152922700027044875/listingassets/1152921504614296942,https://developer.microsoft.com/en-us/dashboard/apps/9WZDNCRDPZNH/submissions/1152921505701756398/listings/1152922700027045042/listingassets/1152921504614296942,https://developer.microsoft.com/en-us/dashboard/apps/9WZDNCRDPZNH/submissions/1152921505701756398/listings/1152922700027045064/listingassets/1152921504614296942,https://developer.microsoft.com/en-us/dashboard/apps/9WZDNCRDPZNH/submissions/1152921505701756398/listings/1152922700027045077/listingassets/1152921504614296942,https://developer.microsoft.com/en-us/dashboard/apps/9WZDNCRDPZNH/submissions/1152921505701756398/listings/1152922700027045112/listingassets/1152921504614296942,https://developer.microsoft.com/en-us/dashboard/apps/9WZDNCRDPZNH/submissions/1152921505701756398/listings/1152922700027045132/listingassets/1152921504614296942,https://developer.microsoft.com/en-us/dashboard/apps/9WZDNCRDPZNH/submissions/1152921505701756398/listings/1152922700027045183/listingassets/1152921504614296942,https://developer.microsoft.com/en-us/dashboard/apps/9WZDNCRDPZNH/submissions/1152921505701756398/listings/1152922700027045192/listingassets/1152921504614296942,https://developer.microsoft.com/en-us/dashboard/apps/9WZDNCRDPZNH/submissions/1152921505701756398/listings/1152922700027045155/listingassets/1152921504614296942,https://developer.microsoft.com/en-us/dashboard/apps/9WZDNCRDPZNH/submissions/1152921505701756398/listings/1152922700027045209/listingassets/1152921504614296942,https://developer.microsoft.com/en-us/dashboard/apps/9WZDNCRDPZNH/submissions/1152921505701756398/listings/1152922700027044932/listingassets/1152921504614296942,https://developer.microsoft.com/en-us/dashboard/apps/9WZDNCRDPZNH/submissions/1152921505701756398/listings/1152922700027045270/listingassets/1152921504614296942,https://developer.microsoft.com/en-us/dashboard/apps/9WZDNCRDPZNH/submissions/1152921505701756398/listings/1152922700027045239/listingassets/1152921504614296942,https://developer.microsoft.com/en-us/dashboard/apps/9WZDNCRDPZNH/submissions/1152921505701756398/listings/1152922700027045348/listingassets/1152921504614296942,https://developer.microsoft.com/en-us/dashboard/apps/9WZDNCRDPZNH/submissions/1152921505701756398/listings/1152922700027045373/listingassets/1152921504614296942,https://developer.microsoft.com/en-us/dashboard/apps/9WZDNCRDPZNH/submissions/1152921505701756398/listings/1152922700027045335/listingassets/1152921504614296942,https://developer.microsoft.com/en-us/dashboard/apps/9WZDNCRDPZNH/submissions/1152921505701756398/listings/1152922700027045404/listingassets/1152921504614296942,https://developer.microsoft.com/en-us/dashboard/apps/9WZDNCRDPZNH/submissions/1152921505701756398/listings/1152922700027045459/listingassets/1152921504614296942,https://developer.microsoft.com/en-us/dashboard/apps/9WZDNCRDPZNH/submissions/1152921505701756398/listings/1152922700027045451/listingassets/1152921504614296942,https://developer.microsoft.com/en-us/dashboard/apps/9WZDNCRDPZNH/submissions/1152921505701756398/listings/1152922700027045496/listingassets/1152921504614296942,https://developer.microsoft.com/en-us/dashboard/apps/9WZDNCRDPZNH/submissions/1152921505701756398/listings/1152922700027045528/listingassets/1152921504614296942,https://developer.microsoft.com/en-us/dashboard/apps/9WZDNCRDPZNH/submissions/1152921505701756398/listings/1152922700027045550/listingassets/1152921504614296942,https://developer.microsoft.com/en-us/dashboard/apps/9WZDNCRDPZNH/submissions/1152921505701756398/listings/1152922700027045292/listingassets/1152921504614296942,https://developer.microsoft.com/en-us/dashboard/apps/9WZDNCRDPZNH/submissions/1152921505701756398/listings/1152922700027045572/listingassets/1152921504614296942,https://developer.microsoft.com/en-us/dashboard/apps/9WZDNCRDPZNH/submissions/1152921505701756398/listings/1152922700027045580/listingassets/1152921504614296942,https://developer.microsoft.com/en-us/dashboard/apps/9WZDNCRDPZNH/submissions/1152921505701756398/listings/1152922700027045603/listingassets/1152921504614296942,https://developer.microsoft.com/en-us/dashboard/apps/9WZDNCRDPZNH/submissions/1152921505701756398/listings/1152922700027045655/listingassets/1152921504614296942,https://developer.microsoft.com/en-us/dashboard/apps/9WZDNCRDPZNH/submissions/1152921505701756398/listings/1152922700027045705/listingassets/1152921504614296942,https://developer.microsoft.com/en-us/dashboard/apps/9WZDNCRDPZNH/submissions/1152921505701756398/listings/1152922700027044453/listingassets/1152921504614296942,https://developer.microsoft.com/en-us/dashboard/apps/9WZDNCRDPZNH/submissions/1152921505701756398/listings/1152922700027045732/listingassets/1152921504614296942,https://developer.microsoft.com/en-us/dashboard/apps/9WZDNCRDPZNH/submissions/1152921505701756398/listings/1152922700027045686/listingassets/1152921504614296942,https://developer.microsoft.com/en-us/dashboard/apps/9WZDNCRDPZNH/submissions/1152921505701756398/listings/1152922700027045795/listingassets/1152921504614296942,https://developer.microsoft.com/en-us/dashboard/apps/9WZDNCRDPZNH/submissions/1152921505701756398/listings/1152922700027045749/listingassets/1152921504614296942,https://developer.microsoft.com/en-us/dashboard/apps/9WZDNCRDPZNH/submissions/1152921505701756398/listings/1152922700027045876/listingassets/1152921504614296942,https://developer.microsoft.com/en-us/dashboard/apps/9WZDNCRDPZNH/submissions/1152921505701756398/listings/1152922700027045890/listingassets/1152921504614296942,https://developer.microsoft.com/en-us/dashboard/apps/9WZDNCRDPZNH/submissions/1152921505701756398/listings/1152922700027045821/listingassets/1152921504614296942,https://developer.microsoft.com/en-us/dashboard/apps/9WZDNCRDPZNH/submissions/1152921505701756398/listings/1152922700027045846/listingassets/1152921504614296942,https://developer.microsoft.com/en-us/dashboard/apps/9WZDNCRDPZNH/submissions/1152921505701756398/listings/1152922700027045912/listingassets/1152921504614296942,https://developer.microsoft.com/en-us/dashboard/apps/9WZDNCRDPZNH/submissions/1152921505701756398/listings/1152922700027045999/listingassets/1152921504614296942,https://developer.microsoft.com/en-us/dashboard/apps/9WZDNCRDPZNH/submissions/1152921505701756398/listings/1152922700027045991/listingassets/1152921504614296942,https://developer.microsoft.com/en-us/dashboard/apps/9WZDNCRDPZNH/submissions/1152921505701756398/listings/1152922700027045958/listingassets/1152921504614296942,https://developer.microsoft.com/en-us/dashboard/apps/9WZDNCRDPZNH/submissions/1152921505701756398/listings/1152922700027046020/listingassets/1152921504614296942,https://developer.microsoft.com/en-us/dashboard/apps/9WZDNCRDPZNH/submissions/1152921505701756398/listings/1152922700027046067/listingassets/1152921504614296942
OverrideLogosForWin10,603,True/False,,False,False,False,False,False,False,False,False,False,False,False,False,False,False,False,False,False,False,False,False,False,False,False,False,False,False,False,False,False,False,False,False,False,False,False,False,False,False,False,False,False,False,False,False,False,False,False,False,False,False,False,False,False,False,False,False,False,False,False,False,False,False,False
StoreLogoOverride150x150,604,Relative path (or URL to file in Partner Center),,https://developer.microsoft.com/en-us/dashboard/apps/9WZDNCRDPZNH/submissions/1152921505701756398/listings/1152921504649329823/listingassets/3044385461517682605,,,,,,,,,,,,,,,,,,,,,,,,,,,,,,,,,,,,,,,,,,,,,,,,,,,,,,,,,,,,,,
StoreLogoOverride71x71,605,Relative path (or URL to file in Partner Center),,https://developer.microsoft.com/en-us/dashboard/apps/9WZDNCRDPZNH/submissions/1152921505701756398/listings/1152921504649329823/listingassets/3009673966787798200,,,,,,,,,,,,,,,,,,,,,,,,,,,,,,,,,,,,,,,,,,,,,,,,,,,,,,,,,,,,,,
PromoImage1920x1080,606,Relative path (or URL to file in Partner Center),,https://developer.microsoft.com/en-us/dashboard/apps/9WZDNCRDPZNH/submissions/1152921505701756398/listings/1152921504649329823/listingassets/3036723710499594402,https://developer.microsoft.com/en-us/dashboard/apps/9WZDNCRDPZNH/submissions/1152921505701756398/listings/1152922700027044575/listingassets/3036723710499594402,https://developer.microsoft.com/en-us/dashboard/apps/9WZDNCRDPZNH/submissions/1152921505701756398/listings/1152922700027044656/listingassets/3036723710499594402,https://developer.microsoft.com/en-us/dashboard/apps/9WZDNCRDPZNH/submissions/1152921505701756398/listings/1152922700027044707/listingassets/3036723710499594402,https://developer.microsoft.com/en-us/dashboard/apps/9WZDNCRDPZNH/submissions/1152921505701756398/listings/1152922700027044701/listingassets/3036723710499594402,https://developer.microsoft.com/en-us/dashboard/apps/9WZDNCRDPZNH/submissions/1152921505701756398/listings/1152922700027044736/listingassets/3036723710499594402,https://developer.microsoft.com/en-us/dashboard/apps/9WZDNCRDPZNH/submissions/1152921505701756398/listings/1152922700027044748/listingassets/3036723710499594402,https://developer.microsoft.com/en-us/dashboard/apps/9WZDNCRDPZNH/submissions/1152921505701756398/listings/1152922700027044796/listingassets/3036723710499594402,https://developer.microsoft.com/en-us/dashboard/apps/9WZDNCRDPZNH/submissions/1152921505701756398/listings/1152922700027044530/listingassets/3036723710499594402,https://developer.microsoft.com/en-us/dashboard/apps/9WZDNCRDPZNH/submissions/1152921505701756398/listings/1152922700027044784/listingassets/3036723710499594402,https://developer.microsoft.com/en-us/dashboard/apps/9WZDNCRDPZNH/submissions/1152921505701756398/listings/1152922700027044815/listingassets/3036723710499594402,https://developer.microsoft.com/en-us/dashboard/apps/9WZDNCRDPZNH/submissions/1152921505701756398/listings/1152922700027044620/listingassets/3036723710499594402,https://developer.microsoft.com/en-us/dashboard/apps/9WZDNCRDPZNH/submissions/1152921505701756398/listings/1152922700027044643/listingassets/3036723710499594402,https://developer.microsoft.com/en-us/dashboard/apps/9WZDNCRDPZNH/submissions/1152921505701756398/listings/1152922700027044857/listingassets/3036723710499594402,https://developer.microsoft.com/en-us/dashboard/apps/9WZDNCRDPZNH/submissions/1152921505701756398/listings/1152922700027044893/listingassets/3036723710499594402,https://developer.microsoft.com/en-us/dashboard/apps/9WZDNCRDPZNH/submissions/1152921505701756398/listings/1152922700027044553/listingassets/3036723710499594402,https://developer.microsoft.com/en-us/dashboard/apps/9WZDNCRDPZNH/submissions/1152921505701756398/listings/1152922700027044950/listingassets/3036723710499594402,https://developer.microsoft.com/en-us/dashboard/apps/9WZDNCRDPZNH/submissions/1152921505701756398/listings/1152922700027044974/listingassets/3036723710499594402,https://developer.microsoft.com/en-us/dashboard/apps/9WZDNCRDPZNH/submissions/1152921505701756398/listings/1152922700027044993/listingassets/3036723710499594402,https://developer.microsoft.com/en-us/dashboard/apps/9WZDNCRDPZNH/submissions/1152921505701756398/listings/1152922700027045018/listingassets/3036723710499594402,https://developer.microsoft.com/en-us/dashboard/apps/9WZDNCRDPZNH/submissions/1152921505701756398/listings/1152922700027044875/listingassets/3036723710499594402,https://developer.microsoft.com/en-us/dashboard/apps/9WZDNCRDPZNH/submissions/1152921505701756398/listings/1152922700027045042/listingassets/3036723710499594402,https://developer.microsoft.com/en-us/dashboard/apps/9WZDNCRDPZNH/submissions/1152921505701756398/listings/1152922700027045064/listingassets/3036723710499594402,https://developer.microsoft.com/en-us/dashboard/apps/9WZDNCRDPZNH/submissions/1152921505701756398/listings/1152922700027045077/listingassets/3036723710499594402,https://developer.microsoft.com/en-us/dashboard/apps/9WZDNCRDPZNH/submissions/1152921505701756398/listings/1152922700027045112/listingassets/3036723710499594402,https://developer.microsoft.com/en-us/dashboard/apps/9WZDNCRDPZNH/submissions/1152921505701756398/listings/1152922700027045132/listingassets/3036723710499594402,https://developer.microsoft.com/en-us/dashboard/apps/9WZDNCRDPZNH/submissions/1152921505701756398/listings/1152922700027045183/listingassets/3036723710499594402,https://developer.microsoft.com/en-us/dashboard/apps/9WZDNCRDPZNH/submissions/1152921505701756398/listings/1152922700027045192/listingassets/3036723710499594402,https://developer.microsoft.com/en-us/dashboard/apps/9WZDNCRDPZNH/submissions/1152921505701756398/listings/1152922700027045155/listingassets/3036723710499594402,https://developer.microsoft.com/en-us/dashboard/apps/9WZDNCRDPZNH/submissions/1152921505701756398/listings/1152922700027045209/listingassets/3036723710499594402,https://developer.microsoft.com/en-us/dashboard/apps/9WZDNCRDPZNH/submissions/1152921505701756398/listings/1152922700027044932/listingassets/3036723710499594402,https://developer.microsoft.com/en-us/dashboard/apps/9WZDNCRDPZNH/submissions/1152921505701756398/listings/1152922700027045270/listingassets/3036723710499594402,https://developer.microsoft.com/en-us/dashboard/apps/9WZDNCRDPZNH/submissions/1152921505701756398/listings/1152922700027045239/listingassets/3036723710499594402,https://developer.microsoft.com/en-us/dashboard/apps/9WZDNCRDPZNH/submissions/1152921505701756398/listings/1152922700027045348/listingassets/3036723710499594402,https://developer.microsoft.com/en-us/dashboard/apps/9WZDNCRDPZNH/submissions/1152921505701756398/listings/1152922700027045373/listingassets/3036723710499594402,https://developer.microsoft.com/en-us/dashboard/apps/9WZDNCRDPZNH/submissions/1152921505701756398/listings/1152922700027045335/listingassets/3036723710499594402,https://developer.microsoft.com/en-us/dashboard/apps/9WZDNCRDPZNH/submissions/1152921505701756398/listings/1152922700027045404/listingassets/3036723710499594402,https://developer.microsoft.com/en-us/dashboard/apps/9WZDNCRDPZNH/submissions/1152921505701756398/listings/1152922700027045459/listingassets/3036723710499594402,https://developer.microsoft.com/en-us/dashboard/apps/9WZDNCRDPZNH/submissions/1152921505701756398/listings/1152922700027045451/listingassets/3036723710499594402,https://developer.microsoft.com/en-us/dashboard/apps/9WZDNCRDPZNH/submissions/1152921505701756398/listings/1152922700027045496/listingassets/3036723710499594402,https://developer.microsoft.com/en-us/dashboard/apps/9WZDNCRDPZNH/submissions/1152921505701756398/listings/1152922700027045528/listingassets/3036723710499594402,https://developer.microsoft.com/en-us/dashboard/apps/9WZDNCRDPZNH/submissions/1152921505701756398/listings/1152922700027045550/listingassets/3036723710499594402,https://developer.microsoft.com/en-us/dashboard/apps/9WZDNCRDPZNH/submissions/1152921505701756398/listings/1152922700027045292/listingassets/3036723710499594402,https://developer.microsoft.com/en-us/dashboard/apps/9WZDNCRDPZNH/submissions/1152921505701756398/listings/1152922700027045572/listingassets/3036723710499594402,https://developer.microsoft.com/en-us/dashboard/apps/9WZDNCRDPZNH/submissions/1152921505701756398/listings/1152922700027045580/listingassets/3036723710499594402,https://developer.microsoft.com/en-us/dashboard/apps/9WZDNCRDPZNH/submissions/1152921505701756398/listings/1152922700027045603/listingassets/3036723710499594402,https://developer.microsoft.com/en-us/dashboard/apps/9WZDNCRDPZNH/submissions/1152921505701756398/listings/1152922700027045655/listingassets/3036723710499594402,https://developer.microsoft.com/en-us/dashboard/apps/9WZDNCRDPZNH/submissions/1152921505701756398/listings/1152922700027045705/listingassets/3036723710499594402,https://developer.microsoft.com/en-us/dashboard/apps/9WZDNCRDPZNH/submissions/1152921505701756398/listings/1152922700027044453/listingassets/3036723710499594402,https://developer.microsoft.com/en-us/dashboard/apps/9WZDNCRDPZNH/submissions/1152921505701756398/listings/1152922700027045732/listingassets/3036723710499594402,https://developer.microsoft.com/en-us/dashboard/apps/9WZDNCRDPZNH/submissions/1152921505701756398/listings/1152922700027045686/listingassets/3036723710499594402,https://developer.microsoft.com/en-us/dashboard/apps/9WZDNCRDPZNH/submissions/1152921505701756398/listings/1152922700027045795/listingassets/3036723710499594402,https://developer.microsoft.com/en-us/dashboard/apps/9WZDNCRDPZNH/submissions/1152921505701756398/listings/1152922700027045749/listingassets/3036723710499594402,https://developer.microsoft.com/en-us/dashboard/apps/9WZDNCRDPZNH/submissions/1152921505701756398/listings/1152922700027045876/listingassets/3036723710499594402,https://developer.microsoft.com/en-us/dashboard/apps/9WZDNCRDPZNH/submissions/1152921505701756398/listings/1152922700027045890/listingassets/3036723710499594402,https://developer.microsoft.com/en-us/dashboard/apps/9WZDNCRDPZNH/submissions/1152921505701756398/listings/1152922700027045821/listingassets/3036723710499594402,https://developer.microsoft.com/en-us/dashboard/apps/9WZDNCRDPZNH/submissions/1152921505701756398/listings/1152922700027045846/listingassets/3036723710499594402,https://developer.microsoft.com/en-us/dashboard/apps/9WZDNCRDPZNH/submissions/1152921505701756398/listings/1152922700027045912/listingassets/3036723710499594402,https://developer.microsoft.com/en-us/dashboard/apps/9WZDNCRDPZNH/submissions/1152921505701756398/listings/1152922700027045999/listingassets/3036723710499594402,https://developer.microsoft.com/en-us/dashboard/apps/9WZDNCRDPZNH/submissions/1152921505701756398/listings/1152922700027045991/listingassets/3036723710499594402,https://developer.microsoft.com/en-us/dashboard/apps/9WZDNCRDPZNH/submissions/1152921505701756398/listings/1152922700027045958/listingassets/3036723710499594402,https://developer.microsoft.com/en-us/dashboard/apps/9WZDNCRDPZNH/submissions/1152921505701756398/listings/1152922700027046020/listingassets/3036723710499594402,https://developer.microsoft.com/en-us/dashboard/apps/9WZDNCRDPZNH/submissions/1152921505701756398/listings/1152922700027046067/listingassets/3036723710499594402
PromoImage2400x1200,607,Relative path (or URL to file in Partner Center),,,,,,,,,,,,,,,,,,,,,,,,,,,,,,,,,,,,,,,,,,,,,,,,,,,,,,,,,,,,,,,,
XboxBrandedKeyArt584x800,608,Relative path (or URL to file in Partner Center),,,,,,,,,,,,,,,,,,,,,,,,,,,,,,,,,,,,,,,,,,,,,,,,,,,,,,,,,,,,,,,,
XboxTitledHero1920x1080,609,Relative path (or URL to file in Partner Center),,,,,,,,,,,,,,,,,,,,,,,,,,,,,,,,,,,,,,,,,,,,,,,,,,,,,,,,,,,,,,,,
XboxFeaturedPromo1080x1080,610,Relative path (or URL to file in Partner Center),,,,,,,,,,,,,,,,,,,,,,,,,,,,,,,,,,,,,,,,,,,,,,,,,,,,,,,,,,,,,,,,
OptionalPromo358x358,611,Relative path (or URL to file in Partner Center),,,,,,,,,,,,,,,,,,,,,,,,,,,,,,,,,,,,,,,,,,,,,,,,,,,,,,,,,,,,,,,,
OptionalPromo1000x800,612,Relative path (or URL to file in Partner Center),,https://developer.microsoft.com/en-us/dashboard/apps/9WZDNCRDPZNH/submissions/1152921505701756398/listings/1152921504649329823/listingassets/1152921504614296962,https://developer.microsoft.com/en-us/dashboard/apps/9WZDNCRDPZNH/submissions/1152921505701756398/listings/1152922700027044575/listingassets/1152921504614296962,https://developer.microsoft.com/en-us/dashboard/apps/9WZDNCRDPZNH/submissions/1152921505701756398/listings/1152922700027044656/listingassets/1152921504614296962,https://developer.microsoft.com/en-us/dashboard/apps/9WZDNCRDPZNH/submissions/1152921505701756398/listings/1152922700027044707/listingassets/1152921504614296962,https://developer.microsoft.com/en-us/dashboard/apps/9WZDNCRDPZNH/submissions/1152921505701756398/listings/1152922700027044701/listingassets/1152921504614296962,https://developer.microsoft.com/en-us/dashboard/apps/9WZDNCRDPZNH/submissions/1152921505701756398/listings/1152922700027044736/listingassets/1152921504614296962,https://developer.microsoft.com/en-us/dashboard/apps/9WZDNCRDPZNH/submissions/1152921505701756398/listings/1152922700027044748/listingassets/1152921504614296962,https://developer.microsoft.com/en-us/dashboard/apps/9WZDNCRDPZNH/submissions/1152921505701756398/listings/1152922700027044796/listingassets/1152921504614296962,https://developer.microsoft.com/en-us/dashboard/apps/9WZDNCRDPZNH/submissions/1152921505701756398/listings/1152922700027044530/listingassets/1152921504614296962,https://developer.microsoft.com/en-us/dashboard/apps/9WZDNCRDPZNH/submissions/1152921505701756398/listings/1152922700027044784/listingassets/1152921504614296962,https://developer.microsoft.com/en-us/dashboard/apps/9WZDNCRDPZNH/submissions/1152921505701756398/listings/1152922700027044815/listingassets/1152921504614296962,https://developer.microsoft.com/en-us/dashboard/apps/9WZDNCRDPZNH/submissions/1152921505701756398/listings/1152922700027044620/listingassets/1152921504614296962,https://developer.microsoft.com/en-us/dashboard/apps/9WZDNCRDPZNH/submissions/1152921505701756398/listings/1152922700027044643/listingassets/1152921504614296962,https://developer.microsoft.com/en-us/dashboard/apps/9WZDNCRDPZNH/submissions/1152921505701756398/listings/1152922700027044857/listingassets/1152921504614296962,https://developer.microsoft.com/en-us/dashboard/apps/9WZDNCRDPZNH/submissions/1152921505701756398/listings/1152922700027044893/listingassets/1152921504614296962,https://developer.microsoft.com/en-us/dashboard/apps/9WZDNCRDPZNH/submissions/1152921505701756398/listings/1152922700027044553/listingassets/1152921504614296962,https://developer.microsoft.com/en-us/dashboard/apps/9WZDNCRDPZNH/submissions/1152921505701756398/listings/1152922700027044950/listingassets/1152921504614296962,https://developer.microsoft.com/en-us/dashboard/apps/9WZDNCRDPZNH/submissions/1152921505701756398/listings/1152922700027044974/listingassets/1152921504614296962,https://developer.microsoft.com/en-us/dashboard/apps/9WZDNCRDPZNH/submissions/1152921505701756398/listings/1152922700027044993/listingassets/1152921504614296962,https://developer.microsoft.com/en-us/dashboard/apps/9WZDNCRDPZNH/submissions/1152921505701756398/listings/1152922700027045018/listingassets/1152921504614296962,https://developer.microsoft.com/en-us/dashboard/apps/9WZDNCRDPZNH/submissions/1152921505701756398/listings/1152922700027044875/listingassets/1152921504614296962,https://developer.microsoft.com/en-us/dashboard/apps/9WZDNCRDPZNH/submissions/1152921505701756398/listings/1152922700027045042/listingassets/1152921504614296962,https://developer.microsoft.com/en-us/dashboard/apps/9WZDNCRDPZNH/submissions/1152921505701756398/listings/1152922700027045064/listingassets/1152921504614296962,https://developer.microsoft.com/en-us/dashboard/apps/9WZDNCRDPZNH/submissions/1152921505701756398/listings/1152922700027045077/listingassets/1152921504614296962,https://developer.microsoft.com/en-us/dashboard/apps/9WZDNCRDPZNH/submissions/1152921505701756398/listings/1152922700027045112/listingassets/1152921504614296962,https://developer.microsoft.com/en-us/dashboard/apps/9WZDNCRDPZNH/submissions/1152921505701756398/listings/1152922700027045132/listingassets/1152921504614296962,https://developer.microsoft.com/en-us/dashboard/apps/9WZDNCRDPZNH/submissions/1152921505701756398/listings/1152922700027045183/listingassets/1152921504614296962,https://developer.microsoft.com/en-us/dashboard/apps/9WZDNCRDPZNH/submissions/1152921505701756398/listings/1152922700027045192/listingassets/1152921504614296962,https://developer.microsoft.com/en-us/dashboard/apps/9WZDNCRDPZNH/submissions/1152921505701756398/listings/1152922700027045155/listingassets/1152921504614296962,https://developer.microsoft.com/en-us/dashboard/apps/9WZDNCRDPZNH/submissions/1152921505701756398/listings/1152922700027045209/listingassets/1152921504614296962,https://developer.microsoft.com/en-us/dashboard/apps/9WZDNCRDPZNH/submissions/1152921505701756398/listings/1152922700027044932/listingassets/1152921504614296962,https://developer.microsoft.com/en-us/dashboard/apps/9WZDNCRDPZNH/submissions/1152921505701756398/listings/1152922700027045270/listingassets/1152921504614296962,https://developer.microsoft.com/en-us/dashboard/apps/9WZDNCRDPZNH/submissions/1152921505701756398/listings/1152922700027045239/listingassets/1152921504614296962,https://developer.microsoft.com/en-us/dashboard/apps/9WZDNCRDPZNH/submissions/1152921505701756398/listings/1152922700027045348/listingassets/1152921504614296962,https://developer.microsoft.com/en-us/dashboard/apps/9WZDNCRDPZNH/submissions/1152921505701756398/listings/1152922700027045373/listingassets/1152921504614296962,https://developer.microsoft.com/en-us/dashboard/apps/9WZDNCRDPZNH/submissions/1152921505701756398/listings/1152922700027045335/listingassets/1152921504614296962,https://developer.microsoft.com/en-us/dashboard/apps/9WZDNCRDPZNH/submissions/1152921505701756398/listings/1152922700027045404/listingassets/1152921504614296962,https://developer.microsoft.com/en-us/dashboard/apps/9WZDNCRDPZNH/submissions/1152921505701756398/listings/1152922700027045459/listingassets/1152921504614296962,https://developer.microsoft.com/en-us/dashboard/apps/9WZDNCRDPZNH/submissions/1152921505701756398/listings/1152922700027045451/listingassets/1152921504614296962,https://developer.microsoft.com/en-us/dashboard/apps/9WZDNCRDPZNH/submissions/1152921505701756398/listings/1152922700027045496/listingassets/1152921504614296962,https://developer.microsoft.com/en-us/dashboard/apps/9WZDNCRDPZNH/submissions/1152921505701756398/listings/1152922700027045528/listingassets/1152921504614296962,https://developer.microsoft.com/en-us/dashboard/apps/9WZDNCRDPZNH/submissions/1152921505701756398/listings/1152922700027045550/listingassets/1152921504614296962,https://developer.microsoft.com/en-us/dashboard/apps/9WZDNCRDPZNH/submissions/1152921505701756398/listings/1152922700027045292/listingassets/1152921504614296962,https://developer.microsoft.com/en-us/dashboard/apps/9WZDNCRDPZNH/submissions/1152921505701756398/listings/1152922700027045572/listingassets/1152921504614296962,https://developer.microsoft.com/en-us/dashboard/apps/9WZDNCRDPZNH/submissions/1152921505701756398/listings/1152922700027045580/listingassets/1152921504614296962,https://developer.microsoft.com/en-us/dashboard/apps/9WZDNCRDPZNH/submissions/1152921505701756398/listings/1152922700027045603/listingassets/1152921504614296962,https://developer.microsoft.com/en-us/dashboard/apps/9WZDNCRDPZNH/submissions/1152921505701756398/listings/1152922700027045655/listingassets/1152921504614296962,https://developer.microsoft.com/en-us/dashboard/apps/9WZDNCRDPZNH/submissions/1152921505701756398/listings/1152922700027045705/listingassets/1152921504614296962,https://developer.microsoft.com/en-us/dashboard/apps/9WZDNCRDPZNH/submissions/1152921505701756398/listings/1152922700027044453/listingassets/1152921504614296962,https://developer.microsoft.com/en-us/dashboard/apps/9WZDNCRDPZNH/submissions/1152921505701756398/listings/1152922700027045732/listingassets/1152921504614296962,https://developer.microsoft.com/en-us/dashboard/apps/9WZDNCRDPZNH/submissions/1152921505701756398/listings/1152922700027045686/listingassets/1152921504614296962,https://developer.microsoft.com/en-us/dashboard/apps/9WZDNCRDPZNH/submissions/1152921505701756398/listings/1152922700027045795/listingassets/1152921504614296962,https://developer.microsoft.com/en-us/dashboard/apps/9WZDNCRDPZNH/submissions/1152921505701756398/listings/1152922700027045749/listingassets/1152921504614296962,https://developer.microsoft.com/en-us/dashboard/apps/9WZDNCRDPZNH/submissions/1152921505701756398/listings/1152922700027045876/listingassets/1152921504614296962,https://developer.microsoft.com/en-us/dashboard/apps/9WZDNCRDPZNH/submissions/1152921505701756398/listings/1152922700027045890/listingassets/1152921504614296962,https://developer.microsoft.com/en-us/dashboard/apps/9WZDNCRDPZNH/submissions/1152921505701756398/listings/1152922700027045821/listingassets/1152921504614296962,https://developer.microsoft.com/en-us/dashboard/apps/9WZDNCRDPZNH/submissions/1152921505701756398/listings/1152922700027045846/listingassets/1152921504614296962,https://developer.microsoft.com/en-us/dashboard/apps/9WZDNCRDPZNH/submissions/1152921505701756398/listings/1152922700027045912/listingassets/1152921504614296962,https://developer.microsoft.com/en-us/dashboard/apps/9WZDNCRDPZNH/submissions/1152921505701756398/listings/1152922700027045999/listingassets/1152921504614296962,https://developer.microsoft.com/en-us/dashboard/apps/9WZDNCRDPZNH/submissions/1152921505701756398/listings/1152922700027045991/listingassets/1152921504614296962,https://developer.microsoft.com/en-us/dashboard/apps/9WZDNCRDPZNH/submissions/1152921505701756398/listings/1152922700027045958/listingassets/1152921504614296962,https://developer.microsoft.com/en-us/dashboard/apps/9WZDNCRDPZNH/submissions/1152921505701756398/listings/1152922700027046020/listingassets/1152921504614296962,https://developer.microsoft.com/en-us/dashboard/apps/9WZDNCRDPZNH/submissions/1152921505701756398/listings/1152922700027046067/listingassets/1152921504614296962
OptionalPromo414x180,613,Relative path (or URL to file in Partner Center),,,,,,,,,,,,,,,,,,,,,,,,,,,,,,,,,,,,,,,,,,,,,,,,,,,,,,,,,,,,,,,,
Feature1,700,Text,,🎮 2D classic arcade-style shooter gameplay,🎮 2D klasik atari tarzı uzay nişancı oynanışı,🎮 Lojë klasike qitjeje arcade 2D,🎮 ክላሲክ 2D የመጫወቻ ማዕከል (Arcade) ተኳሽ አጨዋወት,🎮 أسلوب لعب تصويب آركيد كلاسيكي ثنائي الأبعاد,🎮 Դասական 2D արկադային հրաձգություն,🎮 Klassik 2D arkada atıcı oyunu,🎮 Класічны аркадны 2D-шутэр,🎮 ক্লাসিক 2D আর্কেড শৈলী শুটার গেমপ্লে,🎮 Klasični 2D arkadni stil pucačke igre,🎮 Класически 2D аркаден шутър геймплей,🎮 Jugabilitat clàssica de trets arcade en 2D,🎮 经典2D街机风格射击玩法,🎮 經典2D街機風格射擊玩法,🎮 Klasični 2D arkadni stil pucačke igre,🎮 Klasická 2D arkádová střílečka,🎮 Klassisk 2D arkade-skydespils-gameplay,🎮 Klassieke 2D arcade-shooter gameplay,🎮 Klassikaline 2D arkaad-stiilis tulistamismäng,🎮 Klassinen 2D-arcade-räiskintäpeli,🎮 Gameplay de tir d'arcade classique en 2D,🎮 კლასიკური 2D არკადული სროლის გეიმპლეი,🎮 Klassisches 2D-Arcade-Shooter-Gameplay,🎮 Κλασικό 2D arcade shooter gameplay,🎮 ક્લાસિક 2D આર્કેડ શૈલી શૂટર ગેમપ્લે,🎮 משחקיות יריות ארקייד קלאסית בדו-ממד,🎮 क्लासिक 2D आर्केड शैली शूटर गेमप्ले,🎮 Klasszikus 2D arcade stílusú lövöldözős játékmenet,🎮 Klassískur 2D spilakassa skotleikur,🎮 Gameplay tembak-menembak arcade 2D klasik,🎮 Gameplay sparatutto arcade classico in 2D,🎮 クラシックな2Dアーケードシューティングの操作感,🎮 ಕ್ಲಾಸಿಕ್ 2D ಆರ್ಕೇಡ್ ಶೈಲಿಯ ಶೂಟರ್ ಗೇಮ್‌ಪ್ಲೇ,🎮 Классикалық 2D аркадалық атқыш геймплейі,🎮 클래식 2D 아케이드 스타일 슈팅 게임플레이,🎮 یاری تەقەکەری ئارکەیدی کلاسیکی 2D,🎮 Klasiska 2D arkādes stila šaušanas spēle,🎮 Klasikinis 2D arkadinio stiliaus šaudyklės žaidimas,🎮 Класичен 2D аркаден стил на пукање,🎮 ക്ലാസിക് 2D ആർക്കേഡ് ശൈലി ഷൂട്ടർ ഗെയിംപ്ലേ,🎮 क्लासिक 2D आर्केड-शैलीतील शूटर गेमप्ले,🎮 Klassisk 2D arkade-skytespill-opplevelse,🎮 Klasyczna rozgrywka strzelanki arcade 2D,🎮 Jogabilidade clássica de tiro arcade em 2D,🎮 Jogabilidade clássica de tiros arcade em 2D,🎮 ਕਲਾਸਿਕ 2D ਆਰਕੇਡ-ਸ਼ੈਲੀ ਸ਼ੂਟਰ ਗੇਮਪਲੇ,🎮 Gameplay clasic de arcade shooter 2D,🎮 Классический аркадный 2D-шутер,🎮 Klasični 2D arkadni stil pucačke igre,🎮 සම්භාව්‍ය 2D ආකේඩ් විලාසිතාවේ වෙඩි තැබීමේ ක්‍රීඩාව,🎮 Klasická 2D arkádová strieľačka,🎮 Klasično 2D arkadno strelsko igranje,🎮 Jugabilidad clásica de disparos arcade en 2D,🎮 Jugabilidad clásica de disparos arcade en 2D,🎮 Uchezaji wa kawaida wa arcade shooter wa 2D,🎮 Klassisk 2D arkadskjutspelsupplevelse,🎮 கிளாசிக் 2D ஆர்கேட் பாணி ஷூட்டர் விளையாட்டு,🎮 క్లాసిక్ 2D ఆర్కేడ్ శైలి షూటర్ గేమ్‌ప్లే,🎮 เกมเพลย์ยิงอาร์เคดสไตล์คลาสสิก 2D,🎮 Класичний аркадний 2D-шутер,🎮 کلاسک 2D آرکیڈ طرز کا شوٹر گیم پلے,🎮 Klassik 2D arkada otishma o'yin jarayoni,🎮 Lối chơi bắn súng arcade 2D cổ điển
Feature2,701,Text,,🧠 10 unique levels with one challenging boss in each,🧠 Her birinde zorlu bir patron bulunan 10 benzersiz bölüm,🧠 10 nivele unike me një bos sfidues në secilin,🧠 በእያንዳንዱ ውስጥ ፈታኝ አለቃ ያላቸው 10 ልዩ ደረጃዎች,🧠 10 مستويات فريدة مع زعيم مليء بالتحدي في كل مستوى,🧠 10 յուրահատուկ մակարդակ՝ յուրաքանչյուրում բարդ բոսով,🧠 Hər birində çətin boss olan 10 unikal səviyyə,🧠 10 унікальных узроўняў са складаным босам у кожным,🧠 ১০টি অনন্য স্তর এবং প্রতিটিতে একটি করে চ্যালেঞ্জিং বস,🧠 10 jedinstvenih nivoa sa izazovnim bossom u svakom,🧠 10 уникални нива с предизвикателен бос във всяко,🧠 10 nivells únics amb un cap desafiant a cadascun,🧠 10个独特关卡，每个关卡均有极具挑战性的Boss,🧠 10個獨特關卡，每個關卡均有極具挑戰性的Boss,🧠 10 jedinstvenih razina s izazovnim bossom u svakoj,🧠 10 unikátních úrovní s náročným bossem v každé z nich,🧠 10 unikke baner med en udfordrende boss i hver,🧠 10 unieke levels met in elk level een uitdagende baas,"🧠 10 unikaalset taset, millest igaühes on väljakutset pakkuv boss","🧠 10 ainutlaatuista tasoa, joissa jokaisessa haastava pomo",🧠 10 niveaux uniques avec un boss redoutable dans chacun,🧠 10 უნიკალური დონე თითოეულში გამომწვევი ბოსით,🧠 10 einzigartige Level mit jeweils einem herausfordernden Boss,🧠 10 μοναδικά επίπεδα με ένα απαιτητικό boss στο καθένα,🧠 દરેકમાં પડકારરૂપ બોસ સાથે 10 અનન્ય લેવલ,🧠 10 שלבים ייחודיים עם בוס מאתגר בכל שלב,"🧠 10 अद्वितीय स्तर, प्रत्येक में एक चुनौतीपूर्ण बॉस","🧠 10 egyedi pálya, mindegyikben kihívást jelentő boss-szal",🧠 10 einstök borð með krefjandi foringja í hverju borði,🧠 10 level unik dengan bos menantang di setiap level,🧠 10 livelli unici con un boss impegnativo in ciascuno,🧠 各ステージに手強いボスが待ち受ける全10ステージ,🧠 ಪ್ರತಿ ಹಂತದಲ್ಲೂ ಸವಾಲಿನ ಬಾಸ್ ಹೊಂದಿರುವ 10 ಅನನ್ಯ ಹಂತಗಳು,🧠 Әрқайсысында қиын босы бар 10 бірегей деңгей,🧠 각 레벨마다 도전적인 보스가 등장하는 10개 레벨,🧠 10 قۆناغی بێوێنە لەگەڵ سەرکردەیەکی بەهێز لە هەریەکەیاندا,🧠 10 unikāli līmeņi ar izaicinošu bosu katrā,🧠 10 unikalių lygių su iššūkį keliančiu bosu kiekviename,🧠 10 уникатни нивоа со предизвикувачки бос во секое,🧠 വെല്ലുവിളി നിറഞ്ഞ ബോസുള്ള 10 അദ്വിതീയ ലെവലുകൾ,🧠 प्रत्येक स्तरावर आव्हानात्मक बॉस असलेले 10 अद्वितीय स्तर,🧠 10 unike nivåer med en utfordrende boss i hvert,🧠 10 unikalnych poziomów z wymagającym bossem w każdym z nich,🧠 10 níveis únicos com um chefe desafiador em cada,🧠 10 níveis únicos com um boss desafiante em cada,🧠 ਹਰੇਕ ਵਿੱਚ ਇੱਕ ਚੁਣੌਤੀਪੂਰਨ ਬੌਸ ਦੇ ਨਾਲ 10 ਵਿਲੱਖਣ ਪੱਧਰ,🧠 10 niveluri unice cu un boss provocator în fiecare,🧠 10 уникальных уровней с интересным боссом в каждом,🧠 10 jedinstvenih nivoa sa izazovnim bosom u svakom,🧠 අභියෝගාත්මක බොස් කෙනෙකු සහිත අද්විතීය මට්ටම් 10 ක්,🧠 10 unikátnych úrovní s náročným bossom v každej,🧠 10 edinstvenih stopenj z zahtevnim šefom na vsaki,🧠 10 niveles únicos con un jefe desafiante en cada uno,🧠 10 niveles únicos con un jefe desafiante en cada uno,🧠 Ngazi 10 za kipekee zenye bosi mgumu katika kila moja,🧠 10 unika nivåer med en utmanande boss i varje,🧠 ஒவ்வொன்றிலும் சவாலான பாஸ் கொண்ட 10 தனித்துவமான நிலைகள்,🧠 ప్రతి స్థాయిలో సవాలు చేసే బాస్‌తో కూడిన 10 ప్రత్యేక స్థాయిలు,🧠 10 ด่านที่ไม่เหมือนใคร พร้อมบอสสุดท้าทายในแต่ละด่าน,🧠 10 унікальних рівнів із сильним босом у кожному,🧠 10 منفرد لیولز، ہر ایک میں ایک چیلنجنگ باس,🧠 Har birida qiyin boss bo'lgan 10 ta noyob bosqich,🧠 10 màn chơi độc đáo với một tên trùm đầy thử thách ở mỗi màn
Feature3,702,Text,,👾 19 different enemy types with distinct behaviors,👾 Farklı davranışlara sahip 19 özgün düşman türü,👾 19 lloje të ndryshme armiqsh me sjellje unike,👾 የተለያየ ጠባይ ያላቸው 19 ልዩ የጠላት ዓይነቶች,👾 19 نوعاً مختلفاً من الأعداء بتصرفات وحركات مميزة,👾 19 տարբեր տեսակի թշնամիներ՝ յուրահատուկ վարքագծով,👾 Fərqli davranışlara malik 19 unikal düşmən növü,👾 19 розных тыпаў ворагаў з адметнымі паводзінамі,👾 বিভিন্ন আচরণের ১৯টি অনন্য শত্রু প্রকার,👾 19 različitih vrsta neprijatelja sa jedinstvenim ponašanjem,👾 19 различни типа врагове с уникално поведение,👾 19 tipus d'enemics diferents amb patrons únics,👾 19种拥有独特行动模式的敌人类型,👾 19種擁有獨特行動模式的敵人種類,👾 19 različitih vrsta neprijatelja s jedinstvenim ponašanjem,👾 19 různých typů nepřátel s odlišným chováním,👾 19 forskellige fjendetyper med unik adfærd,👾 19 verschillende vijandtypen met eigen gedrag,👾 19 erinevat vaenlase tüüpi unikaalse käitumisega,👾 19 erilaista vihollistyyppiä omilla toiminnoillaan,👾 19 types d'ennemis différents aux comportements distincts,👾 19 სხვადასხვა მტრის ტიპი უნიკალური ქცევით,👾 19 verschiedene Feindtypen mit individuellem Verhalten,👾 19 διαφορετικοί τύποι εχθρών με ξεχωριστές συμπεριφορές,👾 વિવિધ વર્તણૂકો સાથે 19 અનન્ય દુશ્મન પ્રકારો,👾 19 סוגי אויבים שונים בעלי דפוסי התנהגות מגוונים,👾 विभिन्न व्यवहारों वाले 19 अनोखे दुश्मन प्रकार,👾 19 különböző ellenségtípus egyedi viselkedéssel,👾 19 mismunandi óvinategundir með einstaka hegðun,👾 19 jenis musuh berbeda dengan perilaku unik,👾 19 diversi tipi di nemici con comportamenti distinti,👾 独自の行動パターンを持つ19種類の敵キャラクター,👾 ವಿಭಿನ್ನ ನಡವಳಿಕೆಗಳನ್ನು ಹೊಂದಿರುವ 19 ಅನನ್ಯ ಶತ್ರು ಪ್ರಕಾರಗಳು,👾 Өзіндік әрекеттері бар 19 түрлі жау түрі,👾 독특한 행동 패턴을 가진 19종의 적 캐릭터,👾 19 جۆری جیاوازی دوژمن بە ڕەفتاری جیاوازەوە,👾 19 dažādi ienaidnieku veidi ar atšķirīgu uzvedību,👾 19 skirtingų priešų tipų su unikaliu elgesiu,👾 19 различни видови непријатели со посебно однесување,👾 വ്യതിരിക്തമായ പെരുമാറ്റങ്ങളുള്ള 19 അദ്വിതീയ ശത്രു തരങ്ങൾ,👾 वेगवेगळ्या हालचालींसह 19 अद्वितीय शत्रू प्रकार,👾 19 forskjellige fiendetyper med unik atferd,👾 19 różnych typów przeciwników o zróżnicowanych zachowaniach,👾 19 tipos de inimigos diferentes com comportamentos distintos,👾 19 tipos de inimigos com comportamentos distintos,👾 ਵੱਖ-ਵੱਖ ਵਿਵਹਾਰਾਂ ਵਾਲੇ 19 ਵਿਲੱਖਣ ਦੁਸ਼ਮਣ ਕਿਸਮਾਂ,👾 19 tipuri diferite de inamici cu comportamente distincte,👾 19 разнообразных видов врагов со своим поведением,👾 19 različitih vrsta neprijatelja sa jedinstvenim ponašanjem,👾 විවිධ හැසිරීම් සහිත සුවිශේෂී සතුරු වර්ග 19 ක්,👾 19 rôznych typov nepriateľov s odlišným správaním,👾 19 različnih vrst sovražnikov z edinstvenim vedenjem,👾 19 tipos de enemigos con comportamientos diferentes,👾 19 tipos de enemigos diferentes con patrones únicos,👾 Aina 19 za maadui wenye tabia tofauti,👾 19 olika fiendetyper med unika beteenden,👾 தனித்துவமான நடத்தைகளைக் கொண்ட 19 எதிரி வகைகள்,👾 విభిన్న ప్రవర్తనలతో కూడిన 19 ప్రత్యేక శత్రు రకాలు,👾 ศัตรู 19 ชนิดที่มีพฤติกรรมและการโจมตีแตกต่างกัน,👾 19 різноманітних типів ворогів з особливою поведінкою,👾 مختلف انداز کے ساتھ 19 منفرد دشمن کی اقسام,👾 O'ziga xos xatti-harakatlarga ega 19 xil dushman turi,👾 19 loại kẻ thù khác nhau với tập tính riêng biệt
Feature4,703,Text,,💎 4 collectible diamond types with special abilities,💎 Özel yetenekler sağlayan 4 toplanabilir elmas türü,💎 4 lloje diamantësh të mbledhshëm me aftësi speciale,💎 ልዩ ችሎታ ያላቸው 4 የሚሰበሰቡ የዳይመንድ ዓይነቶች,💎 4 أنواع ماسات قابلة للجمع تمنح قدرات خاصة,💎 4 հավաքվող ադամանդների տեսակներ՝ հատուկ ունակություններով,💎 Xüsusi qabiliyyətlər verən 4 toplanabilən almaz növü,💎 4 віды калекцыйных дыяментаў з адмысловымі здольнасцямі,💎 বিশেষ ক্ষমতা প্রদানকারী ৪টি সংগ্রহযোগ্য হীরা,💎 4 vrste dijamanata sa posebnim sposobnostima za sakupljanje,💎 4 вида диаманти за събиране със специални способности,💎 4 tipus de diamants col·leccionables amb poders especials,💎 4种具有特殊能力的收集型钻石,💎 4種具有特殊能力的收集型鑽石,💎 4 vrste dijamanata s posebnim sposobnostima za skupljanje,💎 4 sběratelské druhy diamantů se speciálními schopnostmi,💎 4 samlerbare diamanttyper med særlige evner,💎 4 verzamelbare diamanttypen met speciale krachten,💎 4 kogutavat teemanditüüpi eriliste võimetega,💎 4 kerättävää timanttityyppiä erikoiskyvyillä,💎 4 types de diamants à collectionner avec pouvoirs spéciaux,💎 4 შესაგროვებელი ალმასის ტიპი სპეციალური უნარებით,💎 4 sammelbare Diamanttypen mit Spezialfähigkeiten,💎 4 συλλεκτικοί τύποι διαμαντιών με ειδικές ικανότητες,💎 વિશેષ ક્ષમતાઓ સાથે 4 એકત્ર કરવા યોગ્ય હીરાના પ્રકારો,💎 4 סוגי יהלומים לאיסוף המעניקים יכולות מיוחדות,💎 विशेष क्षमताओं वाले 4 संग्रहणीय हीरे के प्रकार,💎 4 gyűjthető gyémánttípus különleges képességekkel,💎 4 safnanlegar demantagerðir með sérstaka hæfileika,💎 4 jenis berlian koleksi dengan kemampuan khusus,💎 4 tipi di diamanti collezionabili con abilità speciali,💎 特殊能力を発動できる4種類の収集ダイヤ,💎 ವಿಶೇಷ ಸಾಮರ್ಥ್ಯಗಳೊಂದಿಗೆ ಸಂಗ್ರಹಿಸಬಹುದಾದ 4 ವಜ್ರದ ಪ್ರಕಾರಗಳು,💎 Ерекше қабілеттер беретін 4 жиналатын алмас түрі,💎 특수 능력을 부여하는 4가지 수집형 다이아몬드,💎 4 جۆری ئەڵماسی کۆکراوە بە توانای تایبەتەوە,💎 4 vācami dimantu veidi ar īpašām spējām,💎 4 renkamų deimantų tipai su ypatingomis galiomis,💎 4 видови дијаманти со посебни способности за собирање,💎 പ്രത്യേക കഴിവുകളുള്ള 4 ശേഖരിക്കാവുന്ന വജ്ര തരങ്ങൾ,💎 विशेष क्षमता असलेले 4 गोळा करण्यायोग्य हिऱ्यांचे प्रकार,💎 4 samlebare diamanttyper med spesielle evner,💎 4 rodzaje diamentów ze specjalnymi umiejętnościami do zebrania,💎 4 tipos de diamantes colecionáveis com habilidades especiais,💎 4 tipos de diamantes colecionáveis com habilidades especiais,💎 ਵਿਸ਼ੇਸ਼ ਯੋਗਤਾਵਾਂ ਵਾਲੇ 4 ਇਕੱਠੇ ਕਰਨ ਯੋਗ ਹੀਰੇ ਦੀਆਂ ਕਿਸਮਾਂ,💎 4 tipuri de diamante colectabile cu abilități speciale,💎 4 вида коллекционных алмазов с особыми способностями,💎 4 vrste dijamanata sa posebnim sposobnostima za sakupljanje,💎 විශේෂ හැකියාවන් සහිත එකතු කළ හැකි දියමන්ති වර්ග 4 ක්,💎 4 zberateľské druhy diamantov so špeciálnymi schopnosťami,💎 4 vrste diamantov s posebnimi sposobnostmi za zbiranje,💎 4 tipos de diamantes coleccionables con habilidades especiales,💎 4 tipos de diamantes coleccionables con habilidades especiales,💎 Aina 4 za almasi zenye uwezo maalum za kukusanya,💎 4 samlingsbara diamanttyper med specialförmågor,💎 சிறப்புத் திறன்களைக் கொண்ட 4 சேகரிக்கக்கூடிய வைர வகைகள்,💎 ప్రత్యేక సామర్థ్యాలతో సేకరించదగిన 4 రకాల వజ్రాలు,💎 เพชรสะสม 4 ชนิดพร้อมความสามารถพิเศษ,💎 4 види діамантів із особливими здібностями,💎 خصوصی صلاحیتوں کے ساتھ 4 جمع کرنے کے قابل ہیرے کی اقسام,💎 Maxsus qobiliyatlarga ega 4 xil to'planadigan olmos,💎 4 loại kim cương thu thập mang lại khả năng đặc biệt
Feature5,704,Text,,🔫 6 upgradeable weapons for varied strategies,🔫 Çeşitli stratejiler için 6 geliştirilebilir silah,🔫 6 armë të përmirësueshme për strategji të ndryshme,🔫 ለተለያዩ ስልቶች 6 ሊሻሻሉ የሚችሉ መሳሪያዎች,🔫 6 أسلحة قابلة للترقية لاستراتيجيات قتالية متعددة,🔫 6 բարելավվող զենքեր՝ տարբեր ռազմավարությունների համար,🔫 Müxtəlif strategiyalar üçün 6 təkmilləşdirilə bilən silah,🔫 6 відаў зброі з магчымасцю паляпшэння,🔫 বিভিন্ন কৌশলের জন্য ৬টি আপগ্রেডযোগ্য অস্ত্র,🔫 6 oružja koja se mogu nadograditi za različite strategije,🔫 6 подобряеми оръжия за разнообразни стратегии,🔫 6 armes millorables per a diverses estratègies,🔫 6种可升级武器，支持多种战术策略,🔫 6種可升級武器，實現多元戰術策略,🔫 6 oružja koja se mogu nadograditi za različite strategije,🔫 6 vylepšitelných zbraní pro rozmanité strategie,🔫 6 opgraderbare våben til forskellige strategier,🔫 6 upgradebare wapens voor gevarieerde strategieën,🔫 6 täiustatavat relva erinevateks strateegiateks,🔫 6 päivitettävää asetta eri strategioita varten,🔫 6 armes améliorables pour des stratégies variées,🔫 6 გაუმჯობესებადი იარაღი სხვადასხვა სტრატეგიისთვის,🔫 6 aufrüstbare Waffen für abwechslungsreiche Strategien,🔫 6 αναβαθμίσιμα όπλα για ποικίλες στρατηγικές,🔫 વિવિધ વ્યૂહરચનાઓ માટે 6 અપગ્રેડ કરી શકાય તેવા શસ્ત્રો,🔫 6 כלי נשק ניתנים לשדרוג לאסטרטגיות מגוונות,🔫 विविध रणनीतियों के लिए 6 अपग्रेड करने योग्य हथियार,🔫 6 fejleszthető fegyver a változatos stratégiákhoz,🔫 6 uppfæranleg vopn fyrir fjölbreytta herkænsku,🔫 6 senjata yang dapat ditingkatkan untuk variasi strategi,🔫 6 armi potenziabili per varie strategie,🔫 多彩な戦略を可能にする6種類の強化武器,🔫 ವೈವಿಧ್ಯಮಯ ತಂತ್ರಗಳಿಗಾಗಿ 6 ನವೀಕರಿಸಬಹುದಾದ ಆಯುಧಗಳು,🔫 Әртүрлі стратегияларға арналған 6 жақсартылатын қару,🔫 다양한 전략을 구사할 수 있는 6가지 업그레이드 무기,🔫 6 چەکی نوێکراوە بۆ ستراتیژی جۆراوجۆر,🔫 6 uzlabojami ieroči dažādām stratēģijām,🔫 6 tobulinami ginklai įvairioms strategijoms,🔫 6 оружја што може да се надградуваат за разни стратегии,🔫 വൈവിധ്യമാർന്ന തന്ത്രങ്ങൾക്കായി 6 നവീകരിക്കാവുന്ന ആയുധങ്ങൾ,🔫 विविध रणनीतींसाठी 6 अपग्रेड करण्यायोग्य शस्त्रे,🔫 6 oppgraderbare våpen for varierte strategier,🔫 6 ulepszalnych broni do różnych strategii walki,🔫 6 armas aprimoráveis para diversas estratégias,🔫 6 armas melhoráveis para várias estratégias,🔫 ਵੱਖ-ਵੱਖ ਰਣਨੀਤੀਆਂ ਲਈ 6 ਅੱਪਗ੍ਰੇਡ ਕਰਨ ਯੋਗ ਹਥਿਆਰ,🔫 6 arme îmbunătățibile pentru strategii variate,🔫 6 улучшаемых видов оружия для разных тактик,🔫 6 oružja koja se mogu unaprediti za različite strategije,🔫 විවිධ උපාය මාර්ග සඳහා වැඩිදියුණු කළ හැකි ආයුධ 6 ක්,🔫 6 vylepšiteľných zbraní pre rôzne stratégie,🔫 6 nadgradljivih orožij za raznolike strategije,🔫 6 armas mejorables para diversas estrategias,🔫 6 armas mejorables para variadas estrategias,🔫 Silaha 6 zinazoweza kuboreshwa kwa mikakati mbalimbali,🔫 6 uppgraderbara vapen för varierade strategier,🔫 மாறுபட்ட உத்திகளுக்கான 6 மேம்படுத்தக்கூடிய ஆயுதங்கள்,🔫 వివిధ వ్యూహాల కోసం 6 అప్‌గ్రేడ్ చేయగల ఆయుధాలు,🔫 อาวุธอัปเกรดได้ 6 แบบเพื่อกลยุทธ์ที่หลากหลาย,"🔫 6 видів зброї, що покращуються, для різних тактик",🔫 متنوع حکمت عملیوں کے لیے 6 اپ گریڈ کے قابل ہتھیار,🔫 Turli strategiyalar uchun 6 ta yangilanadigan qurol,🔫 6 loại vũ khí có thể nâng cấp cho nhiều chiến thuật
Feature6,705,Text,,🎵 Unique soundtrack for every level,🎵 Her seviyeye özel hazırlanmış eşsiz oyun müzikleri,🎵 Kolonë zanore unike për çdo nivel,🎵 ለእያንዳንዱ ደረጃ ልዩ የሙዚቃ ቅንብር,🎵 موسيقى تصويرية فريدة وخاصة بكل مستوى,🎵 Յուրահատուկ սաունդթրեք յուրաքանչյուր մակարդակի համար,🎵 Hər səviyyə üçün unikal saundtrek,🎵 Унікальны саўндтрэк для кожнага ўзроўню,🎵 প্রতিটি স্তরের জন্য অনন্য সাউন্ডট্র্যাক,🎵 Jedinstvena muzika za svaki nivo,🎵 Уникален саундтрак за всяко ниво,🎵 Banda sonora exclusiva per a cada nivell,🎵 每个关卡均有专属独立配乐,🎵 每個關卡均有專屬獨立原創配樂,🎵 Jedinstvena glazbena podloga za svaku razinu,🎵 Unikátní soundtrack pro každou úroveň,🎵 Unikt soundtrack til hver bane,🎵 Unieke soundtrack voor elk level,🎵 Unikaalne heliriba igale tasemele,🎵 Ainutlaatuinen ääniraita jokaiselle tasolle,🎵 Bande-son unique pour chaque niveau,🎵 უნიკალური საუნდტრეკი თითოეული დონისთვის,🎵 Einzigartiger Soundtrack für jedes Level,🎵 Μοναδικό soundtrack για κάθε επίπεδο,🎵 દરેક લેવલ માટે અનન્ય સાઉન્ડટ્રેક,🎵 פסקול מקורי ייחודי לכל שלב,🎵 हर स्तर के लिए अनोखा और विशेष साउंडट्रैक,🎵 Egyedi zenei sáv minden pályához,🎵 Einstök tónlist fyrir hvert borð,🎵 Soundtrack orisinal yang unik untuk setiap level,🎵 Colonna sonora unica per ogni livello,🎵 ステージごとに用意されたオリジナルサウンドトラック,🎵 ಪ್ರತಿ ಹಂತಕ್ಕೂ ವಿಶಿಷ್ಟವಾದ ಧ್ವನಿಪಥ,🎵 Әр деңгейге арналған бірегей саундтрек,🎵 각 레벨에 맞춤 제작된 독창적인 배경 음악,🎵 مۆسیقای تایبەت بۆ هەر قۆناغێک,🎵 Unikāls skaņu celiņš katram līmenim,🎵 Unikalus garso takelis kiekvienam lygiui,🎵 Уникатна музика за секое ниво,🎵 ഓരോ ലെവലിനും സവിശേഷമായ ശബ്ദട്രാക്ക്,🎵 प्रत्येक स्तरासाठी अद्वितीय साउंडट्रॅक,🎵 Unikt lydspor for hvert nivå,🎵 Wyjątkowa ścieżka dźwiękowa dla każdego poziomu,🎵 Trilha sonora exclusiva para cada nível,🎵 Banda sonora exclusiva para cada nível,🎵 ਹਰੇਕ ਪੱਧਰ ਲਈ ਵਿਲੱਖਣ ਸਾਊਂਡਟ੍ਰੈਕ,🎵 Coloană sonoră unică pentru fiecare nivel,🎵 Уникальный музыкальный трек для каждого уровня,🎵 Jedinstvena muzika za svaki nivo,🎵 සෑම මට්ටමක් සඳහාම අද්විතීය සංගීතය,🎵 Unikátny soundtrack pre každú úroveň,🎵 Edinstvena glasba za vsako stopnjo,🎵 Banda sonora exclusiva para cada nivel,🎵 Banda sonora única para cada nivel,🎵 Muziki wa kipekee kwa kila ngazi,🎵 Unikt soundtrack för varje nivå,🎵 ஒவ்வொரு நிலைக்கும் தனித்துவமான பின்னணி இசை,🎵 ప్రతి స్థాయికి ప్రత్యేకమైన సౌండ్‌ట్రాక్,🎵 ดนตรีประกอบเฉพาะสำหรับทุกด่าน,🎵 Унікальний саундтрек для кожного рівня,🎵 ہر لیول کے لیے منفرد ساؤنڈ ٹریک,🎵 Har bir bosqich uchun noyob saundtrek,🎵 Nhạc nền độc đáo cho từng màn chơi
Feature7,706,Text,,📖 Extra Menu includes detailed enemy/item info and music playback,📖 Düşman/eşya bilgileri ve müzik çalar içeren Ekstra Menü,📖 Menu Extra me detaje të armiqve dhe luajtës muzike,📖 የጠላት/ዕቃ መረጃ እና የሙዚቃ ማጫወቻ የያዘ ተጨማሪ ሜኑ,📖 قائمة إضافية تتضمن تفاصيل الأعداء والعناصر ومشغل موسيقى,📖 Էքստրա Մենյու թշնամիների տվյալներով և երաժշտական նվագարկիչով,📖 Düşmən/əşya məlumatları və musiqi pleyeri olan Ekstra Menyu,📖 Экстра Меню з інфармацыяй пра ворагаў/прадметы і аўдыяплэерам,📖 শত্রু/আইটেম তথ্য এবং সঙ্গীত প্লেয়ার সহ অতিরিক্ত মেনু,📖 Extra Meni sa informacijama o neprijateljima i muzičkim plejerom,📖 Екстра Меню с информация за врагове/предмети и музикален плейър,📖 Menú Extra amb informació d'enemics/objectes i reproductor,📖 额外菜单包含详尽图鉴与音乐播放器,📖 額外選單包含詳盡圖鑑與音樂播放功能,📖 Extra Izbornik s podacima o neprijateljima i glazbenim playerom,📖 Extra Menu s informacemi o nepřátelích/předmětech a přehrávačem,📖 Ekstra Menu med fjende-/genstandsinfo og musikafspiller,📖 Extra Menu met informatie over vijanden/items en muziekspeler,📖 Lisamenüü vaenlaste/esemete info ja muusikamängijaga,📖 Extra-valikko vihollis-/esinetiedoilla ja musiikkisoittimella,📖 Menu Extra avec détails sur les ennemis/objets et lecteur de musique,📖 ექსტრა მენიუ მტრების/ნივთების ინფორმაციით და მუსიკით,📖 Extra-Menü mit detaillierten Feind-/Item-Infos und Musikplayer,📖 Extra Μενού με πληροφορίες εχθρών/αντικειμένων και player,📖 દુશ્મન/વસ્તુ માહિતી અને મ્યુઝિક પ્લેયર સાથે વધારાનું મેનૂ,📖 תפריט אקסטרה הכולל מידע על אויבים/חפצים ונגן מוזיקה,📖 दुश्मन/आइटम जानकारी और म्यूजिक प्लेयर युक्त एक्स्ट्रा मेनू,📖 Extra Menü ellenség-/tárgyinformációkkal és zenelejátszóval,📖 Auka Valmynd með upplýsingum og tónlistarspilara,📖 Menu Ekstra dengan info detail musuh/item dan pemutar musik,📖 Menu Extra con dettagli su nemici/oggetti e riproduttore musicale,📖 敵やアイテムの詳細情報とBGM再生を備えたエクストラメニュー,📖 ಶತ್ರು/ವಸ್ತು ಮಾಹಿತಿ ಮತ್ತು ಮ್ಯೂಸಿಕ್ ಪ್ಲೇಯರ್ ಹೊಂದಿರುವ ಎಕ್ಸ್‌ಟ್ರಾ ಮೆನು,📖 Жаулар/заттар туралы ақпарат және музыкалық ойнатқышы бар Экстра Мәзір,📖 적/아이템 도감 및 음악 감상이 가능한 엑스트라 메뉴,📖 مێنوی زیادە لەگەڵ زانیاری دوژمن/کەلوپەل و لێدەری مۆسیقا,📖 Papildu Izvēlne ar ienaidnieku/priekšmetu informāciju un mūzikas atskaņotāju,📖 Papildomas Meniu su priešų/daiktų informacija ir muzikos grotuvu,📖 Екстра Мени со информации за непријатели и музички плеер,📖 ശത്രു/ഇന വിവരങ്ങളും മ്യൂസിക് പ്ലെയറും ഉള്ള അധിക മെനു,📖 शत्रू/वस्तू माहिती आणि संगीत प्लेयरसह एक्स्ट्रा मेनू,📖 Ekstra-meny med fiende-/gjenstandsinfo og musikkavspiller,📖 Menu Ekstra z informacjami o wrogach/przedmiotach i odtwarzaczem muzyki,📖 Menu Extra com informações de inimigos/itens e reprodutor de música,📖 Menu Extra com detalhes de inimigos/itens e leitor de música,📖 ਦੁਸ਼ਮਣ/ਆਈਟਮ ਜਾਣਕਾਰੀ ਅਤੇ ਸੰਗੀਤ ਪਲੇਅਰ ਵਾਲਾ ਵਾਧੂ ਮੀਨੂ,📖 Meniu Extra cu detalii despre inamici și player muzical,📖 Меню «Экстра» с описанием врагов/предметов и аудиоплеером,📖 Extra Meni sa detaljima o neprijateljima i muzičkim plejerom,📖 සතුරු/භාණ්ඩ තොරතුරු සහ සංගීත වාදකය සහිත අමතර මෙනුව,📖 Extra Menu s informáciami o nepriateľoch a hudobným prehrávačom,📖 Extra Meni z informacijami o sovražnikih in predvajalnikom,📖 Menú Extra con información de enemigos/objetos y reproductor,📖 Menú Extra con información detallada y reproductor de música,📖 Menyu ya Ziada yenye maelezo ya maadui/vitu na kicheza muziki,📖 Extrameny med information om fiender/föremål och musikspelare,📖 எதிரி/பொருள் விவரங்கள் மற்றும் இசை பிளேயருடன் கூடுதல் மெனு,📖 శత్రువు/వస్తువు వివరాలు మరియు మ్యూజిక్ ప్లేయర్‌తో అదనపు మెనూ,📖 เมนูพิเศษพร้อมข้อมูลศัตรู/ไอเทม และเครื่องเล่นเพลง,📖 Меню «Екстра» з інформацією про ворогів/предмети та музичним плеєром,📖 ایکسٹرا مینو بمع تفصیلات اور میوزک پلیئر,📖 Dushman/buyum ma'lumotlari va musiqa pleyeri bo'lgan Ekstra Menyu,📖 Menu Phụ với thông tin kẻ thù/vật phẩm và trình phát nhạc
Feature8,707,Text,,🖥️ Adjustable screen size (Normal & Large mode),🖥️ Ayarlanabilir ekran boyutu (Normal ve Geniş mod),🖥️ Madhësi e rregullueshme e ekranit (Modaliteti Normal & i Gjerë),🖥️ የሚስተካከል የስክሪን መጠን (መደበኛ እና ትልቅ ሁነታ),🖥️ حجم شاشة قابل للتعديل (الوضع العادي والوضع العريض),🖥️ Էկրանի կարգավորվող չափս (Նորմալ և Լայն ռեժիմ),🖥️ Tənzimlənən ekran ölçüsü (Normal və Geniş rejim),🖥️ Наладжвальны памер экрана (Звычайны і Шырокі рэжым),🖥️ সামঞ্জস্যযোগ্য পর্দার আকার (সাধারণ এবং প্রশস্ত মোড),🖥️ Podesiva veličina ekrana (Normalni i Široki način),🖥️ Регулируем размер на екрана (Нормален и Широк режим),🖥️ Mida de pantalla ajustable (Mode Normal i Gran),🖥️ 可调节屏幕尺寸（普通与宽屏模式）,🖥️ 可調整螢幕尺寸（普通與寬螢幕模式）,🖥️ Podesiva veličina zaslona (Normalni i Široki način),🖥️ Nastavitelná velikost obrazovky (Normální a Široký režim),🖥️ Justerbar skærmstørrelse (Normal og Stor tilstand),🖥️ Instelbare schermgrootte (Normale en Brede modus),🖥️ Reguleeritav ekraanisuurus (Tavaline ja Lai režiim),🖥️ Säädettävä näytön koko (Normaali ja Laaja tila),🖥️ Taille d'écran réglable (modes Normal et Large),🖥️ ეკრანის რეგულირებადი ზომა (ჩვეულებრივი და განიერი რეჟიმი),🖥️ Einstellbare Bildschirmgröße (Normal- & Breitbildmodus),🖥️ Ρυθμιζόμενο μέγεθος οθόνης (Κανονική και Ευρεία λειτουργία),🖥️ એડજસ્ટેબલ સ્ક્રીન કદ (સામાન્ય અને વિશાળ મોડ),🖥️ גודל מסך מתכוונן (מצב רגיל ורחב),🖥️ समायोज्य स्क्रीन आकार (सामान्य और चौड़ा मोड),🖥️ Állítható képernyőméret (Normál és Széles mód),🖥️ Stillanleg skjástærð (Venjuleg og Breið stilling),🖥️ Ukuran layar dapat disesuaikan (Mode Normal & Lebar),🖥️ Dimensioni dello schermo regolabili (modalità Normale e Grande),🖥️ 画面サイズ切り替え機能（ノーマル＆ワイドモード）,🖥️ ಹೊಂದಾಣಿಕೆ ಮಾಡಬಹುದಾದ ಪರದೆಯ ಗಾತ್ರ (ಸಾಮಾನ್ಯ ಮತ್ತು ದೊಡ್ಡ ಮೋಡ್),🖥️ Реттелетін экран өлшемі (Қалыпты және Кең режим),🖥️ 조절 가능한 화면 크기 (일반 및 와이드 모드),🖥️ قەبارەی شاشەی ڕێکخراو (دۆخی ئاسایی و پان),🖥️ Pielāgojams ekrāna izmērs (Parastais un Platais režīms),🖥️ Reguliuojamas ekrano dydis (Įprastas ir Platus režimas),🖥️ Прилагодлива големина на екранот (Нормален и Широк режим),"🖥️ ക്രമീകരിക്കാവുന്ന സ്‌ക്രീൻ വലുപ്പം (സാധാരണ, വലിയ മോഡ്)",🖥️ समायोज्य स्क्रीन आकार (सामान्य आणि मोठा मोड),🖥️ Justerbar skjermstørrelse (Normal og Stor modus),🖥️ Regulowany rozmiar ekranu (tryb Normalny i Duży),🖥️ Tamanho de tela ajustável (Modos Normal e Grande),🖥️ Tamanho de ecrã ajustável (Modos Normal e Grande),🖥️ ਵਿਵਸਥਿਤ ਸਕ੍ਰੀਨ ਆਕਾਰ (ਆਮ ਅਤੇ ਵੱਡਾ ਮੋਡ),🖥️ Dimensiune reglabilă a ecranului (mod Normal și Ecran Lat),🖥️ Настраиваемый размер экрана (Обычный и Широкий режим),🖥️ Podesiva veličina ekrana (Normalni i Široki režim),🖥️ වෙනස් කළ හැකි තිර ප්‍රමාණය (සාමාන්‍ය සහ විශාල ප්‍රකාරය),🖥️ Nastaviteľná veľkosť obrazovky (Normálny a Široký režim),🖥️ Nastavljiva velikost zaslona (Običajni in Široki način),🖥️ Tamaño de pantalla ajustable (Modo Normal y Grande),🖥️ Tamaño de pantalla ajustable (Modo Normal y Amplio),🖥️ Ukubwa wa skrini unaoweza kurekebishwa (Hali ya Kawaida & Kubwa),🖥️ Justerbar skärmstorlek (Normalt och Brett läge),🖥️ சரிசெய்யக்கூடிய திரை அளவு (இயல்பு மற்றும் பெரிய பயன்முறை),🖥️ సర్దుబాటు చేయగల స్క్రీన్ పరిమాణం (సాధారణ మరియు పెద్ద మోడ్),🖥️ ปรับขนาดหน้าจอได้ (โหมดปกติและโหมดกว้าง),🖥️ Налаштування розміру екрана (Звичайний та Широкий режим),🖥️ ایڈجسٹ ایبل اسکرین سائز (نارمل اور بڑا موڈ),🖥️ Sozlanishi mumkin bo'lgan ekran o'lchami (Oddiy va Keng rejim),🖥️ Kích thước màn hình tùy chỉnh (Chế độ Thường & Rộng)
Feature9,708,Text,,🎮 Customizable controls for better play comfort,🎮 Daha rahat oynanış için özelleştirilebilir kontrol ayarları,🎮 Kontrolle të personalizueshme për më shumë komoditet,🎮 ለተሻለ ምቾት ሊበጁ የሚችሉ መቆጣጠሪያዎች,🎮 إعدادات تحكم قابلة للتخصيص لراحة أكبر أثناء اللعب,🎮 Հարմարեցվող կառավարում՝ խաղի առավելագույն հարմարավետության համար,🎮 Rahat oyun üçün fərdiləşdirilə bilən idarəetmə,🎮 Наладжвальнае кіраванне для камфортнай гульні,🎮 আরামদায়ক খেলার জন্য কাস্টমাইজযোগ্য নিয়ন্ত্রণ,🎮 Prilagodljive kontrole za udobnije igranje,🎮 Персонализирани контроли за по-голямо удобство,🎮 Controls personalitzables per a major comoditat,🎮 可自定义控制设置，带来更舒适的操作手感,🎮 可自訂控制設定，帶來更舒適的操作體驗,🎮 Prilagodljive kontrole za ugodnije igranje,🎮 Přizpůsobitelné ovládání pro maximální pohodlí,🎮 Tilpasningsvenlig styring for optimal komfort,🎮 Aanpasbare besturing voor optimaal speelcomfort,🎮 Kohandatavad juhtnupud parema mängumugavuse tagamiseks,🎮 Mukautettavat ohjausasetukset parempaan pelimukavuuteen,🎮 Commandes personnalisables pour un meilleur confort de jeu,🎮 მორგებადი კონტროლი მეტი კომფორტისთვის,🎮 Anpassbare Steuerung für maximalen Spielkomfort,🎮 Προσαρμόσιμα κουμπιά χειρισμού για μεγαλύτερη άνεση,🎮 વધુ આરામ માટે કસ્ટમાઇઝ કરી શકાય તેવા નિયંત્રણો,🎮 בקרים הניתנים להתאמה אישית לחוויית משחק נוחה,🎮 बेहतर गेमप्ले के लिए अनुकूलन योग्य नियंत्रण,🎮 Testreszabható irányítás a kényelmes játékélményért,🎮 Sérstillanlegar stýringar fyrir meiri þægindi,🎮 Kontrol yang dapat disesuaikan untuk kenyamanan bermain,🎮 Controlli personalizzabili per un maggiore comfort di gioco,🎮 快適なプレイのためのカスタマイズ可能な操作設定,🎮 ಉತ್ತಮ ಆಟದ ಸೌಕರ್ಯಕ್ಕಾಗಿ ಕಸ್ಟಮೈಸ್ ಮಾಡಬಹುದಾದ ನಿಯಂತ್ರಣಗಳು,🎮 Ыңғайлы ойнау үшін бапталатын басқару элементтері,🎮 편안한 플레이를 위한 맞춤형 조작 설정,🎮 کۆنترۆڵی دەستکاریکراو بۆ ئاسوودەیی یاری کردن,🎮 Pielāgojamas vadības ierīces lielākam komfortam,🎮 Pritaikomi valdikliai didesniam patogumui,🎮 Прилагодливи контроли за поголема удобност при играње,🎮 മികച്ച പ്ലേ സുഖത്തിനായി ഇഷ്ടാനുസൃതമാക്കാവുന്ന നിയന്ത്രണങ്ങൾ,🎮 चांगल्या गेमप्लेसाठी सानुकूल करण्यायोग्य नियंत्रणे,🎮 Tilpassbare kontroller for maksimal komfort,🎮 Konfigurowalne sterowanie dla wyższego komfortu,🎮 Controles personalizáveis para maior conforto,🎮 Controlos personalizáveis para maior conforto de jogo,🎮 ਬਿਹਤਰ ਖੇਡ ਆਰਾਮ ਲਈ ਅਨੁਕੂਲਿਤ ਨਿਯੰਤਰਣ,🎮 Comenzi personalizabile pentru un confort sporit,🎮 Настраиваемое управление для максимального удобства,🎮 Prilagodljive kontrole za udobnije igranje,🎮 පහසු ක්‍රීඩා අත්දැකීමක් සඳහා සැකසිය හැකි පාලන,🎮 Prispôsobiteľné ovládanie pre lepšie pohodlie,🎮 Prilagodljive kontrole za večje udobje pri igranju,🎮 Controles personalizables para mayor comodidad de juego,🎮 Controles personalizables para jugar con mayor comodidad,🎮 Vidhibiti vinavyoweza kubadilishwa kwa urahisi wa kucheza,🎮 Anpassningsbara kontroller för bättre komfort,🎮 சிறந்த விளையாட்டு வசதிக்காக தனிப்பயனாக்கக்கூடிய கட்டுப்பாடுகள்,🎮 మెరుగైన సౌలభ్యం కోసం అనుకూలీకరించదగిన నియంత్రణలు,🎮 ปรับแต่งปุ่มควบคุมได้เพื่อความสะดวกสบายในการเล่น,🎮 Настроюване керування для максимального комфорту,🎮 بہتر کھیلنے کے آرام کے لیے حسب ضرورت کنٹرولز,🎮 O'yin qulayligi uchun sozlanadigan boshqaruv,🎮 Tùy chỉnh điều khiển mang lại sự thoải mái khi chơi
Feature10,709,Text,,👦 Perfectly suited for kids and families to enjoy together,👦 Çocukların ve ailelerin birlikte keyifle oynaması için ideal,👦 E përkryer për fëmijët dhe familjet për të luajtur së bashku,👦 ለህፃናት እና ቤተሰቦች አብረው ለመደሰት ፍጹም ተስማሚ,👦 مناسبة تماماً للأطفال والعائلات للاستمتاع بها معاً,👦 Կատարյալ է երեխաների և ընտանիքների համար,👦 Uşaqlar və ailələrin birlikdə oynaması üçün mükəmməldir,👦 Выдатна падыходзіць для дзяцей і сямейнага адпачынку,👦 শিশু এবং পরিবারের একসাথে উপভোগ করার জন্য উপযুক্ত,👦 Savršeno za djecu i porodice za zajedničku igru,👦 Перфектно за деца и семейства за съвместна игра,👦 Perfecte perquè nens i famílies juguin plegats,👦 非常适合孩子与家庭成员一同游玩,👦 非常適合孩子與家庭共同同樂,👦 Savršeno za zajedničko igranje djece i obitelji,👦 Skvělé pro děti a rodiny k společnému hraní,👦 Perfekt egnet til børn og familier,👦 Perfect voor kinderen en gezinnen om samen van te genieten,👦 Sobib ideaalselt lastele ja peredele koos nautimiseks,👦 Täydellinen lasten ja perheiden yhteiseen hauskanpitoon,👦 Parfaitement adapté aux enfants et aux familles,👦 იდეალურია ბავშვებისა და ოჯახებისთვის ერთად სათამაშოდ,👦 Perfekt für Kinder und Familien zum gemeinsamen Spielen,👦 Ιδανικό για παιδιά και οικογένειες για κοινό παιχνίδι,👦 બાળકો અને પરિવારો માટે સાથે રમવા માટે શ્રેષ્ઠ,👦 מושלם להנאה משותפת של ילדים ומשפחות,👦 बच्चों और परिवारों के साथ खेलने के लिए बिल्कुल सही,👦 Tökéletes gyerekeknek és családoknak a közös szórakozáshoz,👦 Fullkomið fyrir börn og fjölskyldur til að njóta saman,👦 Sangat cocok dinikmati bersama oleh anak-anak dan keluarga,👦 Perfetto per il divertimento di bambini e famiglie,👦 お子様やご家族で一緒に楽しむのに最適,👦 ಮಕ್ಕಳು ಮತ್ತು ಕುಟುಂಬಗಳು ಒಟ್ಟಿಗೆ ಆನಂದಿಸಲು ಸೂಕ್ತವಾಗಿದೆ,👦 Балалар мен отбасылардың бірге көңіл көтеруіне өте қолайлы,👦 어린이와 가족이 함께 즐기기에 최적화,👦 زۆر گونجاوە بۆ منداڵان و خێزانەکان بۆ پێکەوە یاری کردن,👦 Lieliski piemērota bērniem un ģimenēm kopīgai spēlēšanai,👦 Puikiai tinka vaikams ir šeimoms žaisti kartu,👦 Совршено за деца и семејства за заедничка игра,👦 കുട്ടികൾക്കും കുടുംബങ്ങൾക്കും ഒരുമിച്ച് ആസ്വദിക്കാൻ അനുയോജ്യം,👦 लहान मुले आणि कुटुंबांसाठी एकत्र खेळण्यासाठी उत्तम,👦 Perfekt for barn og familier å spille sammen,👦 Idealna gra dla dzieci i całych rodzin,👦 Perfeito para crianças e famílias jogarem juntas,👦 Perfeito para crianças e famílias desfrutarem juntas,👦 ਬੱਚਿਆਂ ਅਤੇ ਪਰਿਵਾਰਾਂ ਲਈ ਇਕੱਠੇ ਆਨੰਦ ਲੈਣ ਲਈ ਸੰਪੂਰਨ,👦 Perfect pentru copii și familii pentru distracție comună,👦 Отлично подходит для совместной игры детей и родителей,👦 Savršeno za decu i porodice za zajedničko uživanje,👦 ළමයින්ට සහ පවුලේ අයට එකට විනෝද වීමට වඩාත් සුදුසුය,👦 Perfektné pre deti a rodiny na spoločné hranie,👦 Odlično za skupno zabavo otrok in družin,👦 Ideal para que niños y familias disfruten juntos,👦 Perfecto para que niños y familias disfruten juntos,👦 Inafaa kabisa kwa watoto na familia kufurahia pamoja,👦 Perfekt för barn och familjer att spela tillsammans,👦 குழந்தைகள் மற்றும் குடும்பங்கள் ஒன்றாக விளையாட ஏற்றது,👦 పిల్లలు మరియు కుటుంబాలు కలిసి ఆస్వాదించడానికి అనువైనది,👦 เหมาะอย่างยิ่งสำหรับเด็กและครอบครัวที่จะเล่นร่วมกัน,👦 Ідеально підходить для спільної гри дітей та всієї родини,👦 بچوں اور خاندانوں کے لیے ایک ساتھ لطف اندوز ہونے کے لیے بہترین,👦 Bolalar va oilalar birgalikda o'ynashi uchun juda mos,👦 Hoàn hảo cho trẻ em và gia đình cùng trải nghiệm
Feature11,710,Text,,,,,,,,,,,,,,,,,,,,,,,,,,,,,,,,,,,,,,,,,,,,,,,,,,,,,,,,,,,,,,,,
Feature12,711,Text,,,,,,,,,,,,,,,,,,,,,,,,,,,,,,,,,,,,,,,,,,,,,,,,,,,,,,,,,,,,,,,,
Feature13,712,Text,,,,,,,,,,,,,,,,,,,,,,,,,,,,,,,,,,,,,,,,,,,,,,,,,,,,,,,,,,,,,,,,
Feature14,713,Text,,,,,,,,,,,,,,,,,,,,,,,,,,,,,,,,,,,,,,,,,,,,,,,,,,,,,,,,,,,,,,,,
Feature15,714,Text,,,,,,,,,,,,,,,,,,,,,,,,,,,,,,,,,,,,,,,,,,,,,,,,,,,,,,,,,,,,,,,,
Feature16,715,Text,,,,,,,,,,,,,,,,,,,,,,,,,,,,,,,,,,,,,,,,,,,,,,,,,,,,,,,,,,,,,,,,
Feature17,716,Text,,,,,,,,,,,,,,,,,,,,,,,,,,,,,,,,,,,,,,,,,,,,,,,,,,,,,,,,,,,,,,,,
Feature18,717,Text,,,,,,,,,,,,,,,,,,,,,,,,,,,,,,,,,,,,,,,,,,,,,,,,,,,,,,,,,,,,,,,,
Feature19,718,Text,,,,,,,,,,,,,,,,,,,,,,,,,,,,,,,,,,,,,,,,,,,,,,,,,,,,,,,,,,,,,,,,
Feature20,719,Text,,,,,,,,,,,,,,,,,,,,,,,,,,,,,,,,,,,,,,,,,,,,,,,,,,,,,,,,,,,,,,,,
MinimumHardwareReq1,800,Text,,,,,,,,,,,,,,,,,,,,,,,,,,,,,,,,,,,,,,,,,,,,,,,,,,,,,,,,,,,,,,,,
MinimumHardwareReq2,801,Text,,,,,,,,,,,,,,,,,,,,,,,,,,,,,,,,,,,,,,,,,,,,,,,,,,,,,,,,,,,,,,,,
MinimumHardwareReq3,802,Text,,,,,,,,,,,,,,,,,,,,,,,,,,,,,,,,,,,,,,,,,,,,,,,,,,,,,,,,,,,,,,,,
MinimumHardwareReq4,803,Text,,,,,,,,,,,,,,,,,,,,,,,,,,,,,,,,,,,,,,,,,,,,,,,,,,,,,,,,,,,,,,,,
MinimumHardwareReq5,804,Text,,,,,,,,,,,,,,,,,,,,,,,,,,,,,,,,,,,,,,,,,,,,,,,,,,,,,,,,,,,,,,,,
MinimumHardwareReq6,805,Text,,,,,,,,,,,,,,,,,,,,,,,,,,,,,,,,,,,,,,,,,,,,,,,,,,,,,,,,,,,,,,,,
MinimumHardwareReq7,806,Text,,,,,,,,,,,,,,,,,,,,,,,,,,,,,,,,,,,,,,,,,,,,,,,,,,,,,,,,,,,,,,,,
MinimumHardwareReq8,807,Text,,,,,,,,,,,,,,,,,,,,,,,,,,,,,,,,,,,,,,,,,,,,,,,,,,,,,,,,,,,,,,,,
MinimumHardwareReq9,808,Text,,,,,,,,,,,,,,,,,,,,,,,,,,,,,,,,,,,,,,,,,,,,,,,,,,,,,,,,,,,,,,,,
MinimumHardwareReq10,809,Text,,,,,,,,,,,,,,,,,,,,,,,,,,,,,,,,,,,,,,,,,,,,,,,,,,,,,,,,,,,,,,,,
MinimumHardwareReq11,810,Text,,,,,,,,,,,,,,,,,,,,,,,,,,,,,,,,,,,,,,,,,,,,,,,,,,,,,,,,,,,,,,,,
RecommendedHardwareReq1,850,Text,,,,,,,,,,,,,,,,,,,,,,,,,,,,,,,,,,,,,,,,,,,,,,,,,,,,,,,,,,,,,,,,
RecommendedHardwareReq2,851,Text,,,,,,,,,,,,,,,,,,,,,,,,,,,,,,,,,,,,,,,,,,,,,,,,,,,,,,,,,,,,,,,,
RecommendedHardwareReq3,852,Text,,,,,,,,,,,,,,,,,,,,,,,,,,,,,,,,,,,,,,,,,,,,,,,,,,,,,,,,,,,,,,,,
RecommendedHardwareReq4,853,Text,,,,,,,,,,,,,,,,,,,,,,,,,,,,,,,,,,,,,,,,,,,,,,,,,,,,,,,,,,,,,,,,
RecommendedHardwareReq5,854,Text,,,,,,,,,,,,,,,,,,,,,,,,,,,,,,,,,,,,,,,,,,,,,,,,,,,,,,,,,,,,,,,,
RecommendedHardwareReq6,855,Text,,,,,,,,,,,,,,,,,,,,,,,,,,,,,,,,,,,,,,,,,,,,,,,,,,,,,,,,,,,,,,,,
RecommendedHardwareReq7,856,Text,,,,,,,,,,,,,,,,,,,,,,,,,,,,,,,,,,,,,,,,,,,,,,,,,,,,,,,,,,,,,,,,
RecommendedHardwareReq8,857,Text,,,,,,,,,,,,,,,,,,,,,,,,,,,,,,,,,,,,,,,,,,,,,,,,,,,,,,,,,,,,,,,,
RecommendedHardwareReq9,858,Text,,,,,,,,,,,,,,,,,,,,,,,,,,,,,,,,,,,,,,,,,,,,,,,,,,,,,,,,,,,,,,,,
RecommendedHardwareReq10,859,Text,,,,,,,,,,,,,,,,,,,,,,,,,,,,,,,,,,,,,,,,,,,,,,,,,,,,,,,,,,,,,,,,
RecommendedHardwareReq11,860,Text,,,,,,,,,,,,,,,,,,,,,,,,,,,,,,,,,,,,,,,,,,,,,,,,,,,,,,,,,,,,,,,,
SearchTerm1,900,Text,,Shooter,Shooter,Shooter,Shooter,Shooter,Shooter,Shooter,Shooter,Shooter,Shooter,Shooter,Shooter,Shooter,Shooter,Shooter,Shooter,Shooter,Shooter,Shooter,Shooter,Shooter,Shooter,Shooter,Shooter,Shooter,Shooter,Shooter,Shooter,Shooter,Shooter,Shooter,Shooter,Shooter,Shooter,Shooter,Shooter,Shooter,Shooter,Shooter,Shooter,Shooter,Shooter,Shooter,Shooter,Shooter,Shooter,Shooter,Shooter,Shooter,Shooter,Shooter,Shooter,Shooter,Shooter,Shooter,Shooter,Shooter,Shooter,Shooter,Shooter,Shooter,Shooter,Shooter
SearchTerm2,901,Text,,2D Space Shooter,2D Space Shooter,2D Space Shooter,2D Space Shooter,2D Space Shooter,2D Space Shooter,2D Space Shooter,2D Space Shooter,2D Space Shooter,2D Space Shooter,2D Space Shooter,2D Space Shooter,2D Space Shooter,2D Space Shooter,2D Space Shooter,2D Space Shooter,2D Space Shooter,2D Space Shooter,2D Space Shooter,2D Space Shooter,2D Space Shooter,2D Space Shooter,2D Space Shooter,2D Space Shooter,2D Space Shooter,2D Space Shooter,2D Space Shooter,2D Space Shooter,2D Space Shooter,2D Space Shooter,2D Space Shooter,2D Space Shooter,2D Space Shooter,2D Space Shooter,2D Space Shooter,2D Space Shooter,2D Space Shooter,2D Space Shooter,2D Space Shooter,2D Space Shooter,2D Space Shooter,2D Space Shooter,2D Space Shooter,2D Space Shooter,2D Space Shooter,2D Space Shooter,2D Space Shooter,2D Space Shooter,2D Space Shooter,2D Space Shooter,2D Space Shooter,2D Space Shooter,2D Space Shooter,2D Space Shooter,2D Space Shooter,2D Space Shooter,2D Space Shooter,2D Space Shooter,2D Space Shooter,2D Space Shooter,2D Space Shooter,2D Space Shooter,2D Space Shooter
SearchTerm3,902,Text,,Space Ship,Space Ship,Space Ship,Space Ship,Space Ship,Space Ship,Space Ship,Space Ship,Space Ship,Space Ship,Space Ship,Space Ship,Space Ship,Space Ship,Space Ship,Space Ship,Space Ship,Space Ship,Space Ship,Space Ship,Space Ship,Space Ship,Space Ship,Space Ship,Space Ship,Space Ship,Space Ship,Space Ship,Space Ship,Space Ship,Space Ship,Space Ship,Space Ship,Space Ship,Space Ship,Space Ship,Space Ship,Space Ship,Space Ship,Space Ship,Space Ship,Space Ship,Space Ship,Space Ship,Space Ship,Space Ship,Space Ship,Space Ship,Space Ship,Space Ship,Space Ship,Space Ship,Space Ship,Space Ship,Space Ship,Space Ship,Space Ship,Space Ship,Space Ship,Space Ship,Space Ship,Space Ship,Space Ship
SearchTerm4,903,Text,,Shoot Them All,Shoot Them All,Shoot Them All,Shoot Them All,Shoot Them All,Shoot Them All,Shoot Them All,Shoot Them All,Shoot Them All,Shoot Them All,Shoot Them All,Shoot Them All,Shoot Them All,Shoot Them All,Shoot Them All,Shoot Them All,Shoot Them All,Shoot Them All,Shoot Them All,Shoot Them All,Shoot Them All,Shoot Them All,Shoot Them All,Shoot Them All,Shoot Them All,Shoot Them All,Shoot Them All,Shoot Them All,Shoot Them All,Shoot Them All,Shoot Them All,Shoot Them All,Shoot Them All,Shoot Them All,Shoot Them All,Shoot Them All,Shoot Them All,Shoot Them All,Shoot Them All,Shoot Them All,Shoot Them All,Shoot Them All,Shoot Them All,Shoot Them All,Shoot Them All,Shoot Them All,Shoot Them All,Shoot Them All,Shoot Them All,Shoot Them All,Shoot Them All,Shoot Them All,Shoot Them All,Shoot Them All,Shoot Them All,Shoot Them All,Shoot Them All,Shoot Them All,Shoot Them All,Shoot Them All,Shoot Them All,Shoot Them All,Shoot Them All
SearchTerm5,904,Text,,game for kids,game for kids,game for kids,game for kids,game for kids,game for kids,game for kids,game for kids,game for kids,game for kids,game for kids,game for kids,game for kids,game for kids,game for kids,game for kids,game for kids,game for kids,game for kids,game for kids,game for kids,game for kids,game for kids,game for kids,game for kids,game for kids,game for kids,game for kids,game for kids,game for kids,game for kids,game for kids,game for kids,game for kids,game for kids,game for kids,game for kids,game for kids,game for kids,game for kids,game for kids,game for kids,game for kids,game for kids,game for kids,game for kids,game for kids,game for kids,game for kids,game for kids,game for kids,game for kids,game for kids,game for kids,game for kids,game for kids,game for kids,game for kids,game for kids,game for kids,game for kids,game for kids,game for kids
SearchTerm6,905,Text,,kids game,kids game,kids game,kids game,kids game,kids game,kids game,kids game,kids game,kids game,kids game,kids game,kids game,kids game,kids game,kids game,kids game,kids game,kids game,kids game,kids game,kids game,kids game,kids game,kids game,kids game,kids game,kids game,kids game,kids game,kids game,kids game,kids game,kids game,kids game,kids game,kids game,kids game,kids game,kids game,kids game,kids game,kids game,kids game,kids game,kids game,kids game,kids game,kids game,kids game,kids game,kids game,kids game,kids game,kids game,kids game,kids game,kids game,kids game,kids game,kids game,kids game,kids game
SearchTerm7,906,Text,,casual 2D shooter,casual 2D shooter,casual 2D shooter,casual 2D shooter,casual 2D shooter,casual 2D shooter,casual 2D shooter,casual 2D shooter,casual 2D shooter,casual 2D shooter,casual 2D shooter,casual 2D shooter,casual 2D shooter,casual 2D shooter,casual 2D shooter,casual 2D shooter,casual 2D shooter,casual 2D shooter,casual 2D shooter,casual 2D shooter,casual 2D shooter,casual 2D shooter,casual 2D shooter,casual 2D shooter,casual 2D shooter,casual 2D shooter,casual 2D shooter,casual 2D shooter,casual 2D shooter,casual 2D shooter,casual 2D shooter,casual 2D shooter,casual 2D shooter,casual 2D shooter,casual 2D shooter,casual 2D shooter,casual 2D shooter,casual 2D shooter,casual 2D shooter,casual 2D shooter,casual 2D shooter,casual 2D shooter,casual 2D shooter,casual 2D shooter,casual 2D shooter,casual 2D shooter,casual 2D shooter,casual 2D shooter,casual 2D shooter,casual 2D shooter,casual 2D shooter,casual 2D shooter,casual 2D shooter,casual 2D shooter,casual 2D shooter,casual 2D shooter,casual 2D shooter,casual 2D shooter,casual 2D shooter,casual 2D shooter,casual 2D shooter,casual 2D shooter,casual 2D shooter
TrailerToPlayAtTopOfListing,999,Relative path (or URL to file in Partner Center),,https://developer.microsoft.com/en-us/dashboard/apps/9WZDNCRDPZNH/submissions/1152921505701756398/trailers/3070145986983568122,https://developer.microsoft.com/en-us/dashboard/apps/9WZDNCRDPZNH/submissions/1152921505701756398/trailers/3070145986983568122,https://developer.microsoft.com/en-us/dashboard/apps/9WZDNCRDPZNH/submissions/1152921505701756398/trailers/3070145986983568122,https://developer.microsoft.com/en-us/dashboard/apps/9WZDNCRDPZNH/submissions/1152921505701756398/trailers/3070145986983568122,https://developer.microsoft.com/en-us/dashboard/apps/9WZDNCRDPZNH/submissions/1152921505701756398/trailers/3070145986983568122,https://developer.microsoft.com/en-us/dashboard/apps/9WZDNCRDPZNH/submissions/1152921505701756398/trailers/3070145986983568122,https://developer.microsoft.com/en-us/dashboard/apps/9WZDNCRDPZNH/submissions/1152921505701756398/trailers/3070145986983568122,https://developer.microsoft.com/en-us/dashboard/apps/9WZDNCRDPZNH/submissions/1152921505701756398/trailers/3070145986983568122,https://developer.microsoft.com/en-us/dashboard/apps/9WZDNCRDPZNH/submissions/1152921505701756398/trailers/3070145986983568122,https://developer.microsoft.com/en-us/dashboard/apps/9WZDNCRDPZNH/submissions/1152921505701756398/trailers/3070145986983568122,https://developer.microsoft.com/en-us/dashboard/apps/9WZDNCRDPZNH/submissions/1152921505701756398/trailers/3070145986983568122,https://developer.microsoft.com/en-us/dashboard/apps/9WZDNCRDPZNH/submissions/1152921505701756398/trailers/3070145986983568122,https://developer.microsoft.com/en-us/dashboard/apps/9WZDNCRDPZNH/submissions/1152921505701756398/trailers/3070145986983568122,https://developer.microsoft.com/en-us/dashboard/apps/9WZDNCRDPZNH/submissions/1152921505701756398/trailers/3070145986983568122,https://developer.microsoft.com/en-us/dashboard/apps/9WZDNCRDPZNH/submissions/1152921505701756398/trailers/3070145986983568122,https://developer.microsoft.com/en-us/dashboard/apps/9WZDNCRDPZNH/submissions/1152921505701756398/trailers/3070145986983568122,https://developer.microsoft.com/en-us/dashboard/apps/9WZDNCRDPZNH/submissions/1152921505701756398/trailers/3070145986983568122,https://developer.microsoft.com/en-us/dashboard/apps/9WZDNCRDPZNH/submissions/1152921505701756398/trailers/3070145986983568122,https://developer.microsoft.com/en-us/dashboard/apps/9WZDNCRDPZNH/submissions/1152921505701756398/trailers/3070145986983568122,https://developer.microsoft.com/en-us/dashboard/apps/9WZDNCRDPZNH/submissions/1152921505701756398/trailers/3070145986983568122,https://developer.microsoft.com/en-us/dashboard/apps/9WZDNCRDPZNH/submissions/1152921505701756398/trailers/3070145986983568122,https://developer.microsoft.com/en-us/dashboard/apps/9WZDNCRDPZNH/submissions/1152921505701756398/trailers/3070145986983568122,https://developer.microsoft.com/en-us/dashboard/apps/9WZDNCRDPZNH/submissions/1152921505701756398/trailers/3070145986983568122,https://developer.microsoft.com/en-us/dashboard/apps/9WZDNCRDPZNH/submissions/1152921505701756398/trailers/3070145986983568122,https://developer.microsoft.com/en-us/dashboard/apps/9WZDNCRDPZNH/submissions/1152921505701756398/trailers/3070145986983568122,https://developer.microsoft.com/en-us/dashboard/apps/9WZDNCRDPZNH/submissions/1152921505701756398/trailers/3070145986983568122,https://developer.microsoft.com/en-us/dashboard/apps/9WZDNCRDPZNH/submissions/1152921505701756398/trailers/3070145986983568122,https://developer.microsoft.com/en-us/dashboard/apps/9WZDNCRDPZNH/submissions/1152921505701756398/trailers/3070145986983568122,https://developer.microsoft.com/en-us/dashboard/apps/9WZDNCRDPZNH/submissions/1152921505701756398/trailers/3070145986983568122,https://developer.microsoft.com/en-us/dashboard/apps/9WZDNCRDPZNH/submissions/1152921505701756398/trailers/3070145986983568122,https://developer.microsoft.com/en-us/dashboard/apps/9WZDNCRDPZNH/submissions/1152921505701756398/trailers/3070145986983568122,https://developer.microsoft.com/en-us/dashboard/apps/9WZDNCRDPZNH/submissions/1152921505701756398/trailers/3070145986983568122,https://developer.microsoft.com/en-us/dashboard/apps/9WZDNCRDPZNH/submissions/1152921505701756398/trailers/3070145986983568122,https://developer.microsoft.com/en-us/dashboard/apps/9WZDNCRDPZNH/submissions/1152921505701756398/trailers/3070145986983568122,https://developer.microsoft.com/en-us/dashboard/apps/9WZDNCRDPZNH/submissions/1152921505701756398/trailers/3070145986983568122,https://developer.microsoft.com/en-us/dashboard/apps/9WZDNCRDPZNH/submissions/1152921505701756398/trailers/3070145986983568122,https://developer.microsoft.com/en-us/dashboard/apps/9WZDNCRDPZNH/submissions/1152921505701756398/trailers/3070145986983568122,https://developer.microsoft.com/en-us/dashboard/apps/9WZDNCRDPZNH/submissions/1152921505701756398/trailers/3070145986983568122,https://developer.microsoft.com/en-us/dashboard/apps/9WZDNCRDPZNH/submissions/1152921505701756398/trailers/3070145986983568122,https://developer.microsoft.com/en-us/dashboard/apps/9WZDNCRDPZNH/submissions/1152921505701756398/trailers/3070145986983568122,https://developer.microsoft.com/en-us/dashboard/apps/9WZDNCRDPZNH/submissions/1152921505701756398/trailers/3070145986983568122,https://developer.microsoft.com/en-us/dashboard/apps/9WZDNCRDPZNH/submissions/1152921505701756398/trailers/3070145986983568122,https://developer.microsoft.com/en-us/dashboard/apps/9WZDNCRDPZNH/submissions/1152921505701756398/trailers/3070145986983568122,https://developer.microsoft.com/en-us/dashboard/apps/9WZDNCRDPZNH/submissions/1152921505701756398/trailers/3070145986983568122,https://developer.microsoft.com/en-us/dashboard/apps/9WZDNCRDPZNH/submissions/1152921505701756398/trailers/3070145986983568122,https://developer.microsoft.com/en-us/dashboard/apps/9WZDNCRDPZNH/submissions/1152921505701756398/trailers/3070145986983568122,https://developer.microsoft.com/en-us/dashboard/apps/9WZDNCRDPZNH/submissions/1152921505701756398/trailers/3070145986983568122,https://developer.microsoft.com/en-us/dashboard/apps/9WZDNCRDPZNH/submissions/1152921505701756398/trailers/3070145986983568122,https://developer.microsoft.com/en-us/dashboard/apps/9WZDNCRDPZNH/submissions/1152921505701756398/trailers/3070145986983568122,https://developer.microsoft.com/en-us/dashboard/apps/9WZDNCRDPZNH/submissions/1152921505701756398/trailers/3070145986983568122,https://developer.microsoft.com/en-us/dashboard/apps/9WZDNCRDPZNH/submissions/1152921505701756398/trailers/3070145986983568122,https://developer.microsoft.com/en-us/dashboard/apps/9WZDNCRDPZNH/submissions/1152921505701756398/trailers/3070145986983568122,https://developer.microsoft.com/en-us/dashboard/apps/9WZDNCRDPZNH/submissions/1152921505701756398/trailers/3070145986983568122,https://developer.microsoft.com/en-us/dashboard/apps/9WZDNCRDPZNH/submissions/1152921505701756398/trailers/3070145986983568122,https://developer.microsoft.com/en-us/dashboard/apps/9WZDNCRDPZNH/submissions/1152921505701756398/trailers/3070145986983568122,https://developer.microsoft.com/en-us/dashboard/apps/9WZDNCRDPZNH/submissions/1152921505701756398/trailers/3070145986983568122,https://developer.microsoft.com/en-us/dashboard/apps/9WZDNCRDPZNH/submissions/1152921505701756398/trailers/3070145986983568122,https://developer.microsoft.com/en-us/dashboard/apps/9WZDNCRDPZNH/submissions/1152921505701756398/trailers/3070145986983568122,https://developer.microsoft.com/en-us/dashboard/apps/9WZDNCRDPZNH/submissions/1152921505701756398/trailers/3070145986983568122,https://developer.microsoft.com/en-us/dashboard/apps/9WZDNCRDPZNH/submissions/1152921505701756398/trailers/3070145986983568122,https://developer.microsoft.com/en-us/dashboard/apps/9WZDNCRDPZNH/submissions/1152921505701756398/trailers/3070145986983568122,https://developer.microsoft.com/en-us/dashboard/apps/9WZDNCRDPZNH/submissions/1152921505701756398/trailers/3070145986983568122,https://developer.microsoft.com/en-us/dashboard/apps/9WZDNCRDPZNH/submissions/1152921505701756398/trailers/3070145986983568122
Trailer1,1000,Relative path (or URL to file in Partner Center),,https://developer.microsoft.com/en-us/dashboard/apps/9WZDNCRDPZNH/submissions/1152921505701756398/trailers/3070145986983568122,https://developer.microsoft.com/en-us/dashboard/apps/9WZDNCRDPZNH/submissions/1152921505701756398/trailers/3070145986983568122,https://developer.microsoft.com/en-us/dashboard/apps/9WZDNCRDPZNH/submissions/1152921505701756398/trailers/3070145986983568122,https://developer.microsoft.com/en-us/dashboard/apps/9WZDNCRDPZNH/submissions/1152921505701756398/trailers/3070145986983568122,https://developer.microsoft.com/en-us/dashboard/apps/9WZDNCRDPZNH/submissions/1152921505701756398/trailers/3070145986983568122,https://developer.microsoft.com/en-us/dashboard/apps/9WZDNCRDPZNH/submissions/1152921505701756398/trailers/3070145986983568122,https://developer.microsoft.com/en-us/dashboard/apps/9WZDNCRDPZNH/submissions/1152921505701756398/trailers/3070145986983568122,https://developer.microsoft.com/en-us/dashboard/apps/9WZDNCRDPZNH/submissions/1152921505701756398/trailers/3070145986983568122,https://developer.microsoft.com/en-us/dashboard/apps/9WZDNCRDPZNH/submissions/1152921505701756398/trailers/3070145986983568122,https://developer.microsoft.com/en-us/dashboard/apps/9WZDNCRDPZNH/submissions/1152921505701756398/trailers/3070145986983568122,https://developer.microsoft.com/en-us/dashboard/apps/9WZDNCRDPZNH/submissions/1152921505701756398/trailers/3070145986983568122,https://developer.microsoft.com/en-us/dashboard/apps/9WZDNCRDPZNH/submissions/1152921505701756398/trailers/3070145986983568122,https://developer.microsoft.com/en-us/dashboard/apps/9WZDNCRDPZNH/submissions/1152921505701756398/trailers/3070145986983568122,https://developer.microsoft.com/en-us/dashboard/apps/9WZDNCRDPZNH/submissions/1152921505701756398/trailers/3070145986983568122,https://developer.microsoft.com/en-us/dashboard/apps/9WZDNCRDPZNH/submissions/1152921505701756398/trailers/3070145986983568122,https://developer.microsoft.com/en-us/dashboard/apps/9WZDNCRDPZNH/submissions/1152921505701756398/trailers/3070145986983568122,https://developer.microsoft.com/en-us/dashboard/apps/9WZDNCRDPZNH/submissions/1152921505701756398/trailers/3070145986983568122,https://developer.microsoft.com/en-us/dashboard/apps/9WZDNCRDPZNH/submissions/1152921505701756398/trailers/3070145986983568122,https://developer.microsoft.com/en-us/dashboard/apps/9WZDNCRDPZNH/submissions/1152921505701756398/trailers/3070145986983568122,https://developer.microsoft.com/en-us/dashboard/apps/9WZDNCRDPZNH/submissions/1152921505701756398/trailers/3070145986983568122,https://developer.microsoft.com/en-us/dashboard/apps/9WZDNCRDPZNH/submissions/1152921505701756398/trailers/3070145986983568122,https://developer.microsoft.com/en-us/dashboard/apps/9WZDNCRDPZNH/submissions/1152921505701756398/trailers/3070145986983568122,https://developer.microsoft.com/en-us/dashboard/apps/9WZDNCRDPZNH/submissions/1152921505701756398/trailers/3070145986983568122,https://developer.microsoft.com/en-us/dashboard/apps/9WZDNCRDPZNH/submissions/1152921505701756398/trailers/3070145986983568122,https://developer.microsoft.com/en-us/dashboard/apps/9WZDNCRDPZNH/submissions/1152921505701756398/trailers/3070145986983568122,https://developer.microsoft.com/en-us/dashboard/apps/9WZDNCRDPZNH/submissions/1152921505701756398/trailers/3070145986983568122,https://developer.microsoft.com/en-us/dashboard/apps/9WZDNCRDPZNH/submissions/1152921505701756398/trailers/3070145986983568122,https://developer.microsoft.com/en-us/dashboard/apps/9WZDNCRDPZNH/submissions/1152921505701756398/trailers/3070145986983568122,https://developer.microsoft.com/en-us/dashboard/apps/9WZDNCRDPZNH/submissions/1152921505701756398/trailers/3070145986983568122,https://developer.microsoft.com/en-us/dashboard/apps/9WZDNCRDPZNH/submissions/1152921505701756398/trailers/3070145986983568122,https://developer.microsoft.com/en-us/dashboard/apps/9WZDNCRDPZNH/submissions/1152921505701756398/trailers/3070145986983568122,https://developer.microsoft.com/en-us/dashboard/apps/9WZDNCRDPZNH/submissions/1152921505701756398/trailers/3070145986983568122,https://developer.microsoft.com/en-us/dashboard/apps/9WZDNCRDPZNH/submissions/1152921505701756398/trailers/3070145986983568122,https://developer.microsoft.com/en-us/dashboard/apps/9WZDNCRDPZNH/submissions/1152921505701756398/trailers/3070145986983568122,https://developer.microsoft.com/en-us/dashboard/apps/9WZDNCRDPZNH/submissions/1152921505701756398/trailers/3070145986983568122,https://developer.microsoft.com/en-us/dashboard/apps/9WZDNCRDPZNH/submissions/1152921505701756398/trailers/3070145986983568122,https://developer.microsoft.com/en-us/dashboard/apps/9WZDNCRDPZNH/submissions/1152921505701756398/trailers/3070145986983568122,https://developer.microsoft.com/en-us/dashboard/apps/9WZDNCRDPZNH/submissions/1152921505701756398/trailers/3070145986983568122,https://developer.microsoft.com/en-us/dashboard/apps/9WZDNCRDPZNH/submissions/1152921505701756398/trailers/3070145986983568122,https://developer.microsoft.com/en-us/dashboard/apps/9WZDNCRDPZNH/submissions/1152921505701756398/trailers/3070145986983568122,https://developer.microsoft.com/en-us/dashboard/apps/9WZDNCRDPZNH/submissions/1152921505701756398/trailers/3070145986983568122,https://developer.microsoft.com/en-us/dashboard/apps/9WZDNCRDPZNH/submissions/1152921505701756398/trailers/3070145986983568122,https://developer.microsoft.com/en-us/dashboard/apps/9WZDNCRDPZNH/submissions/1152921505701756398/trailers/3070145986983568122,https://developer.microsoft.com/en-us/dashboard/apps/9WZDNCRDPZNH/submissions/1152921505701756398/trailers/3070145986983568122,https://developer.microsoft.com/en-us/dashboard/apps/9WZDNCRDPZNH/submissions/1152921505701756398/trailers/3070145986983568122,https://developer.microsoft.com/en-us/dashboard/apps/9WZDNCRDPZNH/submissions/1152921505701756398/trailers/3070145986983568122,https://developer.microsoft.com/en-us/dashboard/apps/9WZDNCRDPZNH/submissions/1152921505701756398/trailers/3070145986983568122,https://developer.microsoft.com/en-us/dashboard/apps/9WZDNCRDPZNH/submissions/1152921505701756398/trailers/3070145986983568122,https://developer.microsoft.com/en-us/dashboard/apps/9WZDNCRDPZNH/submissions/1152921505701756398/trailers/3070145986983568122,https://developer.microsoft.com/en-us/dashboard/apps/9WZDNCRDPZNH/submissions/1152921505701756398/trailers/3070145986983568122,https://developer.microsoft.com/en-us/dashboard/apps/9WZDNCRDPZNH/submissions/1152921505701756398/trailers/3070145986983568122,https://developer.microsoft.com/en-us/dashboard/apps/9WZDNCRDPZNH/submissions/1152921505701756398/trailers/3070145986983568122,https://developer.microsoft.com/en-us/dashboard/apps/9WZDNCRDPZNH/submissions/1152921505701756398/trailers/3070145986983568122,https://developer.microsoft.com/en-us/dashboard/apps/9WZDNCRDPZNH/submissions/1152921505701756398/trailers/3070145986983568122,https://developer.microsoft.com/en-us/dashboard/apps/9WZDNCRDPZNH/submissions/1152921505701756398/trailers/3070145986983568122,https://developer.microsoft.com/en-us/dashboard/apps/9WZDNCRDPZNH/submissions/1152921505701756398/trailers/3070145986983568122,https://developer.microsoft.com/en-us/dashboard/apps/9WZDNCRDPZNH/submissions/1152921505701756398/trailers/3070145986983568122,https://developer.microsoft.com/en-us/dashboard/apps/9WZDNCRDPZNH/submissions/1152921505701756398/trailers/3070145986983568122,https://developer.microsoft.com/en-us/dashboard/apps/9WZDNCRDPZNH/submissions/1152921505701756398/trailers/3070145986983568122,https://developer.microsoft.com/en-us/dashboard/apps/9WZDNCRDPZNH/submissions/1152921505701756398/trailers/3070145986983568122,https://developer.microsoft.com/en-us/dashboard/apps/9WZDNCRDPZNH/submissions/1152921505701756398/trailers/3070145986983568122,https://developer.microsoft.com/en-us/dashboard/apps/9WZDNCRDPZNH/submissions/1152921505701756398/trailers/3070145986983568122,https://developer.microsoft.com/en-us/dashboard/apps/9WZDNCRDPZNH/submissions/1152921505701756398/trailers/3070145986983568122
Trailer2,1001,Relative path (or URL to file in Partner Center),,,,,,,,,,,,,,,,,,,,,,,,,,,,,,,,,,,,,,,,,,,,,,,,,,,,,,,,,,,,,,,,
Trailer3,1002,Relative path (or URL to file in Partner Center),,,,,,,,,,,,,,,,,,,,,,,,,,,,,,,,,,,,,,,,,,,,,,,,,,,,,,,,,,,,,,,,
Trailer4,1003,Relative path (or URL to file in Partner Center),,,,,,,,,,,,,,,,,,,,,,,,,,,,,,,,,,,,,,,,,,,,,,,,,,,,,,,,,,,,,,,,
Trailer5,1004,Relative path (or URL to file in Partner Center),,,,,,,,,,,,,,,,,,,,,,,,,,,,,,,,,,,,,,,,,,,,,,,,,,,,,,,,,,,,,,,,
Trailer6,1005,Relative path (or URL to file in Partner Center),,,,,,,,,,,,,,,,,,,,,,,,,,,,,,,,,,,,,,,,,,,,,,,,,,,,,,,,,,,,,,,,
Trailer7,1006,Relative path (or URL to file in Partner Center),,,,,,,,,,,,,,,,,,,,,,,,,,,,,,,,,,,,,,,,,,,,,,,,,,,,,,,,,,,,,,,,
Trailer8,1007,Relative path (or URL to file in Partner Center),,,,,,,,,,,,,,,,,,,,,,,,,,,,,,,,,,,,,,,,,,,,,,,,,,,,,,,,,,,,,,,,
Trailer9,1008,Relative path (or URL to file in Partner Center),,,,,,,,,,,,,,,,,,,,,,,,,,,,,,,,,,,,,,,,,,,,,,,,,,,,,,,,,,,,,,,,
Trailer10,1009,Relative path (or URL to file in Partner Center),,,,,,,,,,,,,,,,,,,,,,,,,,,,,,,,,,,,,,,,,,,,,,,,,,,,,,,,,,,,,,,,
Trailer11,1010,Relative path (or URL to file in Partner Center),,,,,,,,,,,,,,,,,,,,,,,,,,,,,,,,,,,,,,,,,,,,,,,,,,,,,,,,,,,,,,,,
Trailer12,1011,Relative path (or URL to file in Partner Center),,,,,,,,,,,,,,,,,,,,,,,,,,,,,,,,,,,,,,,,,,,,,,,,,,,,,,,,,,,,,,,,
Trailer13,1012,Relative path (or URL to file in Partner Center),,,,,,,,,,,,,,,,,,,,,,,,,,,,,,,,,,,,,,,,,,,,,,,,,,,,,,,,,,,,,,,,
Trailer14,1013,Relative path (or URL to file in Partner Center),,,,,,,,,,,,,,,,,,,,,,,,,,,,,,,,,,,,,,,,,,,,,,,,,,,,,,,,,,,,,,,,
Trailer15,1014,Relative path (or URL to file in Partner Center),,,,,,,,,,,,,,,,,,,,,,,,,,,,,,,,,,,,,,,,,,,,,,,,,,,,,,,,,,,,,,,,
TrailerTitle1,1020,Text,,A picture of our spaceship against all the bosses.,A picture of our spaceship against all the bosses.,A picture of our spaceship against all the bosses.,A picture of our spaceship against all the bosses.,A picture of our spaceship against all the bosses.,A picture of our spaceship against all the bosses.,A picture of our spaceship against all the bosses.,A picture of our spaceship against all the bosses.,A picture of our spaceship against all the bosses.,A picture of our spaceship against all the bosses.,A picture of our spaceship against all the bosses.,A picture of our spaceship against all the bosses.,A picture of our spaceship against all the bosses.,A picture of our spaceship against all the bosses.,A picture of our spaceship against all the bosses.,A picture of our spaceship against all the bosses.,A picture of our spaceship against all the bosses.,A picture of our spaceship against all the bosses.,A picture of our spaceship against all the bosses.,A picture of our spaceship against all the bosses.,A picture of our spaceship against all the bosses.,A picture of our spaceship against all the bosses.,A picture of our spaceship against all the bosses.,A picture of our spaceship against all the bosses.,A picture of our spaceship against all the bosses.,A picture of our spaceship against all the bosses.,A picture of our spaceship against all the bosses.,A picture of our spaceship against all the bosses.,A picture of our spaceship against all the bosses.,A picture of our spaceship against all the bosses.,A picture of our spaceship against all the bosses.,A picture of our spaceship against all the bosses.,A picture of our spaceship against all the bosses.,A picture of our spaceship against all the bosses.,A picture of our spaceship against all the bosses.,A picture of our spaceship against all the bosses.,A picture of our spaceship against all the bosses.,A picture of our spaceship against all the bosses.,A picture of our spaceship against all the bosses.,A picture of our spaceship against all the bosses.,A picture of our spaceship against all the bosses.,A picture of our spaceship against all the bosses.,A picture of our spaceship against all the bosses.,A picture of our spaceship against all the bosses.,A picture of our spaceship against all the bosses.,A picture of our spaceship against all the bosses.,A picture of our spaceship against all the bosses.,A picture of our spaceship against all the bosses.,A picture of our spaceship against all the bosses.,A picture of our spaceship against all the bosses.,A picture of our spaceship against all the bosses.,A picture of our spaceship against all the bosses.,A picture of our spaceship against all the bosses.,A picture of our spaceship against all the bosses.,A picture of our spaceship against all the bosses.,A picture of our spaceship against all the bosses.,A picture of our spaceship against all the bosses.,A picture of our spaceship against all the bosses.,A picture of our spaceship against all the bosses.,A picture of our spaceship against all the bosses.,A picture of our spaceship against all the bosses.,A picture of our spaceship against all the bosses.,A picture of our spaceship against all the bosses.
TrailerTitle2,1021,Text,,,,,,,,,,,,,,,,,,,,,,,,,,,,,,,,,,,,,,,,,,,,,,,,,,,,,,,,,,,,,,,,
TrailerTitle3,1022,Text,,,,,,,,,,,,,,,,,,,,,,,,,,,,,,,,,,,,,,,,,,,,,,,,,,,,,,,,,,,,,,,,
TrailerTitle4,1023,Text,,,,,,,,,,,,,,,,,,,,,,,,,,,,,,,,,,,,,,,,,,,,,,,,,,,,,,,,,,,,,,,,
TrailerTitle5,1024,Text,,,,,,,,,,,,,,,,,,,,,,,,,,,,,,,,,,,,,,,,,,,,,,,,,,,,,,,,,,,,,,,,
TrailerTitle6,1025,Text,,,,,,,,,,,,,,,,,,,,,,,,,,,,,,,,,,,,,,,,,,,,,,,,,,,,,,,,,,,,,,,,
TrailerTitle7,1026,Text,,,,,,,,,,,,,,,,,,,,,,,,,,,,,,,,,,,,,,,,,,,,,,,,,,,,,,,,,,,,,,,,
TrailerTitle8,1027,Text,,,,,,,,,,,,,,,,,,,,,,,,,,,,,,,,,,,,,,,,,,,,,,,,,,,,,,,,,,,,,,,,
TrailerTitle9,1028,Text,,,,,,,,,,,,,,,,,,,,,,,,,,,,,,,,,,,,,,,,,,,,,,,,,,,,,,,,,,,,,,,,
TrailerTitle10,1029,Text,,,,,,,,,,,,,,,,,,,,,,,,,,,,,,,,,,,,,,,,,,,,,,,,,,,,,,,,,,,,,,,,
TrailerTitle11,1030,Text,,,,,,,,,,,,,,,,,,,,,,,,,,,,,,,,,,,,,,,,,,,,,,,,,,,,,,,,,,,,,,,,
TrailerTitle12,1031,Text,,,,,,,,,,,,,,,,,,,,,,,,,,,,,,,,,,,,,,,,,,,,,,,,,,,,,,,,,,,,,,,,
TrailerTitle13,1032,Text,,,,,,,,,,,,,,,,,,,,,,,,,,,,,,,,,,,,,,,,,,,,,,,,,,,,,,,,,,,,,,,,
TrailerTitle14,1033,Text,,,,,,,,,,,,,,,,,,,,,,,,,,,,,,,,,,,,,,,,,,,,,,,,,,,,,,,,,,,,,,,,
TrailerTitle15,1034,Text,,,,,,,,,,,,,,,,,,,,,,,,,,,,,,,,,,,,,,,,,,,,,,,,,,,,,,,,,,,,,,,,
TrailerThumbnail1,1040,Relative path (or URL to file in Partner Center),,https://developer.microsoft.com/en-us/dashboard/apps/9WZDNCRDPZNH/submissions/1152921505701756398/trailers/1152922700023382856/assets/3045631306895384476,https://developer.microsoft.com/en-us/dashboard/apps/9WZDNCRDPZNH/submissions/1152921505701756398/trailers/1152922700023382856/assets/3045631306895384476,https://developer.microsoft.com/en-us/dashboard/apps/9WZDNCRDPZNH/submissions/1152921505701756398/trailers/1152922700023382856/assets/3045631306895384476,https://developer.microsoft.com/en-us/dashboard/apps/9WZDNCRDPZNH/submissions/1152921505701756398/trailers/1152922700023382856/assets/3045631306895384476,https://developer.microsoft.com/en-us/dashboard/apps/9WZDNCRDPZNH/submissions/1152921505701756398/trailers/1152922700023382856/assets/3045631306895384476,https://developer.microsoft.com/en-us/dashboard/apps/9WZDNCRDPZNH/submissions/1152921505701756398/trailers/1152922700023382856/assets/3045631306895384476,https://developer.microsoft.com/en-us/dashboard/apps/9WZDNCRDPZNH/submissions/1152921505701756398/trailers/1152922700023382856/assets/3045631306895384476,https://developer.microsoft.com/en-us/dashboard/apps/9WZDNCRDPZNH/submissions/1152921505701756398/trailers/1152922700023382856/assets/3045631306895384476,https://developer.microsoft.com/en-us/dashboard/apps/9WZDNCRDPZNH/submissions/1152921505701756398/trailers/1152922700023382856/assets/3045631306895384476,https://developer.microsoft.com/en-us/dashboard/apps/9WZDNCRDPZNH/submissions/1152921505701756398/trailers/1152922700023382856/assets/3045631306895384476,https://developer.microsoft.com/en-us/dashboard/apps/9WZDNCRDPZNH/submissions/1152921505701756398/trailers/1152922700023382856/assets/3045631306895384476,https://developer.microsoft.com/en-us/dashboard/apps/9WZDNCRDPZNH/submissions/1152921505701756398/trailers/1152922700023382856/assets/3045631306895384476,https://developer.microsoft.com/en-us/dashboard/apps/9WZDNCRDPZNH/submissions/1152921505701756398/trailers/1152922700023382856/assets/3045631306895384476,https://developer.microsoft.com/en-us/dashboard/apps/9WZDNCRDPZNH/submissions/1152921505701756398/trailers/1152922700023382856/assets/3045631306895384476,https://developer.microsoft.com/en-us/dashboard/apps/9WZDNCRDPZNH/submissions/1152921505701756398/trailers/1152922700023382856/assets/3045631306895384476,https://developer.microsoft.com/en-us/dashboard/apps/9WZDNCRDPZNH/submissions/1152921505701756398/trailers/1152922700023382856/assets/3045631306895384476,https://developer.microsoft.com/en-us/dashboard/apps/9WZDNCRDPZNH/submissions/1152921505701756398/trailers/1152922700023382856/assets/3045631306895384476,https://developer.microsoft.com/en-us/dashboard/apps/9WZDNCRDPZNH/submissions/1152921505701756398/trailers/1152922700023382856/assets/3045631306895384476,https://developer.microsoft.com/en-us/dashboard/apps/9WZDNCRDPZNH/submissions/1152921505701756398/trailers/1152922700023382856/assets/3045631306895384476,https://developer.microsoft.com/en-us/dashboard/apps/9WZDNCRDPZNH/submissions/1152921505701756398/trailers/1152922700023382856/assets/3045631306895384476,https://developer.microsoft.com/en-us/dashboard/apps/9WZDNCRDPZNH/submissions/1152921505701756398/trailers/1152922700023382856/assets/3045631306895384476,https://developer.microsoft.com/en-us/dashboard/apps/9WZDNCRDPZNH/submissions/1152921505701756398/trailers/1152922700023382856/assets/3045631306895384476,https://developer.microsoft.com/en-us/dashboard/apps/9WZDNCRDPZNH/submissions/1152921505701756398/trailers/1152922700023382856/assets/3045631306895384476,https://developer.microsoft.com/en-us/dashboard/apps/9WZDNCRDPZNH/submissions/1152921505701756398/trailers/1152922700023382856/assets/3045631306895384476,https://developer.microsoft.com/en-us/dashboard/apps/9WZDNCRDPZNH/submissions/1152921505701756398/trailers/1152922700023382856/assets/3045631306895384476,https://developer.microsoft.com/en-us/dashboard/apps/9WZDNCRDPZNH/submissions/1152921505701756398/trailers/1152922700023382856/assets/3045631306895384476,https://developer.microsoft.com/en-us/dashboard/apps/9WZDNCRDPZNH/submissions/1152921505701756398/trailers/1152922700023382856/assets/3045631306895384476,https://developer.microsoft.com/en-us/dashboard/apps/9WZDNCRDPZNH/submissions/1152921505701756398/trailers/1152922700023382856/assets/3045631306895384476,https://developer.microsoft.com/en-us/dashboard/apps/9WZDNCRDPZNH/submissions/1152921505701756398/trailers/1152922700023382856/assets/3045631306895384476,https://developer.microsoft.com/en-us/dashboard/apps/9WZDNCRDPZNH/submissions/1152921505701756398/trailers/1152922700023382856/assets/3045631306895384476,https://developer.microsoft.com/en-us/dashboard/apps/9WZDNCRDPZNH/submissions/1152921505701756398/trailers/1152922700023382856/assets/3045631306895384476,https://developer.microsoft.com/en-us/dashboard/apps/9WZDNCRDPZNH/submissions/1152921505701756398/trailers/1152922700023382856/assets/3045631306895384476,https://developer.microsoft.com/en-us/dashboard/apps/9WZDNCRDPZNH/submissions/1152921505701756398/trailers/1152922700023382856/assets/3045631306895384476,https://developer.microsoft.com/en-us/dashboard/apps/9WZDNCRDPZNH/submissions/1152921505701756398/trailers/1152922700023382856/assets/3045631306895384476,https://developer.microsoft.com/en-us/dashboard/apps/9WZDNCRDPZNH/submissions/1152921505701756398/trailers/1152922700023382856/assets/3045631306895384476,https://developer.microsoft.com/en-us/dashboard/apps/9WZDNCRDPZNH/submissions/1152921505701756398/trailers/1152922700023382856/assets/3045631306895384476,https://developer.microsoft.com/en-us/dashboard/apps/9WZDNCRDPZNH/submissions/1152921505701756398/trailers/1152922700023382856/assets/3045631306895384476,https://developer.microsoft.com/en-us/dashboard/apps/9WZDNCRDPZNH/submissions/1152921505701756398/trailers/1152922700023382856/assets/3045631306895384476,https://developer.microsoft.com/en-us/dashboard/apps/9WZDNCRDPZNH/submissions/1152921505701756398/trailers/1152922700023382856/assets/3045631306895384476,https://developer.microsoft.com/en-us/dashboard/apps/9WZDNCRDPZNH/submissions/1152921505701756398/trailers/1152922700023382856/assets/3045631306895384476,https://developer.microsoft.com/en-us/dashboard/apps/9WZDNCRDPZNH/submissions/1152921505701756398/trailers/1152922700023382856/assets/3045631306895384476,https://developer.microsoft.com/en-us/dashboard/apps/9WZDNCRDPZNH/submissions/1152921505701756398/trailers/1152922700023382856/assets/3045631306895384476,https://developer.microsoft.com/en-us/dashboard/apps/9WZDNCRDPZNH/submissions/1152921505701756398/trailers/1152922700023382856/assets/3045631306895384476,https://developer.microsoft.com/en-us/dashboard/apps/9WZDNCRDPZNH/submissions/1152921505701756398/trailers/1152922700023382856/assets/3045631306895384476,https://developer.microsoft.com/en-us/dashboard/apps/9WZDNCRDPZNH/submissions/1152921505701756398/trailers/1152922700023382856/assets/3045631306895384476,https://developer.microsoft.com/en-us/dashboard/apps/9WZDNCRDPZNH/submissions/1152921505701756398/trailers/1152922700023382856/assets/3045631306895384476,https://developer.microsoft.com/en-us/dashboard/apps/9WZDNCRDPZNH/submissions/1152921505701756398/trailers/1152922700023382856/assets/3045631306895384476,https://developer.microsoft.com/en-us/dashboard/apps/9WZDNCRDPZNH/submissions/1152921505701756398/trailers/1152922700023382856/assets/3045631306895384476,https://developer.microsoft.com/en-us/dashboard/apps/9WZDNCRDPZNH/submissions/1152921505701756398/trailers/1152922700023382856/assets/3045631306895384476,https://developer.microsoft.com/en-us/dashboard/apps/9WZDNCRDPZNH/submissions/1152921505701756398/trailers/1152922700023382856/assets/3045631306895384476,https://developer.microsoft.com/en-us/dashboard/apps/9WZDNCRDPZNH/submissions/1152921505701756398/trailers/1152922700023382856/assets/3045631306895384476,https://developer.microsoft.com/en-us/dashboard/apps/9WZDNCRDPZNH/submissions/1152921505701756398/trailers/1152922700023382856/assets/3045631306895384476,https://developer.microsoft.com/en-us/dashboard/apps/9WZDNCRDPZNH/submissions/1152921505701756398/trailers/1152922700023382856/assets/3045631306895384476,https://developer.microsoft.com/en-us/dashboard/apps/9WZDNCRDPZNH/submissions/1152921505701756398/trailers/1152922700023382856/assets/3045631306895384476,https://developer.microsoft.com/en-us/dashboard/apps/9WZDNCRDPZNH/submissions/1152921505701756398/trailers/1152922700023382856/assets/3045631306895384476,https://developer.microsoft.com/en-us/dashboard/apps/9WZDNCRDPZNH/submissions/1152921505701756398/trailers/1152922700023382856/assets/3045631306895384476,https://developer.microsoft.com/en-us/dashboard/apps/9WZDNCRDPZNH/submissions/1152921505701756398/trailers/1152922700023382856/assets/3045631306895384476,https://developer.microsoft.com/en-us/dashboard/apps/9WZDNCRDPZNH/submissions/1152921505701756398/trailers/1152922700023382856/assets/3045631306895384476,https://developer.microsoft.com/en-us/dashboard/apps/9WZDNCRDPZNH/submissions/1152921505701756398/trailers/1152922700023382856/assets/3045631306895384476,https://developer.microsoft.com/en-us/dashboard/apps/9WZDNCRDPZNH/submissions/1152921505701756398/trailers/1152922700023382856/assets/3045631306895384476,https://developer.microsoft.com/en-us/dashboard/apps/9WZDNCRDPZNH/submissions/1152921505701756398/trailers/1152922700023382856/assets/3045631306895384476,https://developer.microsoft.com/en-us/dashboard/apps/9WZDNCRDPZNH/submissions/1152921505701756398/trailers/1152922700023382856/assets/3045631306895384476,https://developer.microsoft.com/en-us/dashboard/apps/9WZDNCRDPZNH/submissions/1152921505701756398/trailers/1152922700023382856/assets/3045631306895384476
TrailerThumbnail2,1041,Relative path (or URL to file in Partner Center),,,,,,,,,,,,,,,,,,,,,,,,,,,,,,,,,,,,,,,,,,,,,,,,,,,,,,,,,,,,,,,,
TrailerThumbnail3,1042,Relative path (or URL to file in Partner Center),,,,,,,,,,,,,,,,,,,,,,,,,,,,,,,,,,,,,,,,,,,,,,,,,,,,,,,,,,,,,,,,
TrailerThumbnail4,1043,Relative path (or URL to file in Partner Center),,,,,,,,,,,,,,,,,,,,,,,,,,,,,,,,,,,,,,,,,,,,,,,,,,,,,,,,,,,,,,,,
TrailerThumbnail5,1044,Relative path (or URL to file in Partner Center),,,,,,,,,,,,,,,,,,,,,,,,,,,,,,,,,,,,,,,,,,,,,,,,,,,,,,,,,,,,,,,,
TrailerThumbnail6,1045,Relative path (or URL to file in Partner Center),,,,,,,,,,,,,,,,,,,,,,,,,,,,,,,,,,,,,,,,,,,,,,,,,,,,,,,,,,,,,,,,
TrailerThumbnail7,1046,Relative path (or URL to file in Partner Center),,,,,,,,,,,,,,,,,,,,,,,,,,,,,,,,,,,,,,,,,,,,,,,,,,,,,,,,,,,,,,,,
TrailerThumbnail8,1047,Relative path (or URL to file in Partner Center),,,,,,,,,,,,,,,,,,,,,,,,,,,,,,,,,,,,,,,,,,,,,,,,,,,,,,,,,,,,,,,,
TrailerThumbnail9,1048,Relative path (or URL to file in Partner Center),,,,,,,,,,,,,,,,,,,,,,,,,,,,,,,,,,,,,,,,,,,,,,,,,,,,,,,,,,,,,,,,
TrailerThumbnail10,1049,Relative path (or URL to file in Partner Center),,,,,,,,,,,,,,,,,,,,,,,,,,,,,,,,,,,,,,,,,,,,,,,,,,,,,,,,,,,,,,,,
TrailerThumbnail11,1050,Relative path (or URL to file in Partner Center),,,,,,,,,,,,,,,,,,,,,,,,,,,,,,,,,,,,,,,,,,,,,,,,,,,,,,,,,,,,,,,,
TrailerThumbnail12,1051,Relative path (or URL to file in Partner Center),,,,,,,,,,,,,,,,,,,,,,,,,,,,,,,,,,,,,,,,,,,,,,,,,,,,,,,,,,,,,,,,
TrailerThumbnail13,1052,Relative path (or URL to file in Partner Center),,,,,,,,,,,,,,,,,,,,,,,,,,,,,,,,,,,,,,,,,,,,,,,,,,,,,,,,,,,,,,,,
TrailerThumbnail14,1053,Relative path (or URL to file in Partner Center),,,,,,,,,,,,,,,,,,,,,,,,,,,,,,,,,,,,,,,,,,,,,,,,,,,,,,,,,,,,,,,,
TrailerThumbnail15,1054,Relative path (or URL to file in Partner Center),,,,,,,,,,,,,,,,,,,,,,,,,,,,,,,,,,,,,,,,,,,,,,,,,,,,,,,,,,,,,,,,
TrailerClosedCaption1,1055,Relative path (or URL to file in Partner Center),,,,,,,,,,,,,,,,,,,,,,,,,,,,,,,,,,,,,,,,,,,,,,,,,,,,,,,,,,,,,,,,
TrailerClosedCaption2,1056,Relative path (or URL to file in Partner Center),,,,,,,,,,,,,,,,,,,,,,,,,,,,,,,,,,,,,,,,,,,,,,,,,,,,,,,,,,,,,,,,
TrailerClosedCaption3,1057,Relative path (or URL to file in Partner Center),,,,,,,,,,,,,,,,,,,,,,,,,,,,,,,,,,,,,,,,,,,,,,,,,,,,,,,,,,,,,,,,
TrailerClosedCaption4,1058,Relative path (or URL to file in Partner Center),,,,,,,,,,,,,,,,,,,,,,,,,,,,,,,,,,,,,,,,,,,,,,,,,,,,,,,,,,,,,,,,
TrailerClosedCaption5,1059,Relative path (or URL to file in Partner Center),,,,,,,,,,,,,,,,,,,,,,,,,,,,,,,,,,,,,,,,,,,,,,,,,,,,,,,,,,,,,,,,
TrailerClosedCaption6,1060,Relative path (or URL to file in Partner Center),,,,,,,,,,,,,,,,,,,,,,,,,,,,,,,,,,,,,,,,,,,,,,,,,,,,,,,,,,,,,,,,
TrailerClosedCaption7,1061,Relative path (or URL to file in Partner Center),,,,,,,,,,,,,,,,,,,,,,,,,,,,,,,,,,,,,,,,,,,,,,,,,,,,,,,,,,,,,,,,
TrailerClosedCaption8,1062,Relative path (or URL to file in Partner Center),,,,,,,,,,,,,,,,,,,,,,,,,,,,,,,,,,,,,,,,,,,,,,,,,,,,,,,,,,,,,,,,
TrailerClosedCaption9,1063,Relative path (or URL to file in Partner Center),,,,,,,,,,,,,,,,,,,,,,,,,,,,,,,,,,,,,,,,,,,,,,,,,,,,,,,,,,,,,,,,
TrailerClosedCaption10,1064,Relative path (or URL to file in Partner Center),,,,,,,,,,,,,,,,,,,,,,,,,,,,,,,,,,,,,,,,,,,,,,,,,,,,,,,,,,,,,,,,
TrailerClosedCaption11,1065,Relative path (or URL to file in Partner Center),,,,,,,,,,,,,,,,,,,,,,,,,,,,,,,,,,,,,,,,,,,,,,,,,,,,,,,,,,,,,,,,
TrailerClosedCaption12,1066,Relative path (or URL to file in Partner Center),,,,,,,,,,,,,,,,,,,,,,,,,,,,,,,,,,,,,,,,,,,,,,,,,,,,,,,,,,,,,,,,
TrailerClosedCaption13,1067,Relative path (or URL to file in Partner Center),,,,,,,,,,,,,,,,,,,,,,,,,,,,,,,,,,,,,,,,,,,,,,,,,,,,,,,,,,,,,,,,
TrailerClosedCaption14,1068,Relative path (or URL to file in Partner Center),,,,,,,,,,,,,,,,,,,,,,,,,,,,,,,,,,,,,,,,,,,,,,,,,,,,,,,,,,,,,,,,
TrailerClosedCaption15,1069,Relative path (or URL to file in Partner Center),,,,,,,,,,,,,,,,,,,,,,,,,,,,,,,,,,,,,,,,,,,,,,,,,,,,,,,,,,,,,,,,
TrailerAudioDescription1,1070,Relative path (or URL to file in Partner Center),,,,,,,,,,,,,,,,,,,,,,,,,,,,,,,,,,,,,,,,,,,,,,,,,,,,,,,,,,,,,,,,
TrailerAudioDescription2,1071,Relative path (or URL to file in Partner Center),,,,,,,,,,,,,,,,,,,,,,,,,,,,,,,,,,,,,,,,,,,,,,,,,,,,,,,,,,,,,,,,
TrailerAudioDescription3,1072,Relative path (or URL to file in Partner Center),,,,,,,,,,,,,,,,,,,,,,,,,,,,,,,,,,,,,,,,,,,,,,,,,,,,,,,,,,,,,,,,
TrailerAudioDescription4,1073,Relative path (or URL to file in Partner Center),,,,,,,,,,,,,,,,,,,,,,,,,,,,,,,,,,,,,,,,,,,,,,,,,,,,,,,,,,,,,,,,
TrailerAudioDescription5,1074,Relative path (or URL to file in Partner Center),,,,,,,,,,,,,,,,,,,,,,,,,,,,,,,,,,,,,,,,,,,,,,,,,,,,,,,,,,,,,,,,
TrailerAudioDescription6,1075,Relative path (or URL to file in Partner Center),,,,,,,,,,,,,,,,,,,,,,,,,,,,,,,,,,,,,,,,,,,,,,,,,,,,,,,,,,,,,,,,
TrailerAudioDescription7,1076,Relative path (or URL to file in Partner Center),,,,,,,,,,,,,,,,,,,,,,,,,,,,,,,,,,,,,,,,,,,,,,,,,,,,,,,,,,,,,,,,
TrailerAudioDescription8,1077,Relative path (or URL to file in Partner Center),,,,,,,,,,,,,,,,,,,,,,,,,,,,,,,,,,,,,,,,,,,,,,,,,,,,,,,,,,,,,,,,
TrailerAudioDescription9,1078,Relative path (or URL to file in Partner Center),,,,,,,,,,,,,,,,,,,,,,,,,,,,,,,,,,,,,,,,,,,,,,,,,,,,,,,,,,,,,,,,
TrailerAudioDescription10,1079,Relative path (or URL to file in Partner Center),,,,,,,,,,,,,,,,,,,,,,,,,,,,,,,,,,,,,,,,,,,,,,,,,,,,,,,,,,,,,,,,
TrailerAudioDescription11,1080,Relative path (or URL to file in Partner Center),,,,,,,,,,,,,,,,,,,,,,,,,,,,,,,,,,,,,,,,,,,,,,,,,,,,,,,,,,,,,,,,
TrailerAudioDescription12,1081,Relative path (or URL to file in Partner Center),,,,,,,,,,,,,,,,,,,,,,,,,,,,,,,,,,,,,,,,,,,,,,,,,,,,,,,,,,,,,,,,
TrailerAudioDescription13,1082,Relative path (or URL to file in Partner Center),,,,,,,,,,,,,,,,,,,,,,,,,,,,,,,,,,,,,,,,,,,,,,,,,,,,,,,,,,,,,,,,
TrailerAudioDescription14,1083,Relative path (or URL to file in Partner Center),,,,,,,,,,,,,,,,,,,,,,,,,,,,,,,,,,,,,,,,,,,,,,,,,,,,,,,,,,,,,,,,
TrailerAudioDescription15,1084,Relative path (or URL to file in Partner Center),,,,,,,,,,,,,,,,,,,,,,,,,,,,,,,,,,,,,,,,,,,,,,,,,,,,,,,,,,,,,,,,
,,,,,,,,,,,,,,,,,,,,,,,,,,,,,,,,,,,,,,,,,,,,,,,,,,,,,,,,,,,,,,,,,,
,,,,,,,,,,,,,,,,,,,,,,,,,,,,,,,,,,,,,,,,,,,,,,,,,,,,,,,,,,,,,,,,,,
,,,,,,,,,,,,,,,,,,,,,,,,,,,,,,,,,,,,,,,,,,,,,,,,,,,,,,,,,,,,,,,,,,
,,,,,,,,,,,,,,,,,,,,,,,,,,,,,,,,,,,,,,,,,,,,,,,,,,,,,,,,,,,,,,,,,,
,,,,,,,,,,,,,,,,,,,,,,,,,,,,,,,,,,,,,,,,,,,,,,,,,,,,,,,,,,,,,,,,,,
,,,,,,,,,,,,,,,,,,,,,,,,,,,,,,,,,,,,,,,,,,,,,,,,,,,,,,,,,,,,,,,,,,
,,,,,,,,,,,,,,,,,,,,,,,,,,,,,,,,,,,,,,,,,,,,,,,,,,,,,,,,,,,,,,,,,,
,,,,,,,,,,,,,,,,,,,,,,,,,,,,,,,,,,,,,,,,,,,,,,,,,,,,,,,,,,,,,,,,,,
,,,,,,,,,,,,,,,,,,,,,,,,,,,,,,,,,,,,,,,,,,,,,,,,,,,,,,,,,,,,,,,,,,
,,,,,,,,,,,,,,,,,,,,,,,,,,,,,,,,,,,,,,,,,,,,,,,,,,,,,,,,,,,,,,,,,,
,,,,,,,,,,,,,,,,,,,,,,,,,,,,,,,,,,,,,,,,,,,,,,,,,,,,,,,,,,,,,,,,,,
,,,,,,,,,,,,,,,,,,,,,,,,,,,,,,,,,,,,,,,,,,,,,,,,,,,,,,,,,,,,,,,,,,
,,,,,,,,,,,,,,,,,,,,,,,,,,,,,,,,,,,,,,,,,,,,,,,,,,,,,,,,,,,,,,,,,,
,,,,,,,,,,,,,,,,,,,,,,,,,,,,,,,,,,,,,,,,,,,,,,,,,,,,,,,,,,,,,,,,,,
,,,,,,,,,,,,,,,,,,,,,,,,,,,,,,,,,,,,,,,,,,,,,,,,,,,,,,,,,,,,,,,,,,
,,,,,,,,,,,,,,,,,,,,,,,,,,,,,,,,,,,,,,,,,,,,,,,,,,,,,,,,,,,,,,,,,,
,,,,,,,,,,,,,,,,,,,,,,,,,,,,,,,,,,,,,,,,,,,,,,,,,,,,,,,,,,,,,,,,,,
,,,,,,,,,,,,,,,,,,,,,,,,,,,,,,,,,,,,,,,,,,,,,,,,,,,,,,,,,,,,,,,,,,
,,,,,,,,,,,,,,,,,,,,,,,,,,,,,,,,,,,,,,,,,,,,,,,,,,,,,,,,,,,,,,,,,,
,,,,,,,,,,,,,,,,,,,,,,,,,,,,,,,,,,,,,,,,,,,,,,,,,,,,,,,,,,,,,,,,,,
,,,,,,,,,,,,,,,,,,,,,,,,,,,,,,,,,,,,,,,,,,,,,,,,,,,,,,,,,,,,,,,,,,
,,,,,,,,,,,,,,,,,,,,,,,,,,,,,,,,,,,,,,,,,,,,,,,,,,,,,,,,,,,,,,,,,,
,,,,,,,,,,,,,,,,,,,,,,,,,,,,,,,,,,,,,,,,,,,,,,,,,,,,,,,,,,,,,,,,,,
,,,,,,,,,,,,,,,,,,,,,,,,,,,,,,,,,,,,,,,,,,,,,,,,,,,,,,,,,,,,,,,,,,
